vessel_id,ts,lat,lon,speed_knots,course_deg,status
V001,2026-09-09T04:00:00+00:00,19.38269,87.39014,13.8,180.0,underway
V001,2026-09-09T04:20:00+00:00,19.33326,87.39179,14.4,359.3,underway
V001,2026-09-09T04:40:00+00:00,19.39823,87.38428,11.7,353.7,underway
V001,2026-09-09T05:00:00+00:00,19.47123,87.3577,13.8,340.9,underway
V001,2026-09-09T05:20:00+00:00,19.52518,87.31671,11.9,324.2,underway
V001,2026-09-09T05:40:00+00:00,19.55343,87.30025,12.1,137.6,underway
V001,2026-09-09T06:00:00+00:00,19.50098,87.35436,13.1,135.6,underway
V001,2026-09-09T06:20:00+00:00,19.46695,87.42031,12.8,118.5,underway
V001,2026-09-09T06:40:00+00:00,19.44935,87.48891,12.1,105.1,underway
V001,2026-09-09T07:00:00+00:00,19.42202,87.51739,12.4,287.4,underway
V001,2026-09-09T07:20:00+00:00,19.45809,87.46485,11.0,305.9,underway
V001,2026-09-09T07:40:00+00:00,19.50597,87.40074,13.9,308.2,underway
V001,2026-09-09T08:00:00+00:00,19.55831,87.35598,12.1,320.9,underway
V001,2026-09-09T08:20:00+00:00,19.57052,87.32528,12.7,150.9,underway
V001,2026-09-09T08:40:00+00:00,19.51191,87.3444,11.0,162.8,underway
V001,2026-09-09T09:00:00+00:00,19.45698,87.38264,11.8,146.5,underway
V001,2026-09-09T09:20:00+00:00,19.40171,87.41051,11.0,154.4,underway
V001,2026-09-09T09:40:00+00:00,19.339,87.42984,12.0,342.7,underway
V001,2026-09-09T10:00:00+00:00,19.41173,87.41043,13.4,345.8,underway
V001,2026-09-09T10:20:00+00:00,19.48447,87.3879,13.6,343.6,underway
V001,2026-09-09T10:40:00+00:00,19.55203,87.38678,12.1,359.1,underway
V001,2026-09-09T11:00:00+00:00,19.5858,87.4039,12.1,185.9,underway
V001,2026-09-09T11:20:00+00:00,19.51611,87.39046,12.7,190.4,underway
V001,2026-09-09T11:40:00+00:00,19.44988,87.39156,11.9,179.1,underway
V001,2026-09-09T12:00:00+00:00,19.38196,87.38069,12.3,188.6,underway
V001,2026-09-09T12:20:00+00:00,19.33783,87.35457,12.7,15.5,underway
V001,2026-09-09T12:40:00+00:00,19.40657,87.35724,12.3,2.1,underway
V001,2026-09-09T13:00:00+00:00,19.469,87.34941,11.3,353.2,underway
V001,2026-09-09T13:20:00+00:00,19.5401,87.3368,12.9,350.4,underway
V001,2026-09-09T13:40:00+00:00,19.58032,87.34903,14.7,162.1,underway
V001,2026-09-09T14:00:00+00:00,19.51318,87.3623,12.2,169.4,underway
V001,2026-09-09T14:20:00+00:00,19.57147,87.29167,11.0,158.6,underway
V001,2026-09-09T14:40:00+00:00,19.64665,87.22762,13.3,144.7,underway
V001,2026-09-09T15:00:00+00:00,19.75879,87.15071,14.0,316.8,underway
V001,2026-09-09T15:20:00+00:00,19.90154,87.02125,2.5,264.1,reduced speed
V001,2026-09-09T15:40:00+00:00,20.02984,86.90878,2.2,249.9,reduced speed
V001,2026-09-09T16:00:00+00:00,20.15,86.82,0.6,334.3,stopped
V001,2026-09-09T16:20:00+00:00,20.03613,86.89282,1.4,53.1,stopped
V001,2026-09-09T16:40:00+00:00,19.91331,86.99002,0.7,151.1,stopped
V001,2026-09-09T17:00:00+00:00,19.77708,87.10673,12.5,120.7,underway
V001,2026-09-09T17:20:00+00:00,19.61525,87.24156,14.5,332.2,underway
V001,2026-09-09T17:40:00+00:00,19.53797,87.32463,13.0,339.4,underway
V001,2026-09-09T18:00:00+00:00,19.47792,87.39538,12.3,335.3,underway
V001,2026-09-09T18:20:00+00:00,19.54003,87.3643,12.3,334.6,underway
V001,2026-09-09T18:40:00+00:00,19.57241,87.32902,14.7,152.7,underway
V001,2026-09-09T19:00:00+00:00,19.51829,87.36145,11.2,150.4,underway
V001,2026-09-09T19:20:00+00:00,19.46228,87.38973,11.1,154.4,underway
V001,2026-09-09T19:40:00+00:00,19.39616,87.4192,12.9,157.1,underway
V001,2026-09-09T20:00:00+00:00,19.33698,87.42224,13.2,346.1,underway
V001,2026-09-09T20:20:00+00:00,19.39216,87.38714,11.5,328.9,underway
V001,2026-09-09T20:40:00+00:00,19.45195,87.34124,13.3,323.9,underway
V001,2026-09-09T21:00:00+00:00,19.52169,87.31757,13.1,342.1,underway
V001,2026-09-09T21:20:00+00:00,19.56179,87.31098,11.2,143.6,underway
V001,2026-09-09T21:40:00+00:00,19.49646,87.36259,14.6,143.1,underway
V001,2026-09-09T22:00:00+00:00,19.44359,87.40556,12.0,142.4,underway
V001,2026-09-09T22:20:00+00:00,19.39633,87.46901,13.7,128.1,underway
V001,2026-09-09T22:40:00+00:00,19.37286,87.48701,12.6,313.4,underway
V001,2026-09-09T23:00:00+00:00,19.42837,87.4398,12.8,321.1,underway
V001,2026-09-09T23:20:00+00:00,19.47973,87.3737,14.5,309.3,underway
V001,2026-09-09T23:40:00+00:00,19.52154,87.30782,13.5,303.8,underway
V001,2026-09-10T00:00:00+00:00,19.54707,87.29341,13.7,133.5,underway
V001,2026-09-10T00:20:00+00:00,19.50404,87.35706,13.3,125.5,underway
V001,2026-09-10T00:40:00+00:00,19.47829,87.4354,14.1,109.1,underway
V001,2026-09-10T01:00:00+00:00,19.45111,87.51478,14.3,109.8,underway
V001,2026-09-10T01:20:00+00:00,19.4429,87.52229,11.6,277.7,underway
V001,2026-09-10T01:40:00+00:00,19.45446,87.44844,12.7,279.4,underway
V001,2026-09-10T02:00:00+00:00,19.47326,87.37358,13.2,284.8,underway
V001,2026-09-10T02:20:00+00:00,19.50733,87.30112,13.7,296.4,underway
V001,2026-09-10T02:40:00+00:00,19.50982,87.26755,11.7,113.2,underway
V001,2026-09-10T03:00:00+00:00,19.48416,87.34487,13.9,109.3,underway
V001,2026-09-10T03:20:00+00:00,19.47521,87.41888,12.7,97.3,underway
V001,2026-09-10T03:40:00+00:00,19.45194,87.50162,14.7,106.5,underway
V001,2026-09-10T04:00:00+00:00,19.42978,87.51967,12.6,283.7,underway
V001,2026-09-10T04:20:00+00:00,19.43169,87.44244,13.1,271.5,underway
V001,2026-09-10T04:40:00+00:00,19.42526,87.36069,13.9,265.3,underway
V001,2026-09-10T05:00:00+00:00,19.4302,87.28964,12.1,274.2,underway
V001,2026-09-10T05:20:00+00:00,19.45535,87.25681,11.0,88.0,underway
V001,2026-09-10T05:40:00+00:00,19.47703,87.32728,12.6,72.0,underway
V001,2026-09-10T06:00:00+00:00,19.50624,87.39498,12.6,65.6,underway
V001,2026-09-10T06:20:00+00:00,19.51269,87.47205,13.2,85.0,underway
V001,2026-09-10T06:40:00+00:00,19.52306,87.50569,14.4,240.1,underway
V001,2026-09-10T07:00:00+00:00,19.47927,87.44261,13.3,233.8,underway
V001,2026-09-10T07:20:00+00:00,19.45505,87.38192,11.2,247.2,underway
V001,2026-09-10T07:40:00+00:00,19.42038,87.31102,13.6,242.7,underway
V001,2026-09-10T08:00:00+00:00,19.3903,87.27866,14.3,56.7,underway
V001,2026-09-10T08:20:00+00:00,19.43377,87.34177,13.3,54.0,underway
V001,2026-09-10T08:40:00+00:00,19.49799,87.39368,14.5,37.5,underway
V001,2026-09-10T09:00:00+00:00,19.5464,87.44718,12.6,46.4,underway
V001,2026-09-10T09:20:00+00:00,19.55532,87.47774,11.1,221.1,underway
V001,2026-09-10T09:40:00+00:00,19.48254,87.43795,14.7,207.4,underway
V001,2026-09-10T10:00:00+00:00,19.41033,87.42655,13.1,188.5,underway
V001,2026-09-10T10:20:00+00:00,19.33645,87.4168,13.3,187.1,underway
V001,2026-09-10T10:40:00+00:00,19.33344,87.39737,13.1,356.9,underway
V001,2026-09-10T11:00:00+00:00,19.41398,87.39122,14.5,355.9,underway
V001,2026-09-10T11:20:00+00:00,19.48255,87.36787,12.9,342.1,underway
V001,2026-09-10T11:40:00+00:00,19.54453,87.31857,13.9,322.9,underway
V001,2026-09-10T12:00:00+00:00,19.56379,87.31393,11.1,145.2,underway
V001,2026-09-10T12:20:00+00:00,19.50669,87.34179,11.3,155.2,underway
V001,2026-09-10T12:40:00+00:00,19.44281,87.34813,11.5,174.6,underway
V001,2026-09-10T13:00:00+00:00,19.38321,87.33755,10.8,189.6,underway
V001,2026-09-10T13:20:00+00:00,19.33934,87.34924,12.7,17.8,underway
V001,2026-09-10T13:40:00+00:00,19.39837,87.38285,12.0,28.4,underway
V001,2026-09-10T14:00:00+00:00,19.46619,87.42437,14.1,30.2,underway
V001,2026-09-10T14:20:00+00:00,19.54069,87.44191,13.7,12.6,underway
V001,2026-09-10T14:40:00+00:00,19.56943,87.45696,13.4,210.1,underway
V001,2026-09-10T15:00:00+00:00,19.51697,87.406,12.8,222.7,underway
V001,2026-09-10T15:20:00+00:00,19.47228,87.33682,14.2,235.8,underway
V001,2026-09-10T15:40:00+00:00,19.42458,87.29314,11.3,221.0,underway
V001,2026-09-10T16:00:00+00:00,19.39044,87.27857,14.2,56.7,underway
V001,2026-09-10T16:20:00+00:00,19.41816,87.35017,13.1,67.8,underway
V001,2026-09-10T16:40:00+00:00,19.43038,87.41545,11.3,78.8,underway
V001,2026-09-10T17:00:00+00:00,19.46207,87.48548,13.2,64.5,underway
V001,2026-09-10T17:20:00+00:00,19.49706,87.5176,11.0,252.9,underway
V001,2026-09-10T17:40:00+00:00,19.48487,87.4432,12.8,260.2,underway
V001,2026-09-10T18:00:00+00:00,19.47082,87.36328,13.8,259.5,underway
V001,2026-09-10T18:20:00+00:00,19.47597,87.29916,10.9,274.8,underway
V001,2026-09-10T18:40:00+00:00,19.4669,87.25693,10.9,93.2,underway
V001,2026-09-10T19:00:00+00:00,19.48251,87.32872,12.5,77.1,underway
V001,2026-09-10T19:20:00+00:00,19.52454,87.40017,14.3,58.2,underway
V001,2026-09-10T19:40:00+00:00,19.57481,87.44603,12.0,204.8,underway
V001,2026-09-10T20:00:00+00:00,19.5218,87.39262,13.1,223.7,underway
V001,2026-09-10T20:20:00+00:00,19.46564,87.35608,11.8,211.7,underway
V001,2026-09-10T20:40:00+00:00,19.39964,87.3126,13.9,212.0,underway
V001,2026-09-10T21:00:00+00:00,19.36761,87.29875,11.7,43.2,underway
V001,2026-09-10T21:20:00+00:00,19.42456,87.357,14.2,44.2,underway
V001,2026-09-10T21:40:00+00:00,19.46322,87.4313,14.4,61.3,underway
V001,2026-09-10T22:00:00+00:00,19.47771,87.49734,11.5,77.0,underway
V001,2026-09-10T22:20:00+00:00,19.48622,87.52057,12.4,258.0,underway
V001,2026-09-10T22:40:00+00:00,19.46743,87.45296,12.0,253.7,underway
V001,2026-09-10T23:00:00+00:00,19.45601,87.38086,12.4,260.5,underway
V001,2026-09-10T23:20:00+00:00,19.43218,87.31537,11.9,249.0,underway
V001,2026-09-10T23:40:00+00:00,19.39898,87.27316,13.8,61.3,underway
V001,2026-09-11T00:00:00+00:00,19.41334,87.34983,13.3,78.8,underway
V001,2026-09-11T00:20:00+00:00,19.43195,87.41596,11.7,73.5,underway
V001,2026-09-11T00:40:00+00:00,19.46817,87.47939,12.6,59.0,underway
V001,2026-09-11T01:00:00+00:00,19.48649,87.52051,11.1,257.9,underway
V001,2026-09-11T01:20:00+00:00,19.49009,87.45377,11.4,273.3,underway
V001,2026-09-11T01:40:00+00:00,19.50132,87.38652,11.6,280.0,underway
V001,2026-09-11T02:00:00+00:00,19.52696,87.30445,14.7,288.2,underway
V001,2026-09-11T02:20:00+00:00,19.52241,87.27413,12.4,119.6,underway
V001,2026-09-11T02:40:00+00:00,19.49737,87.33374,11.1,113.9,underway
V001,2026-09-11T03:00:00+00:00,19.47599,87.40104,12.1,108.5,underway
V001,2026-09-11T03:20:00+00:00,19.4541,87.47718,13.5,106.9,underway
V001,2026-09-11T03:40:00+00:00,19.44268,87.52226,12.8,277.8,underway
V001,2026-09-11T04:00:00+00:00,19.44214,87.43664,14.6,269.6,underway
V001,2026-09-11T04:20:00+00:00,19.42017,87.35524,14.4,254.1,underway
V001,2026-09-11T04:40:00+00:00,19.38556,87.28211,14.2,54.1,underway
V001,2026-09-11T05:00:00+00:00,19.43788,87.3243,11.8,37.4,underway
V001,2026-09-11T05:20:00+00:00,19.47573,87.3785,11.4,53.7,underway
V001,2026-09-11T05:40:00+00:00,19.51011,87.4524,14.0,63.9,underway
V001,2026-09-11T06:00:00+00:00,19.51634,87.50949,13.4,243.5,underway
V001,2026-09-11T06:20:00+00:00,19.50598,87.43775,12.3,261.3,underway
V001,2026-09-11T06:40:00+00:00,19.49706,87.36321,12.8,262.8,underway
V001,2026-09-11T07:00:00+00:00,19.48841,87.29309,12.0,262.6,underway
V001,2026-09-11T07:20:00+00:00,19.46504,87.25684,13.9,92.3,underway
V001,2026-09-11T07:40:00+00:00,19.47934,87.33955,14.3,79.7,underway
V001,2026-09-11T08:00:00+00:00,19.4995,87.3993,10.8,70.4,underway
V001,2026-09-11T08:20:00+00:00,19.5381,87.45523,11.8,54.0,underway
V001,2026-09-11T08:40:00+00:00,19.54755,87.48632,11.6,226.2,underway
V001,2026-09-11T09:00:00+00:00,19.49744,87.44691,11.2,216.7,underway
V001,2026-09-11T09:20:00+00:00,19.41909,87.42135,14.7,197.2,underway
V001,2026-09-11T09:40:00+00:00,19.34119,87.40102,14.4,193.9,underway
V001,2026-09-11T10:00:00+00:00,19.33342,87.38315,10.9,3.0,underway
V001,2026-09-11T10:20:00+00:00,19.4126,87.39992,14.5,11.4,underway
V001,2026-09-11T10:40:00+00:00,19.46939,87.43466,11.8,30.1,underway
V001,2026-09-11T11:00:00+00:00,19.54634,87.46005,14.4,17.4,underway
V001,2026-09-11T11:20:00+00:00,19.56772,87.45996,12.8,211.6,underway
V001,2026-09-11T11:40:00+00:00,19.50209,87.43504,12.5,199.8,underway
V001,2026-09-11T12:00:00+00:00,19.44325,87.40387,11.8,206.7,underway
V001,2026-09-11T12:20:00+00:00,19.37937,87.34966,14.7,218.8,underway
V001,2026-09-11T12:40:00+00:00,19.34368,87.33711,10.8,23.4,underway
V001,2026-09-11T13:00:00+00:00,19.41848,87.3716,14.6,23.6,underway
V001,2026-09-11T13:20:00+00:00,19.47804,87.39981,11.7,24.2,underway
V001,2026-09-11T13:40:00+00:00,19.54709,87.42934,13.3,22.1,underway
V001,2026-09-11T14:00:00+00:00,19.57432,87.44712,13.3,205.3,underway
V001,2026-09-11T14:20:00+00:00,19.50343,87.40884,14.3,207.1,underway
V001,2026-09-11T14:40:00+00:00,19.45707,87.35834,11.9,226.0,underway
V001,2026-09-11T15:00:00+00:00,19.40359,87.31952,11.6,214.6,underway
V001,2026-09-11T15:20:00+00:00,19.35863,87.31,14.2,36.9,underway
V001,2026-09-11T15:40:00+00:00,19.4023,87.35775,11.3,46.1,underway
V002,2026-09-09T04:00:00+00:00,19.30039,87.16383,10.5,78.9,underway
V002,2026-09-09T04:20:00+00:00,19.3249,87.21971,10.5,65.2,underway
V002,2026-09-09T04:40:00+00:00,19.34066,87.22481,12.5,246.0,underway
V002,2026-09-09T05:00:00+00:00,19.33523,87.16114,10.9,264.9,underway
V002,2026-09-09T05:20:00+00:00,19.31667,87.09001,12.6,254.6,underway
V002,2026-09-09T05:40:00+00:00,19.29463,87.03528,10.1,247.0,underway
V002,2026-09-09T06:00:00+00:00,19.25578,86.99132,10.2,227.1,underway
V002,2026-09-09T06:20:00+00:00,19.23238,86.98399,10.7,63.4,underway
V002,2026-09-09T06:40:00+00:00,19.26966,87.03319,10.7,51.4,underway
V002,2026-09-09T07:00:00+00:00,19.316,87.06322,9.7,31.6,underway
V002,2026-09-09T07:20:00+00:00,19.37144,87.07909,10.3,15.2,underway
V002,2026-09-09T07:40:00+00:00,19.41338,87.07772,8.8,169.0,underway
V002,2026-09-09T08:00:00+00:00,19.36253,87.09596,9.6,161.2,underway
V002,2026-09-09T08:20:00+00:00,19.30435,87.11282,10.8,164.6,underway
V002,2026-09-09T08:40:00+00:00,19.24142,87.11905,11.3,174.6,underway
V002,2026-09-09T09:00:00+00:00,19.17338,87.11496,12.2,183.3,underway
V002,2026-09-09T09:20:00+00:00,19.16281,87.11271,10.0,355.9,underway
V002,2026-09-09T09:40:00+00:00,19.21284,87.12708,9.3,15.3,underway
V002,2026-09-09T10:00:00+00:00,19.27019,87.15423,11.3,24.2,underway
V002,2026-09-09T10:20:00+00:00,19.33701,87.1616,12.0,6.0,underway
V002,2026-09-09T10:40:00+00:00,19.39078,87.18249,11.2,216.6,underway
V002,2026-09-09T11:00:00+00:00,19.34441,87.1321,11.9,225.9,underway
V002,2026-09-09T11:20:00+00:00,19.29306,87.09899,10.8,211.5,underway
V002,2026-09-09T11:40:00+00:00,19.23589,87.06188,12.0,211.7,underway
V002,2026-09-09T12:00:00+00:00,19.19229,87.01723,12.0,40.1,underway
V002,2026-09-09T12:20:00+00:00,19.24196,87.06682,12.3,43.5,underway
V002,2026-09-09T12:40:00+00:00,19.2824,87.11903,11.5,50.8,underway
V002,2026-09-09T13:00:00+00:00,19.3201,87.15234,8.8,40.0,underway
V002,2026-09-09T13:20:00+00:00,19.37124,87.17782,10.1,25.3,underway
V002,2026-09-09T13:40:00+00:00,19.39988,87.16762,12.0,209.0,underway
V002,2026-09-09T14:00:00+00:00,19.34643,87.13343,11.2,211.3,underway
V002,2026-09-09T14:20:00+00:00,19.29511,87.09369,11.4,216.3,underway
V002,2026-09-09T14:40:00+00:00,19.25575,87.06369,8.7,215.9,underway
V002,2026-09-09T15:00:00+00:00,19.21195,87.01281,11.7,227.8,underway
V002,2026-09-09T15:20:00+00:00,19.20439,87.00408,10.8,48.0,underway
V002,2026-09-09T15:40:00+00:00,19.23351,87.04686,9.0,54.4,underway
V002,2026-09-09T16:00:00+00:00,19.25737,87.09802,9.7,63.9,underway
V002,2026-09-09T16:20:00+00:00,19.29463,87.13982,9.8,46.8,underway
V002,2026-09-09T16:40:00+00:00,19.32432,87.18615,9.5,56.0,underway
V002,2026-09-09T17:00:00+00:00,19.34102,87.22464,12.6,245.8,underway
V002,2026-09-09T17:20:00+00:00,19.3174,87.16997,10.2,245.5,underway
V002,2026-09-09T17:40:00+00:00,19.29014,87.10927,11.4,244.7,underway
V002,2026-09-09T18:00:00+00:00,19.27441,87.04583,11.2,255.4,underway
V002,2026-09-09T18:20:00+00:00,19.26663,86.99358,9.0,261.1,underway
V002,2026-09-09T18:40:00+00:00,19.25457,86.97492,9.7,74.2,underway
V002,2026-09-09T19:00:00+00:00,19.26044,87.03282,9.9,83.9,underway
V002,2026-09-09T19:20:00+00:00,19.26332,87.08409,8.7,86.6,underway
V002,2026-09-09T19:40:00+00:00,19.28283,87.13767,9.8,69.0,underway
V002,2026-09-09T20:00:00+00:00,19.29839,87.20298,11.5,75.9,underway
V002,2026-09-09T20:20:00+00:00,19.30261,87.2356,9.9,263.9,underway
V002,2026-09-09T20:40:00+00:00,19.297,87.17389,10.6,264.5,underway
V002,2026-09-09T21:00:00+00:00,19.29093,87.12042,9.2,263.2,underway
V002,2026-09-09T21:20:00+00:00,19.29915,87.06535,9.5,278.9,underway
V002,2026-09-09T21:40:00+00:00,19.33181,87.00087,12.4,298.1,underway
V002,2026-09-09T22:00:00+00:00,19.32907,86.97669,10.5,108.4,underway
V002,2026-09-09T22:20:00+00:00,19.29273,87.03983,12.6,121.2,underway
V002,2026-09-09T22:40:00+00:00,19.26615,87.08993,9.8,119.2,underway
V002,2026-09-09T23:00:00+00:00,19.24512,87.1598,12.5,107.6,underway
V002,2026-09-09T23:20:00+00:00,19.23869,87.22417,11.0,96.0,underway
V002,2026-09-09T23:40:00+00:00,19.2597,87.23272,10.8,283.4,underway
V002,2026-09-10T00:00:00+00:00,19.28662,87.18654,9.2,301.5,underway
V002,2026-09-10T00:20:00+00:00,19.32848,87.14147,10.7,314.3,underway
V002,2026-09-10T00:40:00+00:00,19.38401,87.10748,11.5,329.8,underway
V002,2026-09-10T01:00:00+00:00,19.41108,87.06744,12.3,164.5,underway
V002,2026-09-10T01:20:00+00:00,19.36392,87.08175,8.8,163.9,underway
V002,2026-09-10T01:40:00+00:00,19.31575,87.11851,10.7,144.1,underway
V002,2026-09-10T02:00:00+00:00,19.27214,87.15424,9.9,142.1,underway
V002,2026-09-10T02:20:00+00:00,19.41146,87.19753,10.1,127.7,underway
V002,2026-09-10T02:40:00+00:00,19.57788,87.20609,12.1,299.5,underway
V002,2026-09-10T03:00:00+00:00,19.75882,87.16569,11.7,279.5,underway
V002,2026-09-10T03:20:00+00:00,19.93924,87.15393,2.3,333.1,reduced speed
V002,2026-09-10T03:40:00+00:00,20.11655,87.15833,0.9,270.1,stopped
V002,2026-09-10T04:00:00+00:00,20.28,87.18,2.3,6.2,reduced speed
V002,2026-09-10T04:20:00+00:00,20.12859,87.15033,1.2,170.6,stopped
V002,2026-09-10T04:40:00+00:00,19.95927,87.13129,2.4,110.6,reduced speed
V002,2026-09-10T05:00:00+00:00,19.77511,87.12446,10.4,145.0,underway
V002,2026-09-10T05:20:00+00:00,19.58302,87.13012,8.9,136.0,underway
V002,2026-09-10T05:40:00+00:00,19.38071,87.16861,12.0,120.1,underway
V002,2026-09-10T06:00:00+00:00,19.20377,87.20156,12.4,312.4,underway
V002,2026-09-10T06:20:00+00:00,19.2329,87.15314,9.8,302.3,underway
V002,2026-09-10T06:40:00+00:00,19.26147,87.10645,9.5,302.8,underway
V002,2026-09-10T07:00:00+00:00,19.29397,87.04135,12.5,297.7,underway
V002,2026-09-10T07:20:00+00:00,19.3395,86.99012,11.9,313.1,underway
V002,2026-09-10T07:40:00+00:00,19.3592,86.99217,12.3,123.6,underway
V002,2026-09-10T08:00:00+00:00,19.31179,87.03221,10.9,141.3,underway
V002,2026-09-10T08:20:00+00:00,19.2688,87.05829,8.9,150.0,underway
V002,2026-09-10T08:40:00+00:00,19.21397,87.08006,10.5,159.3,underway
V002,2026-09-10T09:00:00+00:00,19.16284,87.09305,11.3,4.3,underway
V002,2026-09-10T09:20:00+00:00,19.21233,87.08921,8.9,355.8,underway
V002,2026-09-10T09:40:00+00:00,19.26241,87.10123,9.2,12.9,underway
V002,2026-09-10T10:00:00+00:00,19.31743,87.11327,10.1,11.7,underway
V002,2026-09-10T10:20:00+00:00,19.38233,87.11762,11.6,3.6,underway
V002,2026-09-10T10:40:00+00:00,19.41214,87.13451,9.7,193.6,underway
V002,2026-09-10T11:00:00+00:00,19.36018,87.11475,9.9,199.9,underway
V002,2026-09-10T11:20:00+00:00,19.30709,87.09199,10.3,202.2,underway
V002,2026-09-10T11:40:00+00:00,19.25557,87.08355,9.3,188.9,underway
V002,2026-09-10T12:00:00+00:00,19.1869,87.08713,12.3,177.2,underway
V002,2026-09-10T12:20:00+00:00,19.16288,87.09249,9.6,4.6,underway
V002,2026-09-10T12:40:00+00:00,19.22904,87.11897,12.7,20.8,underway
V002,2026-09-10T13:00:00+00:00,19.27792,87.13651,9.2,18.8,underway
V002,2026-09-10T13:20:00+00:00,19.32814,87.14255,9.1,6.5,underway
V002,2026-09-10T13:40:00+00:00,19.3787,87.14273,9.1,0.2,underway
V002,2026-09-10T14:00:00+00:00,19.41335,87.1287,9.7,191.1,underway
V002,2026-09-10T14:20:00+00:00,19.347,87.11148,12.2,193.9,underway
V002,2026-09-10T14:40:00+00:00,19.29418,87.08692,10.3,203.8,underway
V002,2026-09-10T15:00:00+00:00,19.23773,87.06482,10.8,200.4,underway
V002,2026-09-10T15:20:00+00:00,19.18368,87.04908,10.0,195.5,underway
V002,2026-09-10T15:40:00+00:00,19.16811,87.06384,9.8,17.1,underway
V002,2026-09-10T16:00:00+00:00,19.20972,87.09548,9.2,35.9,underway
V002,2026-09-10T16:20:00+00:00,19.26036,87.13418,11.2,36.0,underway
V002,2026-09-10T16:40:00+00:00,19.29429,87.17751,9.6,50.5,underway
V002,2026-09-10T17:00:00+00:00,19.33488,87.2151,9.7,41.3,underway
V002,2026-09-10T17:20:00+00:00,19.35813,87.21481,10.5,237.0,underway
V002,2026-09-10T17:40:00+00:00,19.3408,87.14618,12.1,255.1,underway
V002,2026-09-10T18:00:00+00:00,19.34082,87.0946,8.8,270.0,underway
V002,2026-09-10T18:20:00+00:00,19.3202,87.03043,11.5,251.3,underway
V002,2026-09-10T18:40:00+00:00,19.31629,86.97298,10.6,102.4,underway
V002,2026-09-10T19:00:00+00:00,19.303,87.0221,8.7,105.9,underway
V002,2026-09-10T19:20:00+00:00,19.28914,87.09348,12.4,101.6,underway
V002,2026-09-10T19:40:00+00:00,19.26101,87.1582,12.1,114.6,underway
V002,2026-09-10T20:00:00+00:00,19.22382,87.1995,9.7,133.5,underway
V002,2026-09-10T20:20:00+00:00,19.22002,87.21479,9.3,303.1,underway
V002,2026-09-10T20:40:00+00:00,19.25563,87.15913,11.4,304.0,underway
V002,2026-09-10T21:00:00+00:00,19.3063,87.11689,11.6,321.6,underway
V002,2026-09-10T21:20:00+00:00,19.36164,87.07981,11.8,327.5,underway
V002,2026-09-10T21:40:00+00:00,19.40418,87.04757,10.9,155.4,underway
V002,2026-09-10T22:00:00+00:00,19.35596,87.09499,11.8,136.9,underway
V002,2026-09-10T22:20:00+00:00,19.31512,87.15361,12.4,126.2,underway
V002,2026-09-10T22:40:00+00:00,19.27806,87.19681,9.9,132.1,underway
V002,2026-09-10T23:00:00+00:00,19.25714,87.23205,9.7,284.6,underway
V002,2026-09-10T23:20:00+00:00,19.27915,87.16866,11.5,290.1,underway
V002,2026-09-10T23:40:00+00:00,19.28312,87.11611,9.0,274.6,underway
V002,2026-09-11T00:00:00+00:00,19.28905,87.05164,11.0,275.5,underway
V002,2026-09-11T00:20:00+00:00,19.29004,86.99533,9.6,271.1,underway
V002,2026-09-11T00:40:00+00:00,19.29351,86.96995,8.7,92.0,underway
V002,2026-09-11T01:00:00+00:00,19.2996,87.03152,10.5,84.1,underway
V002,2026-09-11T01:20:00+00:00,19.28607,87.09618,11.3,102.4,underway
V002,2026-09-11T01:40:00+00:00,19.25851,87.15125,10.6,117.8,underway
V002,2026-09-11T02:00:00+00:00,19.24257,87.20559,9.7,107.2,underway
V002,2026-09-11T02:20:00+00:00,19.22716,87.21933,11.5,299.3,underway
V002,2026-09-11T02:40:00+00:00,19.24519,87.17137,8.8,291.6,underway
V002,2026-09-11T03:00:00+00:00,19.2685,87.10911,11.4,291.5,underway
V002,2026-09-11T03:20:00+00:00,19.28556,87.05489,9.7,288.3,underway
V002,2026-09-11T03:40:00+00:00,19.31481,86.98891,12.4,295.0,underway
V002,2026-09-11T04:00:00+00:00,19.31878,86.97359,8.8,103.6,underway
V002,2026-09-11T04:20:00+00:00,19.31164,87.03407,10.4,97.1,underway
V002,2026-09-11T04:40:00+00:00,19.29848,87.08805,9.5,104.4,underway
V002,2026-09-11T05:00:00+00:00,19.2697,87.14942,11.6,116.3,underway
V002,2026-09-11T05:20:00+00:00,19.24604,87.19945,9.5,116.5,underway
V002,2026-09-11T05:40:00+00:00,19.22149,87.21578,9.9,302.3,underway
V002,2026-09-11T06:00:00+00:00,19.2595,87.17588,9.6,315.1,underway
V002,2026-09-11T06:20:00+00:00,19.29606,87.11868,11.7,303.9,underway
V002,2026-09-11T06:40:00+00:00,19.32635,87.05252,12.5,295.7,underway
V002,2026-09-11T07:00:00+00:00,19.34909,87.00248,9.4,295.6,underway
V002,2026-09-11T07:20:00+00:00,19.34491,86.98352,10.4,116.2,underway
V002,2026-09-11T07:40:00+00:00,19.30717,87.04521,12.5,122.8,underway
V002,2026-09-11T08:00:00+00:00,19.28887,87.10236,10.3,108.6,underway
V002,2026-09-11T08:20:00+00:00,19.28013,87.17575,12.6,97.1,underway
V002,2026-09-11T08:40:00+00:00,19.28635,87.22762,8.9,82.8,underway
V002,2026-09-11T09:00:00+00:00,19.30478,87.23533,10.3,262.9,underway
V002,2026-09-11T09:20:00+00:00,19.31523,87.16435,12.2,278.8,underway
V002,2026-09-11T09:40:00+00:00,19.33725,87.09353,12.7,288.1,underway
V002,2026-09-11T10:00:00+00:00,19.3696,87.04559,10.0,305.4,underway
V002,2026-09-11T10:20:00+00:00,19.37406,87.00434,12.4,132.2,underway
V002,2026-09-11T10:40:00+00:00,19.33526,87.03623,8.8,142.0,underway
V002,2026-09-11T11:00:00+00:00,19.28663,87.06749,10.2,148.6,underway
V002,2026-09-11T11:20:00+00:00,19.24165,87.10247,10.0,143.5,underway
V002,2026-09-11T11:40:00+00:00,19.21022,87.14147,8.7,130.3,underway
V002,2026-09-11T12:00:00+00:00,19.18926,87.18507,10.1,322.0,underway
V002,2026-09-11T12:20:00+00:00,19.23754,87.16685,9.2,340.3,underway
V002,2026-09-11T12:40:00+00:00,19.29068,87.16571,9.5,358.8,underway
V002,2026-09-11T13:00:00+00:00,19.35707,87.15725,12.0,353.1,underway
V002,2026-09-11T13:20:00+00:00,19.40425,87.15849,10.4,204.6,underway
V002,2026-09-11T13:40:00+00:00,19.34554,87.15142,10.6,186.5,underway
V002,2026-09-11T14:00:00+00:00,19.2765,87.1496,12.4,181.4,underway
V002,2026-09-11T14:20:00+00:00,19.22085,87.16082,10.1,169.2,underway
V002,2026-09-11T14:40:00+00:00,19.17281,87.15584,8.8,336.7,underway
V002,2026-09-11T15:00:00+00:00,19.23227,87.12413,11.9,333.1,underway
V002,2026-09-11T15:20:00+00:00,19.27974,87.10961,8.9,343.8,underway
V002,2026-09-11T15:40:00+00:00,19.32072,87.07961,8.9,325.2,underway
V003,2026-09-09T04:00:00+00:00,19.53519,87.02063,11.9,79.4,underway
V003,2026-09-09T04:20:00+00:00,19.52837,87.085,11.4,267.5,underway
V003,2026-09-09T04:40:00+00:00,19.54159,87.03394,9.0,285.3,underway
V003,2026-09-09T05:00:00+00:00,19.54644,86.9706,10.8,274.6,underway
V003,2026-09-09T05:20:00+00:00,19.57405,86.90168,12.7,292.9,underway
V003,2026-09-09T05:40:00+00:00,19.59146,86.84637,9.9,288.3,underway
V003,2026-09-09T06:00:00+00:00,19.58268,86.83405,10.9,118.2,underway
V003,2026-09-09T06:20:00+00:00,19.54447,86.87392,9.6,135.3,underway
V003,2026-09-09T06:40:00+00:00,19.48872,86.9115,11.9,147.4,underway
V003,2026-09-09T07:00:00+00:00,19.4257,86.93529,12.0,160.3,underway
V003,2026-09-09T07:20:00+00:00,19.39631,86.95132,10.2,0.2,underway
V003,2026-09-09T07:40:00+00:00,19.45363,86.94384,10.3,352.9,underway
V003,2026-09-09T08:00:00+00:00,19.50494,86.94784,9.2,4.2,underway
V003,2026-09-09T08:20:00+00:00,19.57081,86.93823,11.9,352.1,underway
V003,2026-09-09T08:40:00+00:00,19.61944,86.9216,9.2,342.0,underway
V003,2026-09-09T09:00:00+00:00,19.63846,86.89712,11.1,155.9,underway
V003,2026-09-09T09:20:00+00:00,19.57718,86.93609,12.8,148.9,underway
V003,2026-09-09T09:40:00+00:00,19.50814,86.95664,12.9,164.2,underway
V003,2026-09-09T10:00:00+00:00,19.46147,86.97976,9.2,154.8,underway
V003,2026-09-09T10:20:00+00:00,19.4158,87.02207,10.9,138.7,underway
V003,2026-09-09T10:40:00+00:00,19.41585,87.02291,10.7,327.7,underway
V003,2026-09-09T11:00:00+00:00,19.45907,86.9806,10.6,317.1,underway
V003,2026-09-09T11:20:00+00:00,19.51003,86.93852,11.6,321.9,underway
V003,2026-09-09T11:40:00+00:00,19.57051,86.9044,12.3,331.8,underway
V003,2026-09-09T12:00:00+00:00,19.61922,86.88409,9.4,338.4,underway
V003,2026-09-09T12:20:00+00:00,19.63737,86.89462,10.1,154.7,underway
V003,2026-09-09T12:40:00+00:00,19.58383,86.91816,10.4,157.4,underway
V003,2026-09-09T13:00:00+00:00,19.53111,86.93111,9.7,166.9,underway
V003,2026-09-09T13:20:00+00:00,19.48042,86.95404,9.9,156.8,underway
V003,2026-09-09T13:40:00+00:00,19.42504,86.99817,12.4,142.9,underway
V003,2026-09-09T14:00:00+00:00,19.41073,87.01354,10.2,332.4,underway
V003,2026-09-09T14:20:00+00:00,19.47181,86.97367,12.9,328.2,underway
V003,2026-09-09T14:40:00+00:00,19.51859,86.94349,9.8,328.5,underway
V003,2026-09-09T15:00:00+00:00,19.57931,86.92128,11.5,340.9,underway
V003,2026-09-09T15:20:00+00:00,19.63127,86.92175,9.3,0.5,underway
V003,2026-09-09T15:40:00+00:00,19.64785,86.93002,12.2,170.7,underway
V003,2026-09-09T16:00:00+00:00,19.57794,86.92451,12.6,184.3,underway
V003,2026-09-09T16:20:00+00:00,19.5234,86.93896,10.1,165.9,underway
V003,2026-09-09T16:40:00+00:00,19.4764,86.9668,9.7,150.7,underway
V003,2026-09-09T17:00:00+00:00,19.41473,86.97876,11.2,169.6,underway
V003,2026-09-09T17:20:00+00:00,19.39712,86.96675,10.4,353.5,underway
V003,2026-09-09T17:40:00+00:00,19.45622,86.97569,10.7,8.2,underway
V003,2026-09-09T18:00:00+00:00,19.52325,86.97391,12.0,358.6,underway
V003,2026-09-09T18:20:00+00:00,19.57318,86.98939,9.3,16.4,underway
V003,2026-09-09T18:40:00+00:00,19.63279,87.01255,11.4,20.2,underway
V003,2026-09-09T19:00:00+00:00,19.64049,87.0012,10.4,201.8,underway
V003,2026-09-09T19:20:00+00:00,19.58671,86.9938,9.7,187.4,underway
V003,2026-09-09T19:40:00+00:00,19.5237,86.99655,11.3,177.6,underway
V003,2026-09-09T20:00:00+00:00,19.46958,86.99287,9.7,183.7,underway
V003,2026-09-09T20:20:00+00:00,19.41476,87.00927,10.2,164.1,underway
V003,2026-09-09T20:40:00+00:00,19.40493,87.00008,9.6,338.7,underway
V003,2026-09-09T21:00:00+00:00,19.45245,86.97257,9.7,331.2,underway
V003,2026-09-09T21:20:00+00:00,19.51168,86.95353,11.1,343.0,underway
V003,2026-09-09T21:40:00+00:00,19.55453,86.92257,9.3,325.6,underway
V003,2026-09-09T22:00:00+00:00,19.60294,86.88181,11.1,321.4,underway
V003,2026-09-09T22:20:00+00:00,19.62342,86.87054,9.3,142.5,underway
V003,2026-09-09T22:40:00+00:00,19.5823,86.92388,11.7,129.1,underway
V003,2026-09-09T23:00:00+00:00,19.54979,86.97195,10.0,125.5,underway
V003,2026-09-09T23:20:00+00:00,19.51671,87.03812,12.7,117.8,underway
V003,2026-09-09T23:40:00+00:00,19.49833,87.08258,11.2,281.2,underway
V003,2026-09-10T00:00:00+00:00,19.50397,87.02071,10.6,275.5,underway
V003,2026-09-10T00:20:00+00:00,19.52864,86.94949,12.9,290.1,underway
V003,2026-09-10T00:40:00+00:00,19.54228,86.89433,9.7,284.6,underway
V003,2026-09-10T01:00:00+00:00,19.5641,86.84201,9.7,293.7,underway
V003,2026-09-10T01:20:00+00:00,19.55533,86.8227,12.5,104.8,underway
V003,2026-09-10T01:40:00+00:00,19.54145,86.89286,12.2,101.8,underway
V003,2026-09-10T02:00:00+00:00,19.53175,86.96528,12.4,98.0,underway
V003,2026-09-10T02:20:00+00:00,19.52574,87.02111,9.5,96.5,underway
V003,2026-09-10T02:40:00+00:00,19.53952,87.08397,11.1,262.5,underway
V003,2026-09-10T03:00:00+00:00,19.53719,87.01024,12.5,268.1,underway
V003,2026-09-10T03:20:00+00:00,19.51718,86.94664,11.4,251.7,underway
V003,2026-09-10T03:40:00+00:00,19.49286,86.88775,10.9,246.5,underway
V003,2026-09-10T04:00:00+00:00,19.45863,86.84103,10.0,232.3,underway
V003,2026-09-10T04:20:00+00:00,19.45318,86.84032,12.6,56.6,underway
V003,2026-09-10T04:40:00+00:00,19.49899,86.88219,10.9,40.9,underway
V003,2026-09-10T05:00:00+00:00,19.54176,86.94227,12.8,53.1,underway
V003,2026-09-10T05:20:00+00:00,19.58139,86.97859,9.4,41.0,underway
V003,2026-09-10T05:40:00+00:00,19.61673,87.0413,12.8,222.2,underway
V003,2026-09-10T06:00:00+00:00,19.57863,87.00578,9.1,221.5,underway
V003,2026-09-10T06:20:00+00:00,19.54818,86.95332,10.5,238.5,underway
V003,2026-09-10T06:40:00+00:00,19.53143,86.88873,11.4,254.7,underway
V003,2026-09-10T07:00:00+00:00,19.52929,86.83265,9.5,267.7,underway
V003,2026-09-10T07:20:00+00:00,19.53428,86.81879,9.8,95.1,underway
V003,2026-09-10T07:40:00+00:00,19.53269,86.89105,12.3,91.3,underway
V003,2026-09-10T08:00:00+00:00,19.51923,86.94592,9.6,104.5,underway
V003,2026-09-10T08:20:00+00:00,19.51594,87.00759,10.5,93.2,underway
V003,2026-09-10T08:40:00+00:00,19.51194,87.06883,10.4,93.9,underway
V003,2026-09-10T09:00:00+00:00,19.52268,87.08513,9.9,270.1,underway
V003,2026-09-10T09:20:00+00:00,19.53371,87.01257,12.5,279.1,underway
V003,2026-09-10T09:40:00+00:00,19.5237,86.94783,11.1,260.7,underway
V003,2026-09-10T10:00:00+00:00,19.52463,86.89458,9.1,271.0,underway
V003,2026-09-10T10:20:00+00:00,19.53779,86.84123,9.4,284.6,underway
V003,2026-09-10T10:40:00+00:00,19.54912,86.82114,11.1,101.9,underway
V003,2026-09-10T11:00:00+00:00,19.53257,86.8781,10.1,107.0,underway
V003,2026-09-10T11:20:00+00:00,19.51759,86.94226,11.2,103.8,underway
V003,2026-09-10T11:40:00+00:00,19.50546,87.00891,11.5,100.9,underway
V003,2026-09-10T12:00:00+00:00,19.49644,87.07086,10.7,98.7,underway
V003,2026-09-10T12:20:00+00:00,19.51208,87.08464,11.4,274.9,underway
V003,2026-09-10T12:40:00+00:00,19.51638,87.02692,9.8,274.5,underway
V003,2026-09-10T13:00:00+00:00,19.53379,86.95862,12.0,285.0,underway
V003,2026-09-10T13:20:00+00:00,19.5462,86.90357,9.6,283.4,underway
V003,2026-09-10T13:40:00+00:00,19.55729,86.84995,9.3,282.3,underway
V003,2026-09-10T14:00:00+00:00,19.54818,86.82094,10.6,101.5,underway
V003,2026-09-10T14:20:00+00:00,19.58099,86.86623,10.7,85.2,underway
V003,2026-09-10T14:40:00+00:00,19.61139,86.88442,9.1,85.6,underway
V003,2026-09-10T15:00:00+00:00,19.63807,86.88546,9.2,91.0,underway
V003,2026-09-10T15:20:00+00:00,19.66136,86.87348,1.9,140.4,reduced speed
V003,2026-09-10T15:40:00+00:00,19.68874,86.83079,1.8,305.7,reduced speed
V003,2026-09-10T16:00:00+00:00,19.72,86.78,1.9,305.8,reduced speed
V003,2026-09-10T16:20:00+00:00,19.69015,86.81162,1.1,243.9,stopped
V003,2026-09-10T16:40:00+00:00,19.6716,86.82096,0.7,258.2,stopped
V003,2026-09-10T17:00:00+00:00,19.66456,86.81698,12.2,132.9,underway
V003,2026-09-10T17:20:00+00:00,19.62174,86.87258,12.8,120.7,underway
V003,2026-09-10T17:40:00+00:00,19.56727,86.94958,12.7,120.3,underway
V003,2026-09-10T18:00:00+00:00,19.49772,87.02188,9.6,137.0,underway
V003,2026-09-10T18:20:00+00:00,19.44236,87.05463,12.6,309.5,underway
V003,2026-09-10T18:40:00+00:00,19.46403,86.99848,10.3,292.1,underway
V003,2026-09-10T19:00:00+00:00,19.49254,86.95111,9.5,302.4,underway
V003,2026-09-10T19:20:00+00:00,19.53418,86.91193,10.0,318.2,underway
V003,2026-09-10T19:40:00+00:00,19.58038,86.88479,9.5,330.9,underway
V003,2026-09-10T20:00:00+00:00,19.62078,86.86703,12.6,140.6,underway
V003,2026-09-10T20:20:00+00:00,19.58586,86.91256,10.0,129.0,underway
V003,2026-09-10T20:40:00+00:00,19.54996,86.95896,10.2,129.2,underway
V003,2026-09-10T21:00:00+00:00,19.53099,87.01196,9.6,110.7,underway
V003,2026-09-10T21:20:00+00:00,19.52225,87.08512,12.6,270.3,underway
V003,2026-09-10T21:40:00+00:00,19.53133,87.01232,12.5,277.5,underway
V003,2026-09-10T22:00:00+00:00,19.52459,86.94184,12.0,264.2,underway
V003,2026-09-10T22:20:00+00:00,19.50237,86.88136,11.0,248.8,underway
V003,2026-09-10T22:40:00+00:00,19.48701,86.82373,10.3,73.5,underway
V003,2026-09-10T23:00:00+00:00,19.4887,86.88914,11.1,88.4,underway
V003,2026-09-10T23:20:00+00:00,19.48671,86.96224,12.4,91.6,underway
V003,2026-09-10T23:40:00+00:00,19.5043,87.03566,12.9,75.8,underway
V003,2026-09-11T00:00:00+00:00,19.5142,87.08481,10.5,273.9,underway
V003,2026-09-11T00:20:00+00:00,19.52939,87.02845,10.0,285.9,underway
V003,2026-09-11T00:40:00+00:00,19.5657,86.97474,11.2,305.5,underway
V003,2026-09-11T01:00:00+00:00,19.59897,86.91374,12.0,299.9,underway
V003,2026-09-11T01:20:00+00:00,19.62043,86.86658,9.6,140.4,underway
V003,2026-09-11T01:40:00+00:00,19.57642,86.89324,9.1,150.1,underway
V003,2026-09-11T02:00:00+00:00,19.52352,86.91038,9.9,162.9,underway
V003,2026-09-11T02:20:00+00:00,19.45331,86.92547,12.8,168.5,underway
V003,2026-09-11T02:40:00+00:00,19.39718,86.936,11.6,6.8,underway
V003,2026-09-11T03:00:00+00:00,19.4469,86.93532,8.9,359.3,underway
V003,2026-09-11T03:20:00+00:00,19.49691,86.91677,9.5,340.6,underway
V003,2026-09-11T03:40:00+00:00,19.55429,86.90085,10.6,345.3,underway
V003,2026-09-11T04:00:00+00:00,19.62183,86.88279,12.5,345.8,underway
V003,2026-09-11T04:20:00+00:00,19.63024,86.8809,9.8,148.0,underway
V003,2026-09-11T04:40:00+00:00,19.58511,86.90401,9.0,154.1,underway
V003,2026-09-11T05:00:00+00:00,19.54496,86.94755,10.3,134.2,underway
V003,2026-09-11T05:20:00+00:00,19.51749,87.00098,10.3,118.4,underway
V003,2026-09-11T05:40:00+00:00,19.49873,87.06405,11.2,107.4,underway
V003,2026-09-11T06:00:00+00:00,19.48908,87.08027,9.7,285.5,underway
V003,2026-09-11T06:20:00+00:00,19.51015,87.02074,10.8,290.5,underway
V003,2026-09-11T06:40:00+00:00,19.51735,86.94673,12.6,275.8,underway
V003,2026-09-11T07:00:00+00:00,19.51327,86.89102,9.5,265.6,underway
V003,2026-09-11T07:20:00+00:00,19.4908,86.82794,11.5,249.4,underway
V003,2026-09-11T07:40:00+00:00,19.49681,86.82112,12.0,78.1,underway
V003,2026-09-11T08:00:00+00:00,19.51197,86.87748,10.0,74.2,underway
V003,2026-09-11T08:20:00+00:00,19.54905,86.93256,11.5,54.6,underway
V003,2026-09-11T08:40:00+00:00,19.58026,86.98347,10.3,57.1,underway
V003,2026-09-11T09:00:00+00:00,19.60736,87.0394,10.7,63.0,underway
V003,2026-09-11T09:20:00+00:00,19.5914,87.06393,11.8,237.3,underway
V003,2026-09-11T09:40:00+00:00,19.54393,87.00991,12.5,227.2,underway
V003,2026-09-11T10:00:00+00:00,19.49007,86.9785,11.0,209.0,underway
V003,2026-09-11T10:20:00+00:00,19.44032,86.95382,9.8,205.2,underway
V003,2026-09-11T10:40:00+00:00,19.39644,86.94564,12.0,2.6,underway
V003,2026-09-11T11:00:00+00:00,19.45574,86.92664,11.1,343.1,underway
V003,2026-09-11T11:20:00+00:00,19.5086,86.92735,9.5,0.7,underway
V003,2026-09-11T11:40:00+00:00,19.57064,86.9143,11.3,348.7,underway
V003,2026-09-11T12:00:00+00:00,19.63347,86.90141,11.5,349.0,underway
V003,2026-09-11T12:20:00+00:00,19.64478,86.91547,9.6,164.3,underway
V003,2026-09-11T12:40:00+00:00,19.59302,86.93905,10.1,156.6,underway
V003,2026-09-11T13:00:00+00:00,19.54088,86.98755,12.5,138.6,underway
V003,2026-09-11T13:20:00+00:00,19.48408,87.02227,11.8,149.9,underway
V003,2026-09-11T13:40:00+00:00,19.45062,87.06124,12.3,304.8,underway
V003,2026-09-11T14:00:00+00:00,19.49282,87.01618,10.8,314.6,underway
V003,2026-09-11T14:20:00+00:00,19.54137,86.97941,10.7,324.3,underway
V003,2026-09-11T14:40:00+00:00,19.57708,86.93952,9.3,313.3,underway
V003,2026-09-11T15:00:00+00:00,19.60434,86.89465,9.1,302.6,underway
V003,2026-09-11T15:20:00+00:00,19.61116,86.856,11.9,134.2,underway
V003,2026-09-11T15:40:00+00:00,19.55714,86.9005,12.3,142.0,underway
V004,2026-09-09T04:00:00+00:00,19.75265,86.6914,15.7,59.4,underway
V004,2026-09-09T04:20:00+00:00,19.78301,86.71937,13.6,233.6,underway
V004,2026-09-09T04:40:00+00:00,19.74253,86.65181,13.6,237.7,underway
V004,2026-09-09T05:00:00+00:00,19.71505,86.56376,15.7,251.8,underway
V004,2026-09-09T05:20:00+00:00,19.71627,86.47848,15.4,93.8,underway
V004,2026-09-09T05:40:00+00:00,19.7092,86.56024,13.9,95.2,underway
V004,2026-09-09T06:00:00+00:00,19.70163,86.63093,12.1,96.4,underway
V004,2026-09-09T06:20:00+00:00,19.7208,86.72222,15.9,77.5,underway
V004,2026-09-09T06:40:00+00:00,19.73921,86.74123,15.6,255.7,underway
V004,2026-09-09T07:00:00+00:00,19.7356,86.66111,13.6,267.3,underway
V004,2026-09-09T07:20:00+00:00,19.73657,86.57682,14.3,270.7,underway
V004,2026-09-09T07:40:00+00:00,19.72191,86.50674,12.2,257.6,underway
V004,2026-09-09T08:00:00+00:00,19.6903,86.47949,14.5,82.0,underway
V004,2026-09-09T08:20:00+00:00,19.72302,86.56694,16.0,68.5,underway
V004,2026-09-09T08:40:00+00:00,19.73891,86.63666,12.2,76.5,underway
V004,2026-09-09T09:00:00+00:00,19.77722,86.71274,14.6,62.0,underway
V004,2026-09-09T09:20:00+00:00,19.78886,86.71454,12.3,230.3,underway
V004,2026-09-09T09:40:00+00:00,19.71571,86.66602,15.5,212.2,underway
V004,2026-09-09T10:00:00+00:00,19.66293,86.61477,12.8,222.6,underway
V004,2026-09-09T10:20:00+00:00,19.6243,86.54182,14.2,240.8,underway
V004,2026-09-09T10:40:00+00:00,19.62892,86.50742,15.6,51.4,underway
V004,2026-09-09T11:00:00+00:00,19.66847,86.5846,14.9,61.6,underway
V004,2026-09-09T11:20:00+00:00,19.70816,86.64897,13.0,57.0,underway
V004,2026-09-09T11:40:00+00:00,19.7562,86.6998,12.2,45.1,underway
V004,2026-09-09T12:00:00+00:00,19.7685,86.72911,15.7,241.4,underway
V004,2026-09-09T12:20:00+00:00,19.74663,86.6598,12.4,251.6,underway
V004,2026-09-09T12:40:00+00:00,19.7348,86.57483,14.6,261.6,underway
V004,2026-09-09T13:00:00+00:00,19.72348,86.50169,12.6,260.7,underway
V004,2026-09-09T13:20:00+00:00,19.7208,86.47888,14.6,95.8,underway
V004,2026-09-09T13:40:00+00:00,19.72393,86.55772,13.4,87.6,underway
V004,2026-09-09T14:00:00+00:00,19.73949,86.63525,13.5,78.0,underway
V004,2026-09-09T14:20:00+00:00,19.73324,86.70708,12.2,95.2,underway
V004,2026-09-09T14:40:00+00:00,19.70916,86.74536,15.7,269.5,underway
V004,2026-09-09T15:00:00+00:00,19.72349,86.66154,14.5,280.2,underway
V004,2026-09-09T15:20:00+00:00,19.73536,86.5848,13.2,279.3,underway
V004,2026-09-09T15:40:00+00:00,19.76314,86.50015,15.2,289.1,underway
V004,2026-09-09T16:00:00+00:00,19.7445,86.48387,14.1,106.8,underway
V004,2026-09-09T16:20:00+00:00,19.74354,86.5659,13.9,90.7,underway
V004,2026-09-09T16:40:00+00:00,19.7674,86.64637,14.3,72.6,underway
V004,2026-09-09T17:00:00+00:00,19.77446,86.72545,15.4,238.3,underway
V004,2026-09-09T17:20:00+00:00,19.73907,86.65726,13.2,241.3,underway
V004,2026-09-09T17:40:00+00:00,19.69809,86.58604,14.1,238.7,underway
V004,2026-09-09T18:00:00+00:00,19.64438,86.51784,15.1,230.3,underway
V004,2026-09-09T18:20:00+00:00,19.61926,86.51645,13.4,45.5,underway
V004,2026-09-09T18:40:00+00:00,19.69143,86.55928,14.8,29.4,underway
V004,2026-09-09T19:00:00+00:00,19.75709,86.62247,15.9,42.4,underway
V004,2026-09-09T19:20:00+00:00,19.81321,86.68603,15.9,213.8,underway
V004,2026-09-09T19:40:00+00:00,19.74703,86.63826,14.4,214.4,underway
V004,2026-09-09T20:00:00+00:00,19.66708,86.60634,15.3,200.7,underway
V004,2026-09-09T20:20:00+00:00,19.6102,86.559,13.0,218.3,underway
V004,2026-09-09T20:40:00+00:00,19.59427,86.55298,15.8,26.1,underway
V004,2026-09-09T21:00:00+00:00,19.65692,86.6024,14.0,36.8,underway
V004,2026-09-09T21:20:00+00:00,19.70105,86.67257,14.3,56.4,underway
V004,2026-09-09T21:40:00+00:00,19.75766,86.72378,13.4,40.6,underway
V004,2026-09-09T22:00:00+00:00,19.79322,86.71054,15.8,227.7,underway
V004,2026-09-09T22:20:00+00:00,19.75557,86.6314,15.0,243.3,underway
V004,2026-09-09T22:40:00+00:00,19.71501,86.55658,14.6,240.2,underway
V004,2026-09-09T23:00:00+00:00,19.67265,86.4925,13.3,235.1,underway
V004,2026-09-09T23:20:00+00:00,19.6534,86.49123,14.2,64.5,underway
V004,2026-09-09T23:40:00+00:00,19.70916,86.56471,16.0,51.3,underway
V004,2026-09-10T00:00:00+00:00,19.75787,86.64249,15.8,56.5,underway
V004,2026-09-10T00:20:00+00:00,19.80924,86.69195,14.4,216.9,underway
V004,2026-09-10T00:40:00+00:00,19.75156,86.63225,14.5,224.4,underway
V004,2026-09-10T01:00:00+00:00,19.6793,86.59539,14.4,205.8,underway
V004,2026-09-10T01:20:00+00:00,19.60186,86.55434,15.5,206.7,underway
V004,2026-09-10T01:40:00+00:00,19.59433,86.55286,14.3,26.2,underway
V004,2026-09-10T02:00:00+00:00,19.66767,86.57966,13.9,19.1,underway
V004,2026-09-10T02:20:00+00:00,19.73293,86.61424,13.1,26.7,underway
V004,2026-09-10T02:40:00+00:00,19.8048,86.63585,13.4,15.9,underway
V004,2026-09-10T03:00:00+00:00,19.82901,86.65095,14.8,197.1,underway
V004,2026-09-10T03:20:00+00:00,19.75909,86.62789,13.1,197.4,underway
V004,2026-09-10T03:40:00+00:00,19.68308,86.58605,15.4,207.5,underway
V004,2026-09-10T04:00:00+00:00,19.61251,86.53909,14.9,212.2,underway
V004,2026-09-10T04:20:00+00:00,19.61418,86.52203,14.9,42.2,underway
V004,2026-09-10T04:40:00+00:00,19.66601,86.57931,13.4,46.3,underway
V004,2026-09-10T05:00:00+00:00,19.73792,86.63397,15.9,35.8,underway
V004,2026-09-10T05:20:00+00:00,19.81747,86.67512,15.9,26.1,underway
V004,2026-09-10T05:40:00+00:00,19.81175,86.68829,12.7,214.9,underway
V004,2026-09-10T06:00:00+00:00,19.75789,86.63844,12.8,221.3,underway
V004,2026-09-10T06:20:00+00:00,19.69516,86.60429,12.6,207.3,underway
V004,2026-09-10T06:40:00+00:00,19.62543,86.57841,13.2,199.4,underway
V004,2026-09-10T07:00:00+00:00,19.58643,86.57433,12.5,16.3,underway
V004,2026-09-10T07:20:00+00:00,19.64829,86.61629,13.2,32.7,underway
V004,2026-09-10T07:40:00+00:00,19.70009,86.67731,13.9,48.1,underway
V004,2026-09-10T08:00:00+00:00,19.77588,86.72099,15.5,28.7,underway
V004,2026-09-10T08:20:00+00:00,19.79664,86.70712,12.9,225.5,underway
V004,2026-09-10T08:40:00+00:00,19.76515,86.63659,13.2,244.8,underway
V004,2026-09-10T09:00:00+00:00,19.71411,86.58149,13.1,225.7,underway
V004,2026-09-10T09:20:00+00:00,19.67564,86.5231,12.1,235.2,underway
V004,2026-09-10T09:40:00+00:00,19.63934,86.49951,15.5,57.2,underway
V004,2026-09-10T10:00:00+00:00,19.67302,86.57653,14.4,65.2,underway
V004,2026-09-10T10:20:00+00:00,19.70092,86.66255,15.4,71.1,underway
V004,2026-09-10T10:40:00+00:00,19.71802,86.74494,14.7,265.4,underway
V004,2026-09-10T11:00:00+00:00,19.73296,86.66029,14.6,280.5,underway
V004,2026-09-10T11:20:00+00:00,19.75034,86.58616,13.0,283.9,underway
V004,2026-09-10T11:40:00+00:00,19.75176,86.51226,12.5,271.2,underway
V004,2026-09-10T12:00:00+00:00,19.73866,86.48218,13.1,104.0,underway
V004,2026-09-10T12:20:00+00:00,19.70589,86.5675,15.6,112.1,underway
V004,2026-09-10T12:40:00+00:00,19.69036,86.64623,13.7,101.8,underway
V004,2026-09-10T13:00:00+00:00,19.66586,86.71628,12.7,110.3,underway
V004,2026-09-10T13:20:00+00:00,19.64903,86.73001,14.0,297.7,underway
V004,2026-09-10T13:40:00+00:00,19.66185,86.63981,15.5,278.5,underway
V004,2026-09-10T14:00:00+00:00,19.67504,86.55437,14.7,279.3,underway
V004,2026-09-10T14:20:00+00:00,19.71062,86.47822,15.6,91.2,underway
V004,2026-09-10T14:40:00+00:00,19.7173,86.5491,12.1,84.3,underway
V004,2026-09-10T15:00:00+00:00,19.70571,86.64067,15.7,97.6,underway
V004,2026-09-10T15:20:00+00:00,19.71604,86.7168,13.1,81.9,underway
V004,2026-09-10T15:40:00+00:00,19.7329,86.74275,14.9,258.6,underway
V004,2026-09-10T16:00:00+00:00,19.74126,86.66757,12.8,276.7,underway
V004,2026-09-10T16:20:00+00:00,19.7422,86.57663,15.4,270.6,underway
V004,2026-09-10T16:40:00+00:00,19.74081,86.50083,12.9,268.9,underway
V004,2026-09-10T17:00:00+00:00,19.7299,86.48021,12.1,100.0,underway
V004,2026-09-10T17:20:00+00:00,19.70199,86.55427,13.5,111.7,underway
V004,2026-09-10T17:40:00+00:00,19.67973,86.63957,15.0,105.4,underway
V004,2026-09-10T18:00:00+00:00,19.65861,86.73121,16.0,103.7,underway
V004,2026-09-10T18:20:00+00:00,19.67559,86.74093,14.1,284.8,underway
V004,2026-09-10T18:40:00+00:00,19.72002,86.66626,15.0,302.1,underway
V004,2026-09-10T19:00:00+00:00,19.76871,86.59728,14.6,306.7,underway
V004,2026-09-10T19:20:00+00:00,19.80287,86.52588,13.6,296.8,underway
V004,2026-09-10T19:40:00+00:00,19.78119,86.5028,12.4,125.3,underway
V004,2026-09-10T20:00:00+00:00,19.71716,86.55567,14.6,142.0,underway
V004,2026-09-10T20:20:00+00:00,19.64842,86.59934,14.4,149.0,underway
V004,2026-09-10T20:40:00+00:00,19.59761,86.65618,13.3,133.3,underway
V004,2026-09-10T21:00:00+00:00,19.60249,86.68569,15.9,326.4,underway
V004,2026-09-10T21:20:00+00:00,19.68903,86.66168,16.0,345.3,underway
V004,2026-09-10T21:40:00+00:00,19.76647,86.66697,13.9,3.7,underway
V004,2026-09-10T22:00:00+00:00,19.83056,86.64512,15.8,194.5,underway
V004,2026-09-10T22:20:00+00:00,19.74556,86.64949,15.2,177.2,underway
V004,2026-09-10T22:40:00+00:00,19.66674,86.67187,14.6,164.9,underway
V004,2026-09-10T23:00:00+00:00,19.59586,86.67387,15.3,332.3,underway
V004,2026-09-10T23:20:00+00:00,19.65705,86.61604,14.7,318.2,underway
V004,2026-09-10T23:40:00+00:00,19.7317,86.57307,15.2,331.4,underway
V004,2026-09-11T00:00:00+00:00,19.80463,86.5255,16.0,139.8,underway
V004,2026-09-11T00:20:00+00:00,19.73368,86.56843,14.6,150.2,underway
V004,2026-09-11T00:40:00+00:00,19.66,86.59465,13.9,161.4,underway
V004,2026-09-11T01:00:00+00:00,19.58816,86.60435,13.0,172.7,underway
V004,2026-09-11T01:20:00+00:00,19.58145,86.60631,14.8,2.3,underway
V004,2026-09-11T01:40:00+00:00,19.65807,86.63841,14.8,21.7,underway
V004,2026-09-11T02:00:00+00:00,19.73771,86.67054,15.3,20.9,underway
V004,2026-09-11T02:20:00+00:00,19.79648,86.78168,13.5,226.1,underway
V004,2026-09-11T02:40:00+00:00,19.76681,86.81394,13.3,232.3,underway
V004,2026-09-11T03:00:00+00:00,19.74993,86.86436,14.5,231.7,underway
V004,2026-09-11T03:20:00+00:00,19.7428,86.94192,1.8,255.1,reduced speed
V004,2026-09-11T03:40:00+00:00,19.76761,87.04718,1.4,356.1,stopped
V004,2026-09-11T04:00:00+00:00,19.8,87.15,1.1,71.5,stopped
V004,2026-09-11T04:20:00+00:00,19.78773,87.06088,1.3,354.1,stopped
V004,2026-09-11T04:40:00+00:00,19.79178,86.99362,2.2,91.8,reduced speed
V004,2026-09-11T05:00:00+00:00,19.79888,86.92797,14.4,224.8,underway
V004,2026-09-11T05:20:00+00:00,19.76839,86.81456,12.9,231.1,underway
V004,2026-09-11T05:40:00+00:00,19.70949,86.69441,13.2,214.0,underway
V004,2026-09-11T06:00:00+00:00,19.62847,86.55082,14.4,218.3,underway
V004,2026-09-11T06:20:00+00:00,19.61527,86.52077,12.8,42.9,underway
V004,2026-09-11T06:40:00+00:00,19.67926,86.5795,15.2,41.0,underway
V004,2026-09-11T07:00:00+00:00,19.74573,86.61895,13.7,29.4,underway
V004,2026-09-11T07:20:00+00:00,19.81525,86.66257,14.5,30.7,underway
V004,2026-09-11T07:40:00+00:00,19.81735,86.67905,16.0,210.2,underway
V004,2026-09-11T08:00:00+00:00,19.73248,86.65697,15.7,193.9,underway
V004,2026-09-11T08:20:00+00:00,19.65406,86.63356,14.6,195.8,underway
V004,2026-09-11T08:40:00+00:00,19.58173,86.6221,14.0,355.6,underway
V004,2026-09-11T09:00:00+00:00,19.64812,86.60213,12.4,344.1,underway
V004,2026-09-11T09:20:00+00:00,19.73031,86.5986,14.7,357.7,underway
V004,2026-09-11T09:40:00+00:00,19.79694,86.57622,12.5,342.3,underway
V004,2026-09-11T10:00:00+00:00,19.82631,86.56431,15.4,159.2,underway
V004,2026-09-11T10:20:00+00:00,19.75233,86.59566,14.3,158.1,underway
V004,2026-09-11T10:40:00+00:00,19.6715,86.631,15.7,157.5,underway
V004,2026-09-11T11:00:00+00:00,19.60104,86.65022,13.0,165.5,underway
V004,2026-09-11T11:20:00+00:00,19.59107,86.66312,14.4,337.4,underway
V004,2026-09-11T11:40:00+00:00,19.66005,86.64602,12.7,346.8,underway
V004,2026-09-11T12:00:00+00:00,19.73768,86.61558,14.8,339.6,underway
V004,2026-09-11T12:20:00+00:00,19.80691,86.58828,13.2,339.5,underway
V004,2026-09-11T12:40:00+00:00,19.82927,86.57354,13.8,163.4,underway
V004,2026-09-11T13:00:00+00:00,19.74704,86.56844,14.8,183.4,underway
V004,2026-09-11T13:20:00+00:00,19.67273,86.58144,13.5,170.6,underway
V004,2026-09-11T13:40:00+00:00,19.60513,86.58587,12.1,176.4,underway
V004,2026-09-11T14:00:00+00:00,19.58143,86.61653,15.0,358.0,underway
V004,2026-09-11T14:20:00+00:00,19.66262,86.64423,15.3,17.9,underway
V004,2026-09-11T14:40:00+00:00,19.74068,86.64665,14.0,1.7,underway
V004,2026-09-11T15:00:00+00:00,19.80965,86.66207,12.6,12.0,underway
V004,2026-09-11T15:20:00+00:00,19.83016,86.64674,13.7,195.2,underway
V004,2026-09-11T15:40:00+00:00,19.76077,86.64642,12.4,180.2,underway
V005,2026-09-09T04:00:00+00:00,20.13754,86.84223,10.4,9.3,underway
V005,2026-09-09T04:20:00+00:00,20.0828,86.94078,11.0,357.4,underway
V005,2026-09-09T04:40:00+00:00,20.03072,87.03436,9.8,176.6,underway
V005,2026-09-09T05:00:00+00:00,19.95087,87.12794,9.5,185.1,underway
V005,2026-09-09T05:20:00+00:00,19.85684,87.20824,9.4,204.0,underway
V005,2026-09-09T05:40:00+00:00,19.75113,87.26369,10.6,223.9,underway
V005,2026-09-09T06:00:00+00:00,19.63454,87.30691,10.6,63.7,underway
V005,2026-09-09T06:20:00+00:00,19.65801,87.3642,10.6,66.6,underway
V005,2026-09-09T06:40:00+00:00,19.69031,87.40624,9.2,51.0,underway
V005,2026-09-09T07:00:00+00:00,19.71715,87.46387,10.9,63.8,underway
V005,2026-09-09T07:20:00+00:00,19.73095,87.51633,9.2,74.5,underway
V005,2026-09-09T07:40:00+00:00,19.73692,87.55098,11.2,248.6,underway
V005,2026-09-09T08:00:00+00:00,19.71314,87.50037,9.6,243.6,underway
V005,2026-09-09T08:20:00+00:00,19.69132,87.43505,11.8,250.6,underway
V005,2026-09-09T08:40:00+00:00,19.68735,87.38023,9.3,265.6,underway
V005,2026-09-09T09:00:00+00:00,19.66241,87.31758,11.5,247.2,underway
V005,2026-09-09T09:20:00+00:00,19.65552,87.29831,9.7,73.9,underway
V005,2026-09-09T09:40:00+00:00,19.66713,87.37078,12.5,80.4,underway
V005,2026-09-09T10:00:00+00:00,19.6787,87.42481,9.4,77.3,underway
V005,2026-09-09T10:20:00+00:00,19.67474,87.47799,9.1,94.5,underway
V005,2026-09-09T10:40:00+00:00,19.65704,87.5311,9.6,109.4,underway
V005,2026-09-09T11:00:00+00:00,19.6557,87.55499,11.8,286.1,underway
V005,2026-09-09T11:20:00+00:00,19.68334,87.50557,9.7,300.6,underway
V005,2026-09-09T11:40:00+00:00,19.69382,87.45322,9.1,281.9,underway
V005,2026-09-09T12:00:00+00:00,19.70971,87.38872,11.3,284.6,underway
V005,2026-09-09T12:20:00+00:00,19.74144,87.33329,11.0,301.1,underway
V005,2026-09-09T12:40:00+00:00,19.75537,87.31178,12.3,120.7,underway
V005,2026-09-09T13:00:00+00:00,19.71571,87.3588,10.7,131.7,underway
V005,2026-09-09T13:20:00+00:00,19.67063,87.39944,10.6,139.5,underway
V005,2026-09-09T13:40:00+00:00,19.63577,87.45788,11.7,122.2,underway
V005,2026-09-09T14:00:00+00:00,19.59688,87.5163,13.0,317.8,underway
V005,2026-09-09T14:20:00+00:00,19.64045,87.48315,9.6,324.2,underway
V005,2026-09-09T14:40:00+00:00,19.69711,87.45527,11.2,335.0,underway
V005,2026-09-09T15:00:00+00:00,19.74252,87.41261,10.9,318.3,underway
V005,2026-09-09T15:20:00+00:00,19.80035,87.38304,11.5,334.1,underway
V005,2026-09-09T15:40:00+00:00,19.80718,87.37423,9.0,156.9,underway
V005,2026-09-09T16:00:00+00:00,19.7378,87.39566,12.9,163.7,underway
V005,2026-09-09T16:20:00+00:00,19.68269,87.39767,9.9,178.0,underway
V005,2026-09-09T16:40:00+00:00,19.62458,87.41656,10.9,162.9,underway
V005,2026-09-09T17:00:00+00:00,19.56804,87.44579,11.3,153.9,underway
V005,2026-09-09T17:20:00+00:00,19.56857,87.46183,12.0,344.7,underway
V005,2026-09-09T17:40:00+00:00,19.62698,87.46358,10.5,1.6,underway
V005,2026-09-09T18:00:00+00:00,19.69143,87.47744,11.8,11.5,underway
V005,2026-09-09T18:20:00+00:00,19.75858,87.47411,12.0,357.3,underway
V005,2026-09-09T18:40:00+00:00,19.81338,87.4597,11.2,194.3,underway
V005,2026-09-09T19:00:00+00:00,19.75017,87.44275,11.7,194.3,underway
V005,2026-09-09T19:20:00+00:00,19.6889,87.40563,12.7,209.9,underway
V005,2026-09-09T19:40:00+00:00,19.63903,87.39448,9.1,192.0,underway
V005,2026-09-09T20:00:00+00:00,19.56938,87.40169,12.5,174.4,underway
V005,2026-09-09T20:20:00+00:00,19.5653,87.40827,11.5,7.9,underway
V005,2026-09-09T20:40:00+00:00,19.62243,87.41191,10.3,3.5,underway
V005,2026-09-09T21:00:00+00:00,19.69347,87.42172,12.8,7.5,underway
V005,2026-09-09T21:20:00+00:00,19.75315,87.4457,11.4,20.9,underway
V005,2026-09-09T21:40:00+00:00,19.81314,87.46067,12.8,194.8,underway
V005,2026-09-09T22:00:00+00:00,19.75759,87.43473,10.9,203.9,underway
V005,2026-09-09T22:20:00+00:00,19.68696,87.42086,12.9,190.5,underway
V005,2026-09-09T22:40:00+00:00,19.61565,87.42717,12.8,175.2,underway
V005,2026-09-09T23:00:00+00:00,19.56562,87.44724,12.2,351.1,underway
V005,2026-09-09T23:20:00+00:00,19.63226,87.43509,12.1,350.2,underway
V005,2026-09-09T23:40:00+00:00,19.68743,87.42305,10.1,348.3,underway
V005,2026-09-10T00:00:00+00:00,19.74512,87.42145,10.3,358.5,underway
V005,2026-09-10T00:20:00+00:00,19.80824,87.40934,11.5,349.7,underway
V005,2026-09-10T00:40:00+00:00,19.81648,87.41128,12.2,173.4,underway
V005,2026-09-10T01:00:00+00:00,19.74688,87.41461,12.5,177.4,underway
V005,2026-09-10T01:20:00+00:00,19.69659,87.40863,9.1,186.4,underway
V005,2026-09-10T01:40:00+00:00,19.62833,87.41815,12.3,172.5,underway
V005,2026-09-10T02:00:00+00:00,19.56412,87.42381,12.9,1.2,underway
V005,2026-09-10T02:20:00+00:00,19.62232,87.41414,10.6,351.1,underway
V005,2026-09-10T02:40:00+00:00,19.68783,87.39703,12.1,346.1,underway
V005,2026-09-10T03:00:00+00:00,19.74272,87.37061,10.8,335.5,underway
V005,2026-09-10T03:20:00+00:00,19.79671,87.35356,10.3,146.8,underway
V005,2026-09-10T03:40:00+00:00,19.75702,87.39184,9.6,137.6,underway
V005,2026-09-10T04:00:00+00:00,19.69633,87.42254,12.1,154.4,underway
V005,2026-09-10T04:20:00+00:00,19.64138,87.4373,10.2,165.7,underway
V005,2026-09-10T04:40:00+00:00,19.57982,87.4728,12.6,151.3,underway
V005,2026-09-10T05:00:00+00:00,19.57005,87.46711,9.6,342.4,underway
V005,2026-09-10T05:20:00+00:00,19.6381,87.46883,12.2,1.4,underway
V005,2026-09-10T05:40:00+00:00,19.7056,87.47291,12.1,3.3,underway
V005,2026-09-10T06:00:00+00:00,19.7677,87.47667,11.1,3.3,underway
V005,2026-09-10T06:20:00+00:00,19.80899,87.47427,10.9,200.9,underway
V005,2026-09-10T06:40:00+00:00,19.74382,87.45433,12.2,196.2,underway
V005,2026-09-10T07:00:00+00:00,19.67842,87.42208,12.9,205.1,underway
V005,2026-09-10T07:20:00+00:00,19.62924,87.40579,9.2,197.4,underway
V005,2026-09-10T07:40:00+00:00,19.56871,87.39091,11.8,15.5,underway
V005,2026-09-10T08:00:00+00:00,19.62211,87.42687,11.3,32.5,underway
V005,2026-09-10T08:20:00+00:00,19.67948,87.44075,10.5,12.9,underway
V005,2026-09-10T08:40:00+00:00,19.73972,87.45724,11.1,14.5,underway
V005,2026-09-10T09:00:00+00:00,19.79077,87.46553,9.3,8.7,underway
V005,2026-09-10T09:20:00+00:00,19.81327,87.46013,11.1,194.5,underway
V005,2026-09-10T09:40:00+00:00,19.74465,87.45391,12.3,184.9,underway
V005,2026-09-10T10:00:00+00:00,19.68314,87.45646,11.0,177.8,underway
V005,2026-09-10T10:20:00+00:00,19.6298,87.47067,9.9,165.8,underway
V005,2026-09-10T10:40:00+00:00,19.58397,87.49846,12.2,327.5,underway
V005,2026-09-10T11:00:00+00:00,19.63168,87.45479,11.3,319.1,underway
V005,2026-09-10T11:20:00+00:00,19.67818,87.40293,12.1,313.4,underway
V005,2026-09-10T11:40:00+00:00,19.72531,87.37148,10.0,327.7,underway
V005,2026-09-10T12:00:00+00:00,19.78438,87.35431,11.0,344.6,underway
V005,2026-09-10T12:20:00+00:00,19.80594,87.37127,10.5,155.5,underway
V005,2026-09-10T12:40:00+00:00,19.7591,87.39531,9.3,154.1,underway
V005,2026-09-10T13:00:00+00:00,19.71653,87.42482,9.1,146.7,underway
V005,2026-09-10T13:20:00+00:00,19.66917,87.46995,11.4,137.9,underway
V005,2026-09-10T13:40:00+00:00,19.64038,87.51918,9.8,121.7,underway
V005,2026-09-10T14:00:00+00:00,19.6159,87.53439,11.3,306.2,underway
V005,2026-09-10T14:20:00+00:00,19.65104,87.48971,9.9,309.7,underway
V005,2026-09-10T14:40:00+00:00,19.69827,87.45698,10.1,326.7,underway
V005,2026-09-10T15:00:00+00:00,19.73747,87.40872,10.8,310.6,underway
V005,2026-09-10T15:20:00+00:00,19.78208,87.36052,11.4,314.3,underway
V005,2026-09-10T15:40:00+00:00,19.7812,87.33319,12.4,135.6,underway
V005,2026-09-10T16:00:00+00:00,19.73542,87.39247,13.0,129.2,underway
V005,2026-09-10T16:20:00+00:00,19.70675,87.4368,9.1,124.3,underway
V005,2026-09-10T16:40:00+00:00,19.69093,87.49624,10.5,105.7,underway
V005,2026-09-10T17:00:00+00:00,19.66614,87.55519,10.9,113.9,underway
V005,2026-09-10T17:20:00+00:00,19.64565,87.55145,12.6,290.8,underway
V005,2026-09-10T17:40:00+00:00,19.68301,87.49592,11.6,305.4,underway
V005,2026-09-10T18:00:00+00:00,19.73523,87.45327,11.8,322.3,underway
V005,2026-09-10T18:20:00+00:00,19.76883,87.4042,10.3,305.8,underway
V005,2026-09-10T18:40:00+00:00,19.79106,87.3543,9.4,295.2,underway
V005,2026-09-10T19:00:00+00:00,19.78922,87.34271,11.0,141.1,underway
V005,2026-09-10T19:20:00+00:00,19.74623,87.39996,12.4,128.4,underway
V005,2026-09-10T19:40:00+00:00,19.71581,87.44895,9.9,123.2,underway
V005,2026-09-10T20:00:00+00:00,19.67957,87.49133,9.7,132.1,underway
V005,2026-09-10T20:20:00+00:00,19.61801,87.52924,12.8,149.7,underway
V005,2026-09-10T20:40:00+00:00,19.61175,87.53103,11.2,308.6,underway
V005,2026-09-10T21:00:00+00:00,19.6356,87.46073,12.7,289.7,underway
V005,2026-09-10T21:20:00+00:00,19.64633,87.3966,11.1,280.0,underway
V005,2026-09-10T21:40:00+00:00,19.66889,87.32974,12.0,289.6,underway
V005,2026-09-10T22:00:00+00:00,19.68643,87.29312,9.4,88.1,underway
V005,2026-09-10T22:20:00+00:00,19.69451,87.34559,9.0,80.8,underway
V005,2026-09-10T22:40:00+00:00,19.71881,87.41143,12.0,68.7,underway
V005,2026-09-10T23:00:00+00:00,19.73706,87.47186,10.8,72.3,underway
V005,2026-09-10T23:20:00+00:00,19.74926,87.53467,10.9,78.4,underway
V005,2026-09-10T23:40:00+00:00,19.74505,87.54727,10.6,244.6,underway
V005,2026-09-11T00:00:00+00:00,19.71531,87.49383,10.5,239.6,underway
V005,2026-09-11T00:20:00+00:00,19.67835,87.43324,12.2,237.2,underway
V005,2026-09-11T00:40:00+00:00,19.65879,87.36213,12.6,253.8,underway
V005,2026-09-11T01:00:00+00:00,19.64233,87.30318,12.7,67.5,underway
V005,2026-09-11T01:20:00+00:00,19.65214,87.35895,9.6,79.5,underway
V005,2026-09-11T01:40:00+00:00,19.64959,87.41374,9.3,92.8,underway
V005,2026-09-11T02:00:00+00:00,19.6419,87.47502,10.5,97.5,underway
V005,2026-09-11T02:20:00+00:00,19.62348,87.53981,12.1,302.1,underway
V005,2026-09-11T02:40:00+00:00,19.67813,87.49209,12.7,320.4,underway
V005,2026-09-11T03:00:00+00:00,19.71451,87.45477,9.1,315.8,underway
V005,2026-09-11T03:20:00+00:00,19.74918,87.38823,12.9,298.8,underway
V005,2026-09-11T03:40:00+00:00,19.7697,87.33384,9.9,291.7,underway
V005,2026-09-11T04:00:00+00:00,19.75464,87.31133,10.5,120.3,underway
V005,2026-09-11T04:20:00+00:00,19.72793,87.3758,11.9,113.6,underway
V005,2026-09-11T04:40:00+00:00,19.71661,87.43833,10.8,100.8,underway
V005,2026-09-11T05:00:00+00:00,19.68991,87.49509,10.8,116.4,underway
V005,2026-09-11T05:20:00+00:00,19.67715,87.55651,10.7,102.4,underway
V005,2026-09-11T05:40:00+00:00,19.67944,87.55966,9.1,275.1,underway
V005,2026-09-11T06:00:00+00:00,19.6873,87.50023,10.2,277.9,underway
V005,2026-09-11T06:20:00+00:00,19.70659,87.44467,10.0,290.1,underway
V005,2026-09-11T06:40:00+00:00,19.71131,87.3811,10.8,274.5,underway
V005,2026-09-11T07:00:00+00:00,19.71485,87.32458,9.6,273.8,underway
V005,2026-09-11T07:20:00+00:00,19.71316,87.29516,11.5,100.2,underway
V005,2026-09-11T07:40:00+00:00,19.68692,87.36467,12.7,111.7,underway
V005,2026-09-11T08:00:00+00:00,19.65876,87.43103,12.3,114.1,underway
V005,2026-09-11T08:20:00+00:00,19.6484,87.50099,12.0,98.9,underway
V005,2026-09-11T08:40:00+00:00,19.62817,87.54276,10.7,299.6,underway
V005,2026-09-11T09:00:00+00:00,19.64724,87.48767,10.0,290.1,underway
V005,2026-09-11T09:20:00+00:00,19.65706,87.42633,10.6,279.6,underway
V005,2026-09-11T09:40:00+00:00,19.66289,87.36982,9.7,276.2,underway
V005,2026-09-11T10:00:00+00:00,19.68697,87.2981,12.9,289.5,underway
V005,2026-09-11T10:20:00+00:00,19.6922,87.29305,11.6,90.7,underway
V005,2026-09-11T10:40:00+00:00,19.69396,87.35802,11.0,88.4,underway
V005,2026-09-11T11:00:00+00:00,19.69523,87.42146,10.8,88.8,underway
V005,2026-09-11T11:20:00+00:00,19.68239,87.49549,12.8,100.4,underway
V005,2026-09-11T11:40:00+00:00,19.68053,87.55696,10.4,91.8,underway
V005,2026-09-11T12:00:00+00:00,19.69543,87.5601,10.6,267.9,underway
V005,2026-09-11T12:20:00+00:00,19.68501,87.50388,9.7,258.9,underway
V005,2026-09-11T12:40:00+00:00,19.6879,87.43864,11.1,272.7,underway
V005,2026-09-11T13:00:00+00:00,19.68025,87.38205,9.7,261.9,underway
V005,2026-09-11T13:20:00+00:00,19.67535,87.30968,12.3,265.9,underway
V005,2026-09-11T13:40:00+00:00,19.6892,87.29305,11.9,89.3,underway
V005,2026-09-11T14:00:00+00:00,19.68001,87.34938,9.7,99.8,underway
V005,2026-09-11T14:20:00+00:00,19.68541,87.41795,11.7,85.3,underway
V005,2026-09-11T14:40:00+00:00,19.68504,87.4755,9.8,90.4,underway
V005,2026-09-11T15:00:00+00:00,19.69144,87.52833,9.0,82.7,underway
V005,2026-09-11T15:20:00+00:00,19.69095,87.56019,11.1,269.9,underway
V005,2026-09-11T15:40:00+00:00,19.7075,87.48765,12.7,283.5,underway
V006,2026-09-09T04:00:00+00:00,19.47561,86.52541,11.9,22.0,underway
V006,2026-09-09T04:20:00+00:00,19.52477,86.56423,11.0,209.1,underway
V006,2026-09-09T04:40:00+00:00,19.45368,86.54195,13.3,196.6,underway
V006,2026-09-09T05:00:00+00:00,19.39558,86.52976,10.6,191.3,underway
V006,2026-09-09T05:20:00+00:00,19.32709,86.52205,12.3,186.1,underway
V006,2026-09-09T05:40:00+00:00,19.29123,86.53119,12.0,346.2,underway
V006,2026-09-09T06:00:00+00:00,19.35575,86.51171,12.0,344.0,underway
V006,2026-09-09T06:20:00+00:00,19.41697,86.4727,12.8,328.8,underway
V006,2026-09-09T06:40:00+00:00,19.48802,86.44766,13.4,341.5,underway
V006,2026-09-09T07:00:00+00:00,19.52376,86.43253,12.8,149.9,underway
V006,2026-09-09T07:20:00+00:00,19.46433,86.47603,13.0,145.2,underway
V006,2026-09-09T07:40:00+00:00,19.41847,86.53864,13.4,127.6,underway
V006,2026-09-09T08:00:00+00:00,19.36334,86.57808,11.9,145.8,underway
V006,2026-09-09T08:20:00+00:00,19.3268,86.59581,12.1,313.6,underway
V006,2026-09-09T08:40:00+00:00,19.36653,86.55416,10.0,315.1,underway
V006,2026-09-09T09:00:00+00:00,19.42091,86.52602,10.9,333.8,underway
V006,2026-09-09T09:20:00+00:00,19.46598,86.48776,10.4,321.1,underway
V006,2026-09-09T09:40:00+00:00,19.51456,86.42919,13.2,311.1,underway
V006,2026-09-09T10:00:00+00:00,19.50457,86.40594,10.3,135.6,underway
V006,2026-09-09T10:20:00+00:00,19.45637,86.44349,10.7,143.5,underway
V006,2026-09-09T10:40:00+00:00,19.41757,86.50356,12.4,124.2,underway
V006,2026-09-09T11:00:00+00:00,19.37682,86.55993,12.0,127.3,underway
V006,2026-09-09T11:20:00+00:00,19.33561,86.60275,10.4,135.4,underway
V006,2026-09-09T11:40:00+00:00,19.32244,86.59122,12.8,316.4,underway
V006,2026-09-09T12:00:00+00:00,19.35004,86.53709,10.5,298.2,underway
V006,2026-09-09T12:20:00+00:00,19.38137,86.47498,12.0,298.0,underway
V006,2026-09-09T12:40:00+00:00,19.40052,86.41696,10.4,289.2,underway
V006,2026-09-09T13:00:00+00:00,19.41597,86.36598,10.5,90.8,underway
V006,2026-09-09T13:20:00+00:00,19.41012,86.44454,13.4,94.5,underway
V006,2026-09-09T13:40:00+00:00,19.42156,86.51556,12.2,80.4,underway
V006,2026-09-09T14:00:00+00:00,19.42131,86.57797,10.6,90.2,underway
V006,2026-09-09T14:20:00+00:00,19.54521,86.63129,13.7,274.0,underway
V006,2026-09-09T14:40:00+00:00,19.68475,86.58461,11.6,269.6,underway
V006,2026-09-09T15:00:00+00:00,19.83237,86.56044,12.1,283.1,underway
V006,2026-09-09T15:20:00+00:00,19.97376,86.55574,13.7,279.0,underway
V006,2026-09-09T15:40:00+00:00,20.11196,86.58355,11.3,105.9,underway
V006,2026-09-09T16:00:00+00:00,20.2446,86.62605,11.3,95.5,underway
V006,2026-09-09T16:20:00+00:00,20.11031,86.60816,13.9,92.9,underway
V006,2026-09-09T16:40:00+00:00,19.96943,86.61602,13.6,105.1,underway
V006,2026-09-09T17:00:00+00:00,19.81768,86.6282,13.3,280.7,underway
V006,2026-09-09T17:20:00+00:00,19.66976,86.58214,12.0,262.8,underway
V006,2026-09-09T17:40:00+00:00,19.53834,86.50532,13.7,281.1,underway
V006,2026-09-09T18:00:00+00:00,19.39832,86.41271,11.6,271.1,underway
V006,2026-09-09T18:20:00+00:00,19.40657,86.36621,11.4,86.6,underway
V006,2026-09-09T18:40:00+00:00,19.40878,86.42634,10.2,87.8,underway
V006,2026-09-09T19:00:00+00:00,19.41448,86.49651,12.0,85.1,underway
V006,2026-09-09T19:20:00+00:00,19.43841,86.55297,10.5,65.9,underway
V006,2026-09-09T19:40:00+00:00,19.44491,86.62867,13.1,255.9,underway
V006,2026-09-09T20:00:00+00:00,19.44908,86.55535,12.5,273.4,underway
V006,2026-09-09T20:20:00+00:00,19.46959,86.479,13.5,285.8,underway
V006,2026-09-09T20:40:00+00:00,19.49878,86.42821,10.1,301.2,underway
V006,2026-09-09T21:00:00+00:00,19.50547,86.40692,11.0,136.1,underway
V006,2026-09-09T21:20:00+00:00,19.45601,86.44578,11.1,143.3,underway
V006,2026-09-09T21:40:00+00:00,19.39358,86.49186,13.7,145.0,underway
V006,2026-09-09T22:00:00+00:00,19.34069,86.52426,11.0,149.8,underway
V006,2026-09-09T22:20:00+00:00,19.29774,86.5517,11.7,336.9,underway
V006,2026-09-09T22:40:00+00:00,19.35952,86.5459,11.1,354.9,underway
V006,2026-09-09T23:00:00+00:00,19.42781,86.52945,12.5,347.1,underway
V006,2026-09-09T23:20:00+00:00,19.48858,86.49532,12.3,331.9,underway
V006,2026-09-09T23:40:00+00:00,19.54005,86.48494,12.0,173.8,underway
V006,2026-09-10T00:00:00+00:00,19.47642,86.50346,11.8,164.5,underway
V006,2026-09-10T00:20:00+00:00,19.41929,86.51857,10.6,165.9,underway
V006,2026-09-10T00:40:00+00:00,19.36817,86.54859,10.5,150.9,underway
V006,2026-09-10T01:00:00+00:00,19.31931,86.58762,11.6,318.5,underway
V006,2026-09-10T01:20:00+00:00,19.35859,86.53842,10.9,310.1,underway
V006,2026-09-10T01:40:00+00:00,19.3857,86.47298,12.1,293.6,underway
V006,2026-09-10T02:00:00+00:00,19.42752,86.41489,12.4,307.2,underway
V006,2026-09-10T02:20:00+00:00,19.46478,86.37708,12.6,113.6,underway
V006,2026-09-10T02:40:00+00:00,19.45041,86.4508,12.8,101.6,underway
V006,2026-09-10T03:00:00+00:00,19.43858,86.52115,12.2,100.0,underway
V006,2026-09-10T03:20:00+00:00,19.42197,86.5885,11.8,104.6,underway
V006,2026-09-10T03:40:00+00:00,19.41451,86.63266,10.9,269.8,underway
V006,2026-09-10T04:00:00+00:00,19.40139,86.56342,12.0,258.7,underway
V006,2026-09-10T04:20:00+00:00,19.3825,86.49388,12.3,254.0,underway
V006,2026-09-10T04:40:00+00:00,19.34566,86.43945,11.4,234.5,underway
V006,2026-09-10T05:00:00+00:00,19.3354,86.39492,10.9,51.5,underway
V006,2026-09-10T05:20:00+00:00,19.37473,86.45149,11.9,53.8,underway
V006,2026-09-10T05:40:00+00:00,19.42946,86.5095,13.9,45.2,underway
V006,2026-09-10T06:00:00+00:00,19.48762,86.55567,13.0,37.0,underway
V006,2026-09-10T06:20:00+00:00,19.52251,86.56833,10.2,211.2,underway
V006,2026-09-10T06:40:00+00:00,19.47708,86.51875,11.7,226.0,underway
V006,2026-09-10T07:00:00+00:00,19.42061,86.48645,11.5,208.5,underway
V006,2026-09-10T07:20:00+00:00,19.35594,86.45309,12.9,206.1,underway
V006,2026-09-10T07:40:00+00:00,19.29941,86.443,10.9,25.0,underway
V006,2026-09-10T08:00:00+00:00,19.35183,86.49512,12.9,43.4,underway
V006,2026-09-10T08:20:00+00:00,19.40675,86.52789,11.3,29.5,underway
V006,2026-09-10T08:40:00+00:00,19.4715,86.55773,12.7,23.6,underway
V006,2026-09-10T09:00:00+00:00,19.51604,86.57851,13.4,216.4,underway
V006,2026-09-10T09:20:00+00:00,19.47223,86.5249,12.0,229.3,underway
V006,2026-09-10T09:40:00+00:00,19.43487,86.45984,12.9,238.8,underway
V006,2026-09-10T10:00:00+00:00,19.41138,86.39464,11.9,249.2,underway
V006,2026-09-10T10:20:00+00:00,19.40345,86.36645,12.8,85.1,underway
V006,2026-09-10T10:40:00+00:00,19.39157,86.42671,10.5,101.7,underway
V006,2026-09-10T11:00:00+00:00,19.36667,86.47917,10.0,116.6,underway
V006,2026-09-10T11:20:00+00:00,19.32515,86.53679,12.3,127.2,underway
V006,2026-09-10T11:40:00+00:00,19.31124,86.57696,13.8,324.4,underway
V006,2026-09-10T12:00:00+00:00,19.36586,86.53998,11.6,327.3,underway
V006,2026-09-10T12:20:00+00:00,19.43578,86.51115,13.4,338.6,underway
V006,2026-09-10T12:40:00+00:00,19.49702,86.49131,11.5,342.9,underway
V006,2026-09-10T13:00:00+00:00,19.53833,86.47315,11.8,168.7,underway
V006,2026-09-10T13:20:00+00:00,19.47624,86.47588,11.1,177.6,underway
V006,2026-09-10T13:40:00+00:00,19.40872,86.48432,12.2,173.2,underway
V006,2026-09-10T14:00:00+00:00,19.34717,86.49737,11.2,168.6,underway
V006,2026-09-10T14:20:00+00:00,19.28758,86.49745,13.4,0.8,underway
V006,2026-09-10T14:40:00+00:00,19.35308,86.49839,11.7,0.8,underway
V006,2026-09-10T15:00:00+00:00,19.41414,86.4849,11.2,348.1,underway
V006,2026-09-10T15:20:00+00:00,19.47563,86.45324,12.3,333.9,underway
V006,2026-09-10T15:40:00+00:00,19.52386,86.4327,10.3,150.0,underway
V006,2026-09-10T16:00:00+00:00,19.46268,86.44777,11.3,166.8,underway
V006,2026-09-10T16:20:00+00:00,19.38837,86.44699,13.3,180.6,underway
V006,2026-09-10T16:40:00+00:00,19.33146,86.42644,10.8,198.9,underway
V006,2026-09-10T17:00:00+00:00,19.30459,86.43253,13.6,30.1,underway
V006,2026-09-10T17:20:00+00:00,19.3603,86.44338,10.1,10.5,underway
V006,2026-09-10T17:40:00+00:00,19.42527,86.45928,11.9,13.1,underway
V006,2026-09-10T18:00:00+00:00,19.48844,86.49753,13.1,29.9,underway
V006,2026-09-10T18:20:00+00:00,19.5362,86.53486,14.0,195.5,underway
V006,2026-09-10T18:40:00+00:00,19.47171,86.51518,12.0,196.2,underway
V006,2026-09-10T19:00:00+00:00,19.41278,86.4881,11.5,203.6,underway
V006,2026-09-10T19:20:00+00:00,19.34723,86.46583,12.3,197.9,underway
V006,2026-09-10T19:40:00+00:00,19.29414,86.45691,13.7,18.5,underway
V006,2026-09-10T20:00:00+00:00,19.35485,86.48755,12.1,25.6,underway
V006,2026-09-10T20:20:00+00:00,19.41792,86.49873,11.5,9.6,underway
V006,2026-09-10T20:40:00+00:00,19.48573,86.50573,12.2,5.6,underway
V006,2026-09-10T21:00:00+00:00,19.53991,86.515,13.5,186.8,underway
V006,2026-09-10T21:20:00+00:00,19.47984,86.48504,11.9,205.3,underway
V006,2026-09-10T21:40:00+00:00,19.41579,86.4565,12.5,202.9,underway
V006,2026-09-10T22:00:00+00:00,19.36936,86.41124,11.3,222.8,underway
V006,2026-09-10T22:20:00+00:00,19.3398,86.3914,13.2,54.0,underway
V006,2026-09-10T22:40:00+00:00,19.38722,86.43459,11.2,40.9,underway
V006,2026-09-10T23:00:00+00:00,19.42426,86.50212,13.3,60.0,underway
V006,2026-09-10T23:20:00+00:00,19.45285,86.55534,10.4,60.5,underway
V006,2026-09-10T23:40:00+00:00,19.46656,86.62071,12.7,245.6,underway
V006,2026-09-11T00:00:00+00:00,19.45091,86.54054,13.9,258.4,underway
V006,2026-09-11T00:20:00+00:00,19.45534,86.47225,11.6,273.9,underway
V006,2026-09-11T00:40:00+00:00,19.44474,86.40784,11.1,260.2,underway
V006,2026-09-11T01:00:00+00:00,19.43034,86.36706,12.0,97.3,underway
V006,2026-09-11T01:20:00+00:00,19.43569,86.42965,10.7,84.9,underway
V006,2026-09-11T01:40:00+00:00,19.43561,86.50239,12.4,90.1,underway
V006,2026-09-11T02:00:00+00:00,19.44348,86.58389,13.9,84.2,underway
V006,2026-09-11T02:20:00+00:00,19.44099,86.62963,10.1,257.8,underway
V006,2026-09-11T02:40:00+00:00,19.4211,86.55546,13.1,254.2,underway
V006,2026-09-11T03:00:00+00:00,19.39278,86.48686,12.7,246.5,underway
V006,2026-09-11T03:20:00+00:00,19.34995,86.43907,11.2,226.7,underway
V006,2026-09-11T03:40:00+00:00,19.33273,86.39722,12.3,50.0,underway
V006,2026-09-11T04:00:00+00:00,19.36567,86.45002,10.7,56.7,underway
V006,2026-09-11T04:20:00+00:00,19.40308,86.50976,12.2,56.6,underway
V006,2026-09-11T04:40:00+00:00,19.45063,86.56392,12.5,47.2,underway
V006,2026-09-11T05:00:00+00:00,19.48921,86.60672,13.9,233.7,underway
V006,2026-09-11T05:20:00+00:00,19.45358,86.54974,11.6,236.6,underway
V006,2026-09-11T05:40:00+00:00,19.40932,86.5085,10.6,221.5,underway
V006,2026-09-11T06:00:00+00:00,19.37353,86.46047,10.4,231.9,underway
V006,2026-09-11T06:20:00+00:00,19.32539,86.4238,10.6,215.9,underway
V006,2026-09-11T06:40:00+00:00,19.31451,86.41707,13.3,38.1,underway
V006,2026-09-11T07:00:00+00:00,19.3687,86.46954,13.2,42.6,underway
V006,2026-09-11T07:20:00+00:00,19.4193,86.49449,10.0,25.1,underway
V006,2026-09-11T07:40:00+00:00,19.47017,86.53328,11.2,35.9,underway
V006,2026-09-11T08:00:00+00:00,19.51506,86.57988,11.4,217.2,underway
V006,2026-09-11T08:20:00+00:00,19.45881,86.55357,11.0,203.9,underway
V006,2026-09-11T08:40:00+00:00,19.38376,86.54256,13.6,187.9,underway
V006,2026-09-11T09:00:00+00:00,19.32158,86.52958,11.4,191.2,underway
V006,2026-09-11T09:20:00+00:00,19.28844,86.51498,11.5,353.3,underway
V006,2026-09-11T09:40:00+00:00,19.35709,86.48194,13.5,335.4,underway
V006,2026-09-11T10:00:00+00:00,19.42888,86.45253,13.8,338.7,underway
V006,2026-09-11T10:20:00+00:00,19.49248,86.42316,12.4,336.3,underway
V006,2026-09-11T10:40:00+00:00,19.51174,86.41433,10.1,140.4,underway
V006,2026-09-11T11:00:00+00:00,19.44267,86.44425,13.4,157.6,underway
V006,2026-09-11T11:20:00+00:00,19.37699,86.48382,13.6,150.2,underway
V006,2026-09-11T11:40:00+00:00,19.31738,86.50317,11.2,162.9,underway
V006,2026-09-11T12:00:00+00:00,19.2885,86.51551,13.8,353.0,underway
V006,2026-09-11T12:20:00+00:00,19.36471,86.50543,13.8,352.8,underway
V006,2026-09-11T12:40:00+00:00,19.42605,86.48514,11.5,342.6,underway
V006,2026-09-11T13:00:00+00:00,19.4859,86.4755,10.8,351.3,underway
V006,2026-09-11T13:20:00+00:00,19.53531,86.46051,13.5,163.1,underway
V006,2026-09-11T13:40:00+00:00,19.46542,86.48378,13.1,162.5,underway
V006,2026-09-11T14:00:00+00:00,19.41281,86.51299,10.7,152.2,underway
V006,2026-09-11T14:20:00+00:00,19.36296,86.5477,10.7,146.5,underway
V006,2026-09-11T14:40:00+00:00,19.3034,86.56389,11.1,331.0,underway
V006,2026-09-11T15:00:00+00:00,19.35545,86.53655,10.4,333.5,underway
V006,2026-09-11T15:20:00+00:00,19.41357,86.50781,11.5,334.8,underway
V006,2026-09-11T15:40:00+00:00,19.46346,86.47865,10.2,331.0,underway
V007,2026-09-09T04:00:00+00:00,20.2799,87.1831,8.3,91.6,underway
V007,2026-09-09T04:20:00+00:00,20.27076,87.2576,9.5,98.1,underway
V007,2026-09-09T04:40:00+00:00,20.26381,87.3419,11.0,271.0,underway
V007,2026-09-09T05:00:00+00:00,20.24897,87.39501,9.2,254.7,underway
V007,2026-09-09T05:20:00+00:00,20.2376,87.43155,8.7,268.1,underway
V007,2026-09-09T05:40:00+00:00,20.22315,87.43721,11.5,265.8,underway
V007,2026-09-09T06:00:00+00:00,20.21867,87.43662,8.8,278.0,underway
V007,2026-09-09T06:20:00+00:00,20.2227,87.39199,11.0,84.9,underway
V007,2026-09-09T06:40:00+00:00,20.23429,87.46173,12.0,80.0,underway
V007,2026-09-09T07:00:00+00:00,20.25891,87.52738,12.0,68.3,underway
V007,2026-09-09T07:20:00+00:00,20.27741,87.57719,9.1,68.5,underway
V007,2026-09-09T07:40:00+00:00,20.2966,87.62424,8.7,66.6,underway
V007,2026-09-09T08:00:00+00:00,20.2934,87.64379,9.2,241.9,underway
V007,2026-09-09T08:20:00+00:00,20.28114,87.58312,10.5,257.9,underway
V007,2026-09-09T08:40:00+00:00,20.26594,87.5316,9.1,252.7,underway
V007,2026-09-09T09:00:00+00:00,20.25462,87.47979,9.0,257.0,underway
V007,2026-09-09T09:20:00+00:00,20.2562,87.42876,8.6,271.9,underway
V007,2026-09-09T09:40:00+00:00,20.25461,87.39328,10.3,99.4,underway
V007,2026-09-09T10:00:00+00:00,20.25433,87.45968,11.2,90.3,underway
V007,2026-09-09T10:20:00+00:00,20.2589,87.52319,10.8,85.6,underway
V007,2026-09-09T10:40:00+00:00,20.26041,87.57867,9.4,88.4,underway
V007,2026-09-09T11:00:00+00:00,20.2654,87.62857,8.5,84.0,underway
V007,2026-09-09T11:20:00+00:00,20.2737,87.65272,11.6,251.7,underway
V007,2026-09-09T11:40:00+00:00,20.24775,87.59512,10.8,244.5,underway
V007,2026-09-09T12:00:00+00:00,20.20956,87.54886,10.4,228.9,underway
V007,2026-09-09T12:20:00+00:00,20.16833,87.50771,10.1,223.3,underway
V007,2026-09-09T12:40:00+00:00,20.12996,87.47906,8.4,215.2,underway
V007,2026-09-09T13:00:00+00:00,20.11851,87.47022,9.1,24.4,underway
V007,2026-09-09T13:20:00+00:00,20.17918,87.48085,11.0,9.4,underway
V007,2026-09-09T13:40:00+00:00,20.23367,87.48156,9.8,0.7,underway
V007,2026-09-09T14:00:00+00:00,20.2937,87.50106,11.2,17.1,underway
V007,2026-09-09T14:20:00+00:00,20.34836,87.53774,11.6,32.4,underway
V007,2026-09-09T14:40:00+00:00,20.35875,87.54749,9.3,189.4,underway
V007,2026-09-09T15:00:00+00:00,20.2989,87.55795,10.9,170.6,underway
V007,2026-09-09T15:20:00+00:00,20.24563,87.56074,9.6,177.2,underway
V007,2026-09-09T15:40:00+00:00,20.18579,87.56777,10.8,173.7,underway
V007,2026-09-09T16:00:00+00:00,20.13478,87.56622,9.1,181.6,underway
V007,2026-09-09T16:20:00+00:00,20.10885,87.54678,9.6,350.9,underway
V007,2026-09-09T16:40:00+00:00,20.15827,87.54314,8.9,356.0,underway
V007,2026-09-09T17:00:00+00:00,20.22041,87.52001,11.8,340.6,underway
V007,2026-09-09T17:20:00+00:00,20.28087,87.50871,11.0,350.0,underway
V007,2026-09-09T17:40:00+00:00,20.32167,87.48536,8.3,331.6,underway
V007,2026-09-09T18:00:00+00:00,20.34384,87.45911,8.9,150.3,underway
V007,2026-09-09T18:20:00+00:00,20.30105,87.49396,9.7,142.4,underway
V007,2026-09-09T18:40:00+00:00,20.27173,87.53997,9.4,124.0,underway
V007,2026-09-09T19:00:00+00:00,20.24022,87.58038,8.9,129.5,underway
V007,2026-09-09T19:20:00+00:00,20.19366,87.61738,10.4,143.1,underway
V007,2026-09-09T19:40:00+00:00,20.15671,87.63179,9.2,307.5,underway
V007,2026-09-09T20:00:00+00:00,20.19151,87.57905,10.9,304.9,underway
V007,2026-09-09T20:20:00+00:00,20.2135,87.53687,8.2,298.9,underway
V007,2026-09-09T20:40:00+00:00,20.25575,87.48765,11.3,312.3,underway
V007,2026-09-09T21:00:00+00:00,20.28154,87.44676,8.3,303.7,underway
V007,2026-09-09T21:20:00+00:00,20.31311,87.42098,10.6,128.8,underway
V007,2026-09-09T21:40:00+00:00,20.29514,87.47144,9.1,110.6,underway
V007,2026-09-09T22:00:00+00:00,20.28953,87.53804,11.3,95.1,underway
V007,2026-09-09T22:20:00+00:00,20.297,87.60736,11.8,83.5,underway
V007,2026-09-09T22:40:00+00:00,20.28896,87.64617,8.5,244.2,underway
V007,2026-09-09T23:00:00+00:00,20.27218,87.59153,9.7,252.0,underway
V007,2026-09-09T23:20:00+00:00,20.26315,87.52447,11.5,261.9,underway
V007,2026-09-09T23:40:00+00:00,20.24937,87.47635,8.5,253.1,underway
V007,2026-09-10T00:00:00+00:00,20.25031,87.41818,9.8,271.0,underway
V007,2026-09-10T00:20:00+00:00,20.26139,87.39468,10.9,102.6,underway
V007,2026-09-10T00:40:00+00:00,20.2373,87.45747,11.5,112.1,underway
V007,2026-09-10T01:00:00+00:00,20.21186,87.5098,10.0,117.2,underway
V007,2026-09-10T01:20:00+00:00,20.20188,87.57359,10.9,99.4,underway
V007,2026-09-10T01:40:00+00:00,20.1954,87.63345,10.2,96.5,underway
V007,2026-09-10T02:00:00+00:00,20.18728,87.65014,8.7,291.6,underway
V007,2026-09-10T02:20:00+00:00,20.21194,87.60846,8.3,302.1,underway
V007,2026-09-10T02:40:00+00:00,20.25289,87.5571,11.4,310.2,underway
V007,2026-09-10T03:00:00+00:00,20.28227,87.50455,10.3,300.6,underway
V007,2026-09-10T03:20:00+00:00,20.32761,87.4634,10.7,319.4,underway
V007,2026-09-10T03:40:00+00:00,20.33859,87.45019,9.1,145.8,underway
V007,2026-09-10T04:00:00+00:00,20.30553,87.49469,9.6,128.2,underway
V007,2026-09-10T04:20:00+00:00,20.2771,87.53821,9.0,124.7,underway
V007,2026-09-10T04:40:00+00:00,20.25501,87.58396,8.7,117.1,underway
V007,2026-09-10T05:00:00+00:00,20.22003,87.63616,10.8,125.4,underway
V007,2026-09-10T05:20:00+00:00,20.20503,87.65602,9.1,283.2,underway
V007,2026-09-10T05:40:00+00:00,20.21823,87.59903,9.9,283.8,underway
V007,2026-09-10T06:00:00+00:00,20.24586,87.55074,9.6,301.2,underway
V007,2026-09-10T06:20:00+00:00,20.27154,87.48725,11.7,293.2,underway
V007,2026-09-10T06:40:00+00:00,20.28048,87.42651,10.4,278.9,underway
V007,2026-09-10T07:00:00+00:00,20.27159,87.39756,11.4,107.3,underway
V007,2026-09-10T07:20:00+00:00,20.25097,87.45999,11.2,109.3,underway
V007,2026-09-10T07:40:00+00:00,20.24462,87.52354,10.8,96.0,underway
V007,2026-09-10T08:00:00+00:00,20.23494,87.5817,10.0,100.0,underway
V007,2026-09-10T08:20:00+00:00,20.21237,87.64515,11.5,110.6,underway
V007,2026-09-10T08:40:00+00:00,20.21397,87.65787,9.3,279.0,underway
V007,2026-09-10T09:00:00+00:00,20.21699,87.60494,9.0,273.5,underway
V007,2026-09-10T09:20:00+00:00,20.20435,87.5518,9.3,255.9,underway
V007,2026-09-10T09:40:00+00:00,20.1773,87.49374,11.0,243.8,underway
V007,2026-09-10T10:00:00+00:00,20.15452,87.449,8.6,241.7,underway
V007,2026-09-10T10:20:00+00:00,20.14677,87.4282,10.0,46.5,underway
V007,2026-09-10T10:40:00+00:00,20.1839,87.46244,8.8,41.1,underway
V007,2026-09-10T11:00:00+00:00,20.22569,87.48209,8.2,23.9,underway
V007,2026-09-10T11:20:00+00:00,20.27075,87.52755,11.1,43.6,underway
V007,2026-09-10T11:40:00+00:00,20.32555,87.55709,11.0,27.0,underway
V007,2026-09-10T12:00:00+00:00,20.34508,87.58955,10.4,208.5,underway
V007,2026-09-10T12:20:00+00:00,20.29009,87.57622,10.1,192.9,underway
V007,2026-09-10T12:40:00+00:00,20.24117,87.56684,8.9,190.3,underway
V007,2026-09-10T13:00:00+00:00,20.19649,87.5568,8.2,192.0,underway
V007,2026-09-10T13:20:00+00:00,20.144,87.52629,10.7,208.8,underway
V007,2026-09-10T13:40:00+00:00,20.11102,87.49298,11.9,14.0,underway
V007,2026-09-10T14:00:00+00:00,20.159,87.51161,9.2,20.1,underway
V007,2026-09-10T14:20:00+00:00,20.20684,87.52053,8.7,10.0,underway
V007,2026-09-10T14:40:00+00:00,20.26887,87.51024,11.2,351.1,underway
V007,2026-09-10T15:00:00+00:00,20.3208,87.51474,9.3,4.7,underway
V007,2026-09-10T15:20:00+00:00,20.35947,87.50878,10.7,172.8,underway
V007,2026-09-10T15:40:00+00:00,20.29374,87.50065,11.9,186.7,underway
V007,2026-09-10T16:00:00+00:00,20.23115,87.50832,11.3,173.4,underway
V007,2026-09-10T16:20:00+00:00,20.1695,87.50075,11.1,186.6,underway
V007,2026-09-10T16:40:00+00:00,20.11989,87.50104,8.9,179.7,underway
V007,2026-09-10T17:00:00+00:00,20.10994,87.49799,9.4,11.8,underway
V007,2026-09-10T17:20:00+00:00,20.16735,87.505,10.4,6.6,underway
V007,2026-09-10T17:40:00+00:00,20.23138,87.50661,11.5,1.4,underway
V007,2026-09-10T18:00:00+00:00,20.27721,87.49887,8.3,350.9,underway
V007,2026-09-10T18:20:00+00:00,20.33635,87.49186,10.7,353.6,underway
V007,2026-09-10T18:40:00+00:00,20.35901,87.50526,11.0,171.3,underway
V007,2026-09-10T19:00:00+00:00,20.293,87.49603,11.9,187.5,underway
V007,2026-09-10T19:20:00+00:00,20.23681,87.48842,10.1,187.3,underway
V007,2026-09-10T19:40:00+00:00,20.18496,87.49458,9.3,173.6,underway
V007,2026-09-10T20:00:00+00:00,20.13776,87.49733,8.5,176.8,underway
V007,2026-09-10T20:20:00+00:00,20.10992,87.49806,8.8,11.8,underway
V007,2026-09-10T20:40:00+00:00,20.17614,87.50984,12.0,9.5,underway
V007,2026-09-10T21:00:00+00:00,20.22218,87.50397,8.3,353.1,underway
V007,2026-09-10T21:20:00+00:00,20.27127,87.49546,8.9,350.7,underway
V007,2026-09-10T21:40:00+00:00,20.31682,87.49515,8.2,359.6,underway
V007,2026-09-10T22:00:00+00:00,20.3599,87.51282,11.6,174.6,underway
V007,2026-09-10T22:20:00+00:00,20.30522,87.50669,9.8,186.0,underway
V007,2026-09-10T22:40:00+00:00,20.24502,87.50961,10.8,177.4,underway
V007,2026-09-10T23:00:00+00:00,20.19016,87.51167,9.8,178.0,underway
V007,2026-09-10T23:20:00+00:00,20.13548,87.52031,9.9,171.5,underway
V007,2026-09-10T23:40:00+00:00,20.10726,87.52316,11.5,1.0,underway
V007,2026-09-11T00:00:00+00:00,20.15423,87.53851,8.8,17.2,underway
V007,2026-09-11T00:20:00+00:00,20.20893,87.54768,9.9,9.0,underway
V007,2026-09-11T00:40:00+00:00,20.26111,87.55894,9.5,11.5,underway
V007,2026-09-11T01:00:00+00:00,20.3085,87.55837,8.5,359.3,underway
V007,2026-09-11T01:20:00+00:00,20.35843,87.54943,10.0,190.3,underway
V007,2026-09-11T01:40:00+00:00,20.30097,87.51553,11.8,209.1,underway
V007,2026-09-11T02:00:00+00:00,20.2524,87.4663,12.0,223.8,underway
V007,2026-09-11T02:20:00+00:00,20.22475,87.41073,10.6,242.2,underway
V007,2026-09-11T02:40:00+00:00,20.21631,87.39276,8.4,82.0,underway
V007,2026-09-11T03:00:00+00:00,20.21725,87.4553,10.6,89.1,underway
V007,2026-09-11T03:20:00+00:00,20.22638,87.5162,10.4,81.0,underway
V007,2026-09-11T03:40:00+00:00,20.2175,87.57497,10.1,99.1,underway
V007,2026-09-11T04:00:00+00:00,20.20401,87.62832,9.3,105.0,underway
V007,2026-09-11T04:20:00+00:00,20.20362,87.65566,11.7,283.8,underway
V007,2026-09-11T04:40:00+00:00,20.19923,87.60325,8.9,264.9,underway
V007,2026-09-11T05:00:00+00:00,20.20124,87.54456,9.9,272.1,underway
V007,2026-09-11T05:20:00+00:00,20.18614,87.48283,10.8,255.5,underway
V007,2026-09-11T05:40:00+00:00,20.16649,87.42455,10.5,250.4,underway
V007,2026-09-11T06:00:00+00:00,20.16825,87.41086,10.3,58.8,underway
V007,2026-09-11T06:20:00+00:00,20.19427,87.46136,9.7,61.4,underway
V007,2026-09-11T06:40:00+00:00,20.2287,87.49904,8.9,46.0,underway
V007,2026-09-11T07:00:00+00:00,20.25619,87.55277,10.3,61.6,underway
V007,2026-09-11T07:20:00+00:00,20.30113,87.60211,11.6,46.0,underway
V007,2026-09-11T07:40:00+00:00,20.32562,87.61784,8.5,223.5,underway
V007,2026-09-11T08:00:00+00:00,20.28935,87.57974,9.2,224.8,underway
V007,2026-09-11T08:20:00+00:00,20.24797,87.53692,10.4,224.3,underway
V007,2026-09-11T08:40:00+00:00,20.19933,87.50295,10.4,213.4,underway
V007,2026-09-11T09:00:00+00:00,20.14515,87.48439,10.2,197.9,underway
V007,2026-09-11T09:20:00+00:00,20.11724,87.47328,8.5,22.9,underway
V007,2026-09-11T09:40:00+00:00,20.16174,87.48973,8.4,19.3,underway
V007,2026-09-11T10:00:00+00:00,20.22373,87.50958,11.6,16.8,underway
V007,2026-09-11T10:20:00+00:00,20.28188,87.53061,11.0,18.9,underway
V007,2026-09-11T10:40:00+00:00,20.32384,87.55536,8.6,29.1,underway
V007,2026-09-11T11:00:00+00:00,20.34382,87.59193,11.0,209.7,underway
V007,2026-09-11T11:20:00+00:00,20.28164,87.57577,11.5,193.8,underway
V007,2026-09-11T11:40:00+00:00,20.233,87.56718,8.8,189.5,underway
V007,2026-09-11T12:00:00+00:00,20.18168,87.53844,10.4,207.9,underway
V007,2026-09-11T12:20:00+00:00,20.14389,87.50619,8.7,218.9,underway
V007,2026-09-11T12:40:00+00:00,20.11839,87.47051,8.4,24.2,underway
V007,2026-09-11T13:00:00+00:00,20.17066,87.484,9.6,13.7,underway
V007,2026-09-11T13:20:00+00:00,20.22913,87.47783,10.5,354.3,underway
V007,2026-09-11T13:40:00+00:00,20.27898,87.46152,9.3,342.8,underway
V007,2026-09-11T14:00:00+00:00,20.33333,87.45254,9.9,351.1,underway
V007,2026-09-11T14:20:00+00:00,20.35175,87.47664,10.6,158.6,underway
V007,2026-09-11T14:40:00+00:00,20.29407,87.48359,10.4,173.5,underway
V007,2026-09-11T15:00:00+00:00,20.23016,87.47141,11.6,190.2,underway
V007,2026-09-11T15:20:00+00:00,20.16812,87.47494,11.1,176.9,underway
V007,2026-09-11T15:40:00+00:00,20.1124,87.48764,11.2,16.4,underway
V008,2026-09-09T04:00:00+00:00,19.65331,87.40923,13.4,128.1,underway
V008,2026-09-09T04:20:00+00:00,19.62623,87.45597,11.6,305.4,underway
V008,2026-09-09T04:40:00+00:00,19.65963,87.39092,12.6,298.4,underway
V008,2026-09-09T05:00:00+00:00,19.67275,87.31088,13.8,279.8,underway
V008,2026-09-09T05:20:00+00:00,19.67219,87.24276,11.6,269.5,underway
V008,2026-09-09T05:40:00+00:00,19.68328,87.21453,10.2,82.6,underway
V008,2026-09-09T06:00:00+00:00,19.66923,87.28309,11.9,102.2,underway
V008,2026-09-09T06:20:00+00:00,19.64192,87.34828,12.1,113.8,underway
V008,2026-09-09T06:40:00+00:00,19.63454,87.41368,11.2,96.8,underway
V008,2026-09-09T07:00:00+00:00,19.65302,87.47128,13.9,291.5,underway
V008,2026-09-09T07:20:00+00:00,19.69559,87.41053,12.8,306.5,underway
V008,2026-09-09T07:40:00+00:00,19.749,87.36312,12.5,319.9,underway
V008,2026-09-09T08:00:00+00:00,19.79967,87.29927,14.1,309.9,underway
V008,2026-09-09T08:20:00+00:00,19.8093,87.28053,11.2,150.2,underway
V008,2026-09-09T08:40:00+00:00,19.76082,87.31259,10.2,147.9,underway
V008,2026-09-09T09:00:00+00:00,19.69484,87.32778,12.1,167.7,underway
V008,2026-09-09T09:20:00+00:00,19.63893,87.34134,10.3,167.1,underway
V008,2026-09-09T09:40:00+00:00,19.58061,87.34076,10.4,180.5,underway
V008,2026-09-09T10:00:00+00:00,19.57315,87.33819,12.7,3.8,underway
V008,2026-09-09T10:20:00+00:00,19.64793,87.34898,13.5,7.8,underway
V008,2026-09-09T10:40:00+00:00,19.71249,87.38292,12.9,26.5,underway
V008,2026-09-09T11:00:00+00:00,19.76873,87.40988,11.1,24.4,underway
V008,2026-09-09T11:20:00+00:00,19.79419,87.43567,12.2,221.6,underway
V008,2026-09-09T11:40:00+00:00,19.73882,87.3932,12.3,216.0,underway
V008,2026-09-09T12:00:00+00:00,19.68644,87.36324,10.7,208.5,underway
V008,2026-09-09T12:20:00+00:00,19.63523,87.32754,11.0,213.5,underway
V008,2026-09-09T12:40:00+00:00,19.59187,87.27663,13.1,31.8,underway
V008,2026-09-09T13:00:00+00:00,19.65267,87.30662,12.0,25.1,underway
V008,2026-09-09T13:20:00+00:00,19.69959,87.35204,11.4,42.5,underway
V008,2026-09-09T13:40:00+00:00,19.75418,87.39384,12.1,36.0,underway
V008,2026-09-09T14:00:00+00:00,19.80629,87.41875,11.1,212.5,underway
V008,2026-09-09T14:20:00+00:00,19.75886,87.36408,12.6,227.5,underway
V008,2026-09-09T14:40:00+00:00,19.71475,87.30285,13.1,232.8,underway
V008,2026-09-09T15:00:00+00:00,19.6637,87.25999,11.7,218.5,underway
V008,2026-09-09T15:20:00+00:00,19.61056,87.25193,14.1,45.4,underway
V008,2026-09-09T15:40:00+00:00,19.66404,87.2987,12.4,39.7,underway
V008,2026-09-09T16:00:00+00:00,19.70772,87.34173,10.7,43.0,underway
V008,2026-09-09T16:20:00+00:00,19.75626,87.40492,13.8,51.0,underway
V008,2026-09-09T16:40:00+00:00,19.77418,87.45487,10.5,233.8,underway
V008,2026-09-09T17:00:00+00:00,19.72486,87.40832,11.9,221.8,underway
V008,2026-09-09T17:20:00+00:00,19.683,87.36465,10.5,224.7,underway
V008,2026-09-09T17:40:00+00:00,19.64181,87.29932,13.3,236.4,underway
V008,2026-09-09T18:00:00+00:00,19.60542,87.2576,13.3,42.0,underway
V008,2026-09-09T18:20:00+00:00,19.65702,87.28614,10.4,27.7,underway
V008,2026-09-09T18:40:00+00:00,19.70153,87.33508,11.5,46.2,underway
V008,2026-09-09T19:00:00+00:00,19.75894,87.38716,13.6,40.7,underway
V008,2026-09-09T19:20:00+00:00,19.80742,87.41684,13.6,211.5,underway
V008,2026-09-09T19:40:00+00:00,19.7584,87.37322,11.5,220.1,underway
V008,2026-09-09T20:00:00+00:00,19.71074,87.31677,12.8,228.3,underway
V008,2026-09-09T20:20:00+00:00,19.67784,87.24667,13.3,243.7,underway
V008,2026-09-09T20:40:00+00:00,19.65889,87.22048,13.7,71.3,underway
V008,2026-09-09T21:00:00+00:00,19.66759,87.30324,14.1,83.7,underway
V008,2026-09-09T21:20:00+00:00,19.68884,87.36384,11.0,69.7,underway
V008,2026-09-09T21:40:00+00:00,19.69477,87.43917,12.8,85.3,underway
V008,2026-09-09T22:00:00+00:00,19.70366,87.48052,11.7,268.1,underway
V008,2026-09-09T22:20:00+00:00,19.71577,87.39985,13.9,279.0,underway
V008,2026-09-09T22:40:00+00:00,19.72871,87.33818,10.7,282.5,underway
V008,2026-09-09T23:00:00+00:00,19.7513,87.27694,11.2,291.3,underway
V008,2026-09-09T23:20:00+00:00,19.76588,87.23327,12.8,121.6,underway
V008,2026-09-09T23:40:00+00:00,19.72105,87.2726,10.4,140.3,underway
V008,2026-09-10T00:00:00+00:00,19.67359,87.33698,13.8,127.9,underway
V008,2026-09-10T00:20:00+00:00,19.63174,87.3873,11.4,131.3,underway
V008,2026-09-10T00:40:00+00:00,19.60401,87.43476,12.0,318.9,underway
V008,2026-09-10T01:00:00+00:00,19.67072,87.40598,12.9,337.8,underway
V008,2026-09-10T01:20:00+00:00,19.74587,87.38711,13.8,346.6,underway
V008,2026-09-10T01:40:00+00:00,19.80966,87.38729,11.4,0.2,underway
V008,2026-09-10T02:00:00+00:00,19.82527,87.36218,13.7,186.5,underway
V008,2026-09-10T02:20:00+00:00,19.87032,87.29324,13.2,188.4,underway
V008,2026-09-10T02:40:00+00:00,19.94801,87.2255,11.1,193.4,underway
V008,2026-09-10T03:00:00+00:00,20.0472,87.17346,10.3,174.2,underway
V008,2026-09-10T03:20:00+00:00,20.16406,87.12084,13.7,357.8,underway
V008,2026-09-10T03:40:00+00:00,20.32294,87.06072,12.2,349.1,underway
V008,2026-09-10T04:00:00+00:00,20.45961,87.00513,11.1,333.0,underway
V008,2026-09-10T04:20:00+00:00,20.33922,87.04841,10.7,315.3,underway
V008,2026-09-10T04:40:00+00:00,20.22501,87.07922,10.4,116.4,underway
V008,2026-09-10T05:00:00+00:00,20.08581,87.14473,12.5,129.1,underway
V008,2026-09-10T05:20:00+00:00,19.93315,87.21806,10.2,137.8,underway
V008,2026-09-10T05:40:00+00:00,19.76457,87.32004,12.7,128.7,underway
V008,2026-09-10T06:00:00+00:00,19.60968,87.44119,11.4,315.2,underway
V008,2026-09-10T06:20:00+00:00,19.63794,87.38079,11.4,296.3,underway
V008,2026-09-10T06:40:00+00:00,19.6755,87.33519,10.3,311.0,underway
V008,2026-09-10T07:00:00+00:00,19.72108,87.27876,12.6,310.4,underway
V008,2026-09-10T07:20:00+00:00,19.76909,87.23982,10.8,322.5,underway
V008,2026-09-10T07:40:00+00:00,19.79145,87.2552,13.3,136.6,underway
V008,2026-09-10T08:00:00+00:00,19.7562,87.31943,12.6,120.1,underway
V008,2026-09-10T08:20:00+00:00,19.70445,87.38201,14.1,131.1,underway
V008,2026-09-10T08:40:00+00:00,19.65761,87.44736,13.9,127.1,underway
V008,2026-09-10T09:00:00+00:00,19.6292,87.45812,10.3,303.7,underway
V008,2026-09-10T09:20:00+00:00,19.66088,87.39078,12.8,296.4,underway
V008,2026-09-10T09:40:00+00:00,19.68227,87.32498,11.8,288.9,underway
V008,2026-09-10T10:00:00+00:00,19.71685,87.25441,13.5,297.3,underway
V008,2026-09-10T10:20:00+00:00,19.72609,87.21642,10.2,102.1,underway
V008,2026-09-10T10:40:00+00:00,19.72543,87.28867,12.3,90.6,underway
V008,2026-09-10T11:00:00+00:00,19.7096,87.3548,11.6,104.2,underway
V008,2026-09-10T11:20:00+00:00,19.69993,87.42191,11.5,98.6,underway
V008,2026-09-10T11:40:00+00:00,19.68181,87.47929,13.6,278.0,underway
V008,2026-09-10T12:00:00+00:00,19.67381,87.39682,14.1,264.2,underway
V008,2026-09-10T12:20:00+00:00,19.67075,87.33171,11.1,267.2,underway
V008,2026-09-10T12:40:00+00:00,19.67324,87.25281,13.4,271.9,underway
V008,2026-09-10T13:00:00+00:00,19.67801,87.21537,10.3,80.2,underway
V008,2026-09-10T13:20:00+00:00,19.68282,87.29033,12.8,86.1,underway
V008,2026-09-10T13:40:00+00:00,19.68521,87.3667,13.0,88.1,underway
V008,2026-09-10T14:00:00+00:00,19.68467,87.43499,11.6,90.5,underway
V008,2026-09-10T14:20:00+00:00,19.68516,87.47974,11.2,276.5,underway
V008,2026-09-10T14:40:00+00:00,19.68107,87.40694,12.4,266.6,underway
V008,2026-09-10T15:00:00+00:00,19.65626,87.33257,13.4,250.6,underway
V008,2026-09-10T15:20:00+00:00,19.65592,87.26925,10.8,269.7,underway
V008,2026-09-10T15:40:00+00:00,19.66609,87.21816,11.8,74.7,underway
V008,2026-09-10T16:00:00+00:00,19.66085,87.29983,13.9,93.9,underway
V008,2026-09-10T16:20:00+00:00,19.65171,87.36174,10.6,98.9,underway
V008,2026-09-10T16:40:00+00:00,19.64046,87.42524,11.0,100.6,underway
V008,2026-09-10T17:00:00+00:00,19.63268,87.46049,11.2,301.8,underway
V008,2026-09-10T17:20:00+00:00,19.67575,87.39814,13.1,306.1,underway
V008,2026-09-10T17:40:00+00:00,19.73589,87.34893,13.6,322.2,underway
V008,2026-09-10T18:00:00+00:00,19.80377,87.31769,13.3,336.4,underway
V008,2026-09-10T18:20:00+00:00,19.82008,87.30633,11.6,162.3,underway
V008,2026-09-10T18:40:00+00:00,19.75444,87.31773,11.9,170.7,underway
V008,2026-09-10T19:00:00+00:00,19.69326,87.31203,11.0,185.0,underway
V008,2026-09-10T19:20:00+00:00,19.62185,87.28229,13.8,201.5,underway
V008,2026-09-10T19:40:00+00:00,19.59008,87.27978,11.0,30.2,underway
V008,2026-09-10T20:00:00+00:00,19.63275,87.32005,10.3,41.8,underway
V008,2026-09-10T20:20:00+00:00,19.67073,87.36489,10.2,48.2,underway
V008,2026-09-10T20:40:00+00:00,19.70869,87.43564,13.8,60.5,underway
V008,2026-09-10T21:00:00+00:00,19.72861,87.47701,11.6,256.7,underway
V008,2026-09-10T21:20:00+00:00,19.70197,87.4144,11.7,245.8,underway
V008,2026-09-10T21:40:00+00:00,19.69303,87.34642,11.7,262.1,underway
V008,2026-09-10T22:00:00+00:00,19.6909,87.26641,13.6,268.4,underway
V008,2026-09-10T22:20:00+00:00,19.67238,87.21653,10.2,77.6,underway
V008,2026-09-10T22:40:00+00:00,19.67669,87.28185,11.1,86.0,underway
V008,2026-09-10T23:00:00+00:00,19.6876,87.34832,11.5,80.2,underway
V008,2026-09-10T23:20:00+00:00,19.70152,87.41301,11.3,77.2,underway
V008,2026-09-10T23:40:00+00:00,19.69873,87.48059,12.1,270.3,underway
V008,2026-09-11T00:00:00+00:00,19.72365,87.40673,13.3,289.6,underway
V008,2026-09-11T00:20:00+00:00,19.74849,87.32926,13.9,288.7,underway
V008,2026-09-11T00:40:00+00:00,19.78683,87.25763,14.0,299.5,underway
V008,2026-09-11T01:00:00+00:00,19.7728,87.23811,11.3,125.4,underway
V008,2026-09-11T01:20:00+00:00,19.7544,87.29474,10.2,108.9,underway
V008,2026-09-11T01:40:00+00:00,19.71977,87.3493,11.1,123.8,underway
V008,2026-09-11T02:00:00+00:00,19.6883,87.41561,12.6,116.6,underway
V008,2026-09-11T02:20:00+00:00,19.64499,87.46151,11.0,134.9,underway
V008,2026-09-11T02:40:00+00:00,19.64245,87.46628,13.3,296.8,underway
V008,2026-09-11T03:00:00+00:00,19.69023,87.40793,13.1,310.8,underway
V008,2026-09-11T03:20:00+00:00,19.71873,87.33595,13.2,292.7,underway
V008,2026-09-11T03:40:00+00:00,19.74169,87.27025,11.9,290.2,underway
V008,2026-09-11T04:00:00+00:00,19.7396,87.22032,13.9,108.5,underway
V008,2026-09-11T04:20:00+00:00,19.70702,87.29116,13.4,115.9,underway
V008,2026-09-11T04:40:00+00:00,19.69106,87.37068,13.8,102.0,underway
V008,2026-09-11T05:00:00+00:00,19.69406,87.43752,11.4,87.3,underway
V008,2026-09-11T05:20:00+00:00,19.69738,87.48058,11.6,271.0,underway
V008,2026-09-11T05:40:00+00:00,19.71017,87.41116,12.0,281.0,underway
V008,2026-09-11T06:00:00+00:00,19.71808,87.34213,11.8,276.9,underway
V008,2026-09-11T06:20:00+00:00,19.73365,87.26848,12.8,282.6,underway
V008,2026-09-11T06:40:00+00:00,19.73765,87.21965,11.5,107.5,underway
V008,2026-09-11T07:00:00+00:00,19.69932,87.2811,12.5,123.3,underway
V008,2026-09-11T07:20:00+00:00,19.67354,87.35052,12.7,111.4,underway
V008,2026-09-11T07:40:00+00:00,19.67144,87.41344,10.7,92.0,underway
V008,2026-09-11T08:00:00+00:00,19.66698,87.47612,12.4,284.9,underway
V008,2026-09-11T08:20:00+00:00,19.69525,87.4052,13.1,292.8,underway
V008,2026-09-11T08:40:00+00:00,19.70159,87.32463,13.7,274.7,underway
V008,2026-09-11T09:00:00+00:00,19.68862,87.26378,10.6,257.3,underway
V008,2026-09-11T09:20:00+00:00,19.6969,87.21346,14.0,88.8,underway
V008,2026-09-11T09:40:00+00:00,19.69705,87.2733,10.2,89.8,underway
V008,2026-09-11T10:00:00+00:00,19.71039,87.34443,12.3,78.8,underway
V008,2026-09-11T10:20:00+00:00,19.71743,87.41668,12.3,84.1,underway
V008,2026-09-11T10:40:00+00:00,19.70095,87.48059,12.3,269.3,underway
V008,2026-09-11T11:00:00+00:00,19.71839,87.40034,14.0,282.9,underway
V008,2026-09-11T11:20:00+00:00,19.71295,87.3179,14.0,266.0,underway
V008,2026-09-11T11:40:00+00:00,19.72674,87.23651,14.0,280.1,underway
V008,2026-09-11T12:00:00+00:00,19.71968,87.21515,10.4,99.2,underway
V008,2026-09-11T12:20:00+00:00,19.70271,87.27255,10.2,107.3,underway
V008,2026-09-11T12:40:00+00:00,19.69171,87.35428,14.0,98.1,underway
V008,2026-09-11T13:00:00+00:00,19.69579,87.41503,10.3,85.9,underway
V008,2026-09-11T13:20:00+00:00,19.68713,87.47996,14.0,275.6,underway
V008,2026-09-11T13:40:00+00:00,19.68299,87.41265,11.5,266.3,underway
V008,2026-09-11T14:00:00+00:00,19.65791,87.34734,12.0,247.9,underway
V008,2026-09-11T14:20:00+00:00,19.62514,87.28928,11.5,239.2,underway
V008,2026-09-11T14:40:00+00:00,19.61032,87.25217,14.1,45.2,underway
V008,2026-09-11T15:00:00+00:00,19.64622,87.30635,11.2,55.0,underway
V008,2026-09-11T15:20:00+00:00,19.6886,87.36342,12.3,51.9,underway
V008,2026-09-11T15:40:00+00:00,19.72935,87.40993,10.8,47.2,underway
V009,2026-09-09T04:00:00+00:00,19.49208,86.50834,14.8,86.1,underway
V009,2026-09-09T04:20:00+00:00,19.48684,86.5551,13.7,269.8,underway
V009,2026-09-09T04:40:00+00:00,19.51312,86.47684,14.1,289.5,underway
V009,2026-09-09T05:00:00+00:00,19.54045,86.41786,11.2,296.0,underway
V009,2026-09-09T05:20:00+00:00,19.57179,86.36259,10.9,300.9,underway
V009,2026-09-09T05:40:00+00:00,19.58312,86.33548,12.4,139.7,underway
V009,2026-09-09T06:00:00+00:00,19.52344,86.38446,13.5,142.1,underway
V009,2026-09-09T06:20:00+00:00,19.46597,86.43567,13.5,139.8,underway
V009,2026-09-09T06:40:00+00:00,19.41154,86.48732,13.1,138.0,underway
V009,2026-09-09T07:00:00+00:00,19.3912,86.50952,13.4,318.8,underway
V009,2026-09-09T07:20:00+00:00,19.44145,86.46126,12.2,317.6,underway
V009,2026-09-09T07:40:00+00:00,19.49379,86.41415,12.3,319.5,underway
V009,2026-09-09T08:00:00+00:00,19.563,86.37618,14.0,332.5,underway
V009,2026-09-09T08:20:00+00:00,19.60377,86.37141,12.2,157.9,underway
V009,2026-09-09T08:40:00+00:00,19.54046,86.42655,14.7,140.4,underway
V009,2026-09-09T09:00:00+00:00,19.49113,86.48619,13.4,131.1,underway
V009,2026-09-09T09:20:00+00:00,19.44092,86.52445,11.1,144.1,underway
V009,2026-09-09T09:40:00+00:00,19.40221,86.52124,13.5,311.7,underway
V009,2026-09-09T10:00:00+00:00,19.46838,86.47884,13.9,328.7,underway
V009,2026-09-09T10:20:00+00:00,19.56246,86.48702,14.2,319.2,underway
V009,2026-09-09T10:40:00+00:00,19.63728,86.52834,12.2,333.5,underway
V009,2026-09-09T11:00:00+00:00,19.67003,86.59006,13.1,161.7,underway
V009,2026-09-09T11:20:00+00:00,19.67054,86.65955,11.1,181.6,underway
V009,2026-09-09T11:40:00+00:00,19.69079,86.72748,12.3,191.9,underway
V009,2026-09-09T12:00:00+00:00,19.73337,86.80039,11.5,180.1,underway
V009,2026-09-09T12:20:00+00:00,19.6722,86.73027,13.5,18.3,underway
V009,2026-09-09T12:40:00+00:00,19.63599,86.6622,13.5,4.4,underway
V009,2026-09-09T13:00:00+00:00,19.62761,86.5868,14.6,351.6,underway
V009,2026-09-09T13:20:00+00:00,19.64205,86.52091,13.4,5.8,underway
V009,2026-09-09T13:40:00+00:00,19.63286,86.47649,12.1,175.7,underway
V009,2026-09-09T14:00:00+00:00,19.53429,86.42602,14.3,170.2,underway
V009,2026-09-09T14:20:00+00:00,19.46648,86.44212,12.4,167.3,underway
V009,2026-09-09T14:40:00+00:00,19.39797,86.44792,12.3,175.4,underway
V009,2026-09-09T15:00:00+00:00,19.3632,86.45202,13.5,346.9,underway
V009,2026-09-09T15:20:00+00:00,19.42878,86.43703,12.0,347.8,underway
V009,2026-09-09T15:40:00+00:00,19.49494,86.43002,11.9,354.3,underway
V009,2026-09-09T16:00:00+00:00,19.56313,86.41194,12.6,345.9,underway
V009,2026-09-09T16:20:00+00:00,19.60687,86.38032,13.3,161.9,underway
V009,2026-09-09T16:40:00+00:00,19.54338,86.39072,11.5,171.2,underway
V009,2026-09-09T17:00:00+00:00,19.48351,86.39975,10.8,171.9,underway
V009,2026-09-09T17:20:00+00:00,19.41787,86.42901,12.8,157.1,underway
V009,2026-09-09T17:40:00+00:00,19.36236,86.44793,13.3,348.7,underway
V009,2026-09-09T18:00:00+00:00,19.43933,86.43304,14.0,349.6,underway
V009,2026-09-09T18:20:00+00:00,19.50758,86.40644,13.0,339.7,underway
V009,2026-09-09T18:40:00+00:00,19.55806,86.3614,11.8,319.7,underway
V009,2026-09-09T19:00:00+00:00,19.58655,86.33993,12.0,142.2,underway
V009,2026-09-09T19:20:00+00:00,19.52116,86.39,14.5,144.0,underway
V009,2026-09-09T19:40:00+00:00,19.47495,86.44006,11.9,134.2,underway
V009,2026-09-09T20:00:00+00:00,19.42696,86.49673,12.9,131.7,underway
V009,2026-09-09T20:20:00+00:00,19.40422,86.52309,11.2,310.5,underway
V009,2026-09-09T20:40:00+00:00,19.43963,86.44545,14.6,295.7,underway
V009,2026-09-09T21:00:00+00:00,19.46273,86.36718,13.9,287.3,underway
V009,2026-09-09T21:20:00+00:00,19.50555,86.30054,13.7,304.1,underway
V009,2026-09-09T21:40:00+00:00,19.52177,86.29357,11.0,106.2,underway
V009,2026-09-09T22:00:00+00:00,19.48544,86.37103,14.7,116.3,underway
V009,2026-09-09T22:20:00+00:00,19.45592,86.44243,13.2,113.5,underway
V009,2026-09-09T22:40:00+00:00,19.44024,86.50964,11.8,103.8,underway
V009,2026-09-09T23:00:00+00:00,19.42605,86.53891,11.3,298.5,underway
V009,2026-09-09T23:20:00+00:00,19.47112,86.4665,14.7,303.3,underway
V009,2026-09-09T23:40:00+00:00,19.52503,86.41415,13.1,317.3,underway
V009,2026-09-10T00:00:00+00:00,19.55734,86.35486,11.6,299.9,underway
V009,2026-09-10T00:20:00+00:00,19.57853,86.33007,11.1,136.6,underway
V009,2026-09-10T00:40:00+00:00,19.53012,86.38207,12.4,134.4,underway
V009,2026-09-10T01:00:00+00:00,19.47678,86.44665,14.6,131.0,underway
V009,2026-09-10T01:20:00+00:00,19.41995,86.50299,14.0,136.8,underway
V009,2026-09-10T01:40:00+00:00,19.41078,86.52861,13.1,306.7,underway
V009,2026-09-10T02:00:00+00:00,19.47237,86.48169,13.6,324.1,underway
V009,2026-09-10T02:20:00+00:00,19.53706,86.42762,14.8,321.6,underway
V009,2026-09-10T02:40:00+00:00,19.57564,86.37675,11.1,308.6,underway
V009,2026-09-10T03:00:00+00:00,19.58737,86.34107,11.4,142.8,underway
V009,2026-09-10T03:20:00+00:00,19.53344,86.37011,10.8,152.9,underway
V009,2026-09-10T03:40:00+00:00,19.48221,86.41195,11.6,142.2,underway
V009,2026-09-10T04:00:00+00:00,19.41674,86.46226,14.5,143.9,underway
V009,2026-09-10T04:20:00+00:00,19.38406,86.50009,12.1,324.0,underway
V009,2026-09-10T04:40:00+00:00,19.43777,86.45177,12.6,319.5,underway
V009,2026-09-10T05:00:00+00:00,19.48108,86.3818,14.2,303.1,underway
V009,2026-09-10T05:20:00+00:00,19.51671,86.33003,10.9,306.0,underway
V009,2026-09-10T05:40:00+00:00,19.54371,86.30268,14.2,116.9,underway
V009,2026-09-10T06:00:00+00:00,19.52488,86.37426,12.6,105.5,underway
V009,2026-09-10T06:20:00+00:00,19.49401,86.43431,11.6,118.4,underway
V009,2026-09-10T06:40:00+00:00,19.46435,86.51217,14.3,111.9,underway
V009,2026-09-10T07:00:00+00:00,19.4456,86.54795,13.8,288.8,underway
V009,2026-09-10T07:20:00+00:00,19.4798,86.49159,11.4,302.6,underway
V009,2026-09-10T07:40:00+00:00,19.50947,86.43487,11.0,298.9,underway
V009,2026-09-10T08:00:00+00:00,19.54715,86.37585,12.1,303.9,underway
V009,2026-09-10T08:20:00+00:00,19.56291,86.31532,14.7,127.1,underway
V009,2026-09-10T08:40:00+00:00,19.53282,86.38469,13.0,114.6,underway
V009,2026-09-10T09:00:00+00:00,19.50613,86.44399,11.2,115.4,underway
V009,2026-09-10T09:20:00+00:00,19.47954,86.51808,13.5,110.7,underway
V009,2026-09-10T09:40:00+00:00,19.46904,86.55382,12.4,277.9,underway
V009,2026-09-10T10:00:00+00:00,19.499,86.48073,13.5,293.4,underway
V009,2026-09-10T10:20:00+00:00,19.51676,86.41386,11.8,285.6,underway
V009,2026-09-10T10:40:00+00:00,19.52994,86.34133,12.6,280.8,underway
V009,2026-09-10T11:00:00+00:00,19.53434,86.29818,12.0,112.2,underway
V009,2026-09-10T11:20:00+00:00,19.52589,86.36607,11.6,97.5,underway
V009,2026-09-10T11:40:00+00:00,19.50686,86.44921,14.5,103.6,underway
V009,2026-09-10T12:00:00+00:00,19.48103,86.52475,13.6,109.8,underway
V009,2026-09-10T12:20:00+00:00,19.47717,86.55473,14.5,274.2,underway
V009,2026-09-10T12:40:00+00:00,19.47458,86.48046,12.6,267.9,underway
V009,2026-09-10T13:00:00+00:00,19.48266,86.4017,13.5,276.2,underway
V009,2026-09-10T13:20:00+00:00,19.49868,86.34019,10.8,285.3,underway
V009,2026-09-10T13:40:00+00:00,19.49398,86.28852,14.6,93.4,underway
V009,2026-09-10T14:00:00+00:00,19.4768,86.35034,11.0,106.3,underway
V009,2026-09-10T14:20:00+00:00,19.47055,86.42397,12.6,95.1,underway
V009,2026-09-10T14:40:00+00:00,19.47832,86.492,11.6,83.1,underway
V009,2026-09-10T15:00:00+00:00,19.46529,86.55321,13.3,279.6,underway
V009,2026-09-10T15:20:00+00:00,19.47314,86.47292,13.7,275.9,underway
V009,2026-09-10T15:40:00+00:00,19.4664,86.40492,11.6,264.0,underway
V009,2026-09-10T16:00:00+00:00,19.44084,86.32559,14.2,251.2,underway
V009,2026-09-10T16:20:00+00:00,19.42445,86.30541,11.4,60.7,underway
V009,2026-09-10T16:40:00+00:00,19.44365,86.38565,14.1,75.8,underway
V009,2026-09-10T17:00:00+00:00,19.45859,86.4476,10.9,75.7,underway
V009,2026-09-10T17:20:00+00:00,19.46584,86.52817,13.8,84.6,underway
V009,2026-09-10T17:40:00+00:00,19.48683,86.5551,11.7,269.8,underway
V009,2026-09-10T18:00:00+00:00,19.49845,86.47482,13.8,278.7,underway
V009,2026-09-10T18:20:00+00:00,19.52405,86.40359,12.9,290.7,underway
V009,2026-09-10T18:40:00+00:00,19.53366,86.32233,13.9,277.1,underway
V009,2026-09-10T19:00:00+00:00,19.53428,86.29815,12.9,112.2,underway
V009,2026-09-10T19:20:00+00:00,19.51125,86.36203,11.6,110.8,underway
V009,2026-09-10T19:40:00+00:00,19.50647,86.42661,11.0,94.5,underway
V009,2026-09-10T20:00:00+00:00,19.51554,86.50926,14.1,83.4,underway
V009,2026-09-10T20:20:00+00:00,19.50846,86.55307,12.6,260.0,underway
V009,2026-09-10T20:40:00+00:00,19.49052,86.47121,14.3,257.0,underway
V009,2026-09-10T21:00:00+00:00,19.49488,86.40464,11.3,273.9,underway
V009,2026-09-10T21:20:00+00:00,19.48309,86.3316,12.6,260.4,underway
V009,2026-09-10T21:40:00+00:00,19.48462,86.2883,14.3,89.1,underway
V009,2026-09-10T22:00:00+00:00,19.47004,86.36704,13.6,101.0,underway
V009,2026-09-10T22:20:00+00:00,19.44725,86.43372,12.0,109.8,underway
V009,2026-09-10T22:40:00+00:00,19.43447,86.50903,13.0,100.1,underway
V009,2026-09-10T23:00:00+00:00,19.44951,86.54928,14.6,287.0,underway
V009,2026-09-10T23:20:00+00:00,19.47574,86.48603,11.7,293.6,underway
V009,2026-09-10T23:40:00+00:00,19.52151,86.43352,12.1,312.6,underway
V009,2026-09-11T00:00:00+00:00,19.55373,86.3718,12.0,298.8,underway
V009,2026-09-11T00:20:00+00:00,19.57654,86.3279,13.6,135.3,underway
V009,2026-09-11T00:40:00+00:00,19.54162,86.38401,11.4,123.3,underway
V009,2026-09-11T01:00:00+00:00,19.51776,86.45086,12.1,110.6,underway
V009,2026-09-11T01:20:00+00:00,19.5002,86.51266,11.0,106.7,underway
V009,2026-09-11T01:40:00+00:00,19.48628,86.5551,13.4,270.1,underway
V009,2026-09-11T02:00:00+00:00,19.47135,86.47765,13.4,258.5,underway
V009,2026-09-11T02:20:00+00:00,19.46005,86.41344,11.1,259.5,underway
V009,2026-09-11T02:40:00+00:00,19.44855,86.35059,10.9,259.1,underway
V009,2026-09-11T03:00:00+00:00,19.45536,86.29238,14.4,75.8,underway
V009,2026-09-11T03:20:00+00:00,19.45278,86.36064,11.6,92.3,underway
V009,2026-09-11T03:40:00+00:00,19.4604,86.4309,12.0,83.5,underway
V009,2026-09-11T04:00:00+00:00,19.46466,86.51216,13.8,86.8,underway
V009,2026-09-11T04:20:00+00:00,19.48373,86.55507,12.7,271.3,underway
V009,2026-09-11T04:40:00+00:00,19.49978,86.47525,13.9,282.0,underway
V009,2026-09-11T05:00:00+00:00,19.53434,86.40716,13.1,298.1,underway
V009,2026-09-11T05:20:00+00:00,19.55956,86.33464,13.1,290.1,underway
V009,2026-09-11T05:40:00+00:00,19.54684,86.30441,10.8,118.5,underway
V009,2026-09-11T06:00:00+00:00,19.52901,86.3689,11.4,106.2,underway
V009,2026-09-11T06:20:00+00:00,19.51982,86.43584,11.5,98.2,underway
V009,2026-09-11T06:40:00+00:00,19.51703,86.51069,12.7,92.2,underway
V009,2026-09-11T07:00:00+00:00,19.51554,86.55154,12.3,256.7,underway
V009,2026-09-11T07:20:00+00:00,19.47743,86.47871,14.1,241.1,underway
V009,2026-09-11T07:40:00+00:00,19.45568,86.40142,13.7,253.5,underway
V009,2026-09-11T08:00:00+00:00,19.43147,86.32437,13.8,251.7,underway
V009,2026-09-11T08:20:00+00:00,19.41958,86.30844,11.5,58.1,underway
V009,2026-09-11T08:40:00+00:00,19.45568,86.36046,11.0,53.8,underway
V009,2026-09-11T09:00:00+00:00,19.51541,86.4052,13.1,35.4,underway
V009,2026-09-11T09:20:00+00:00,19.57983,86.44749,13.6,31.9,underway
V009,2026-09-11T09:40:00+00:00,19.60476,86.46935,14.2,200.9,underway
V009,2026-09-11T10:00:00+00:00,19.52834,86.46375,13.7,184.0,underway
V009,2026-09-11T10:20:00+00:00,19.46181,86.44711,12.2,193.3,underway
V009,2026-09-11T10:40:00+00:00,19.40316,86.42479,11.2,199.9,underway
V009,2026-09-11T11:00:00+00:00,19.35991,86.42411,13.4,359.0,underway
V009,2026-09-11T11:20:00+00:00,19.42546,86.43934,12.0,12.4,underway
V009,2026-09-11T11:40:00+00:00,19.48811,86.44266,11.2,2.9,underway
V009,2026-09-11T12:00:00+00:00,19.55133,86.43381,11.4,352.4,underway
V009,2026-09-11T12:20:00+00:00,19.6128,86.4124,13.0,176.0,underway
V009,2026-09-11T12:40:00+00:00,19.54817,86.42567,11.8,169.0,underway
V009,2026-09-11T13:00:00+00:00,19.48752,86.43497,11.0,171.7,underway
V009,2026-09-11T13:20:00+00:00,19.40998,86.46158,14.6,162.0,underway
V009,2026-09-11T13:40:00+00:00,19.37319,86.48121,13.0,333.5,underway
V009,2026-09-11T14:00:00+00:00,19.45323,86.47089,14.4,353.0,underway
V009,2026-09-11T14:20:00+00:00,19.52548,86.47367,12.9,2.1,underway
V009,2026-09-11T14:40:00+00:00,19.58729,86.46413,11.2,351.7,underway
V009,2026-09-11T15:00:00+00:00,19.61253,86.43451,11.0,185.5,underway
V009,2026-09-11T15:20:00+00:00,19.5399,86.41085,13.6,197.2,underway
V009,2026-09-11T15:40:00+00:00,19.46331,86.40291,13.8,185.6,underway
V010,2026-09-09T04:00:00+00:00,20.46728,87.16265,12.9,178.2,underway
V010,2026-09-09T04:20:00+00:00,20.41457,87.18284,11.7,350.3,underway
V010,2026-09-09T04:40:00+00:00,20.47604,87.15869,11.7,339.7,underway
V010,2026-09-09T05:00:00+00:00,20.54333,87.14742,12.2,351.0,underway
V010,2026-09-09T05:20:00+00:00,20.59502,87.1201,10.3,333.5,underway
V010,2026-09-09T05:40:00+00:00,20.65109,87.09702,13.3,151.9,underway
V010,2026-09-09T06:00:00+00:00,20.60556,87.14779,11.8,133.6,underway
V010,2026-09-09T06:20:00+00:00,20.55063,87.19458,12.6,141.2,underway
V010,2026-09-09T06:40:00+00:00,20.50094,87.24742,12.6,134.9,underway
V010,2026-09-09T07:00:00+00:00,20.47002,87.2726,13.0,303.2,underway
V010,2026-09-09T07:20:00+00:00,20.48731,87.19709,13.1,283.6,underway
V010,2026-09-09T07:40:00+00:00,20.49809,87.13303,11.0,280.1,underway
V010,2026-09-09T08:00:00+00:00,20.4917,87.07218,10.3,263.6,underway
V010,2026-09-09T08:20:00+00:00,20.50371,87.03138,12.1,73.6,underway
V010,2026-09-09T08:40:00+00:00,20.53396,87.08627,10.7,59.7,underway
V010,2026-09-09T09:00:00+00:00,20.57383,87.12901,10.2,45.3,underway
V010,2026-09-09T09:20:00+00:00,20.62324,87.16446,10.7,34.1,underway
V010,2026-09-09T09:40:00+00:00,20.65287,87.21978,13.3,206.3,underway
V010,2026-09-09T10:00:00+00:00,20.60324,87.17868,11.3,218.0,underway
V010,2026-09-09T10:20:00+00:00,20.54825,87.13332,12.5,217.9,underway
V010,2026-09-09T10:40:00+00:00,20.50787,87.07393,12.4,234.2,underway
V010,2026-09-09T11:00:00+00:00,20.48631,87.03831,10.2,65.2,underway
V010,2026-09-09T11:20:00+00:00,20.51038,87.10932,12.7,70.2,underway
V010,2026-09-09T11:40:00+00:00,20.51823,87.16633,9.7,81.7,underway
V010,2026-09-09T12:00:00+00:00,20.51783,87.23003,10.8,90.4,underway
V010,2026-09-09T12:20:00+00:00,20.53498,87.29446,13.2,272.0,underway
V010,2026-09-09T12:40:00+00:00,20.54564,87.22225,12.3,278.9,underway
V010,2026-09-09T13:00:00+00:00,20.53861,87.14757,12.7,264.3,underway
V010,2026-09-09T13:20:00+00:00,20.55341,87.07233,13.0,281.8,underway
V010,2026-09-09T13:40:00+00:00,20.57233,87.03057,12.7,105.1,underway
V010,2026-09-09T14:00:00+00:00,20.54245,87.09232,11.7,117.2,underway
V010,2026-09-09T14:20:00+00:00,20.51304,87.1605,12.7,114.6,underway
V010,2026-09-09T14:40:00+00:00,20.47094,87.22206,12.8,126.0,underway
V010,2026-09-09T15:00:00+00:00,20.45827,87.26337,13.2,309.8,underway
V010,2026-09-09T15:20:00+00:00,20.50651,87.20472,13.1,311.1,underway
V010,2026-09-09T15:40:00+00:00,20.5386,87.13412,13.2,295.7,underway
V010,2026-09-09T16:00:00+00:00,20.57362,87.08524,10.4,307.2,underway
V010,2026-09-09T16:20:00+00:00,20.61441,87.05206,10.3,126.3,underway
V010,2026-09-09T16:40:00+00:00,20.58873,87.11248,11.2,114.3,underway
V010,2026-09-09T17:00:00+00:00,20.57373,87.17766,11.3,103.7,underway
V010,2026-09-09T17:20:00+00:00,20.5399,87.23969,12.1,120.0,underway
V010,2026-09-09T17:40:00+00:00,20.50243,87.28869,10.9,287.0,underway
V010,2026-09-09T18:00:00+00:00,20.53563,87.22335,12.5,298.3,underway
V010,2026-09-09T18:20:00+00:00,20.57833,87.16018,13.1,305.6,underway
V010,2026-09-09T18:40:00+00:00,20.62438,87.11722,11.0,318.7,underway
V010,2026-09-09T19:00:00+00:00,20.63797,87.07598,12.0,141.1,underway
V010,2026-09-09T19:20:00+00:00,20.58392,87.10322,10.7,154.6,underway
V010,2026-09-09T19:40:00+00:00,20.51798,87.13093,12.7,158.4,underway
V010,2026-09-09T20:00:00+00:00,20.4664,87.14047,9.4,170.1,underway
V010,2026-09-09T20:20:00+00:00,20.41464,87.15049,9.4,169.7,underway
V010,2026-09-09T20:40:00+00:00,20.41359,87.17554,12.6,353.5,underway
V010,2026-09-09T21:00:00+00:00,20.47839,87.16367,11.8,350.2,underway
V010,2026-09-09T21:20:00+00:00,20.53694,87.15104,10.7,348.5,underway
V010,2026-09-09T21:40:00+00:00,20.59233,87.12617,10.8,337.1,underway
V010,2026-09-09T22:00:00+00:00,20.65757,87.115,11.8,350.8,underway
V010,2026-09-09T22:20:00+00:00,20.659,87.11623,9.7,160.9,underway
V010,2026-09-09T22:40:00+00:00,20.5992,87.15037,12.2,151.7,underway
V010,2026-09-09T23:00:00+00:00,20.54152,87.18656,12.0,149.4,underway
V010,2026-09-09T23:20:00+00:00,20.48936,87.20489,9.8,161.7,underway
V010,2026-09-09T23:40:00+00:00,20.43715,87.21566,9.5,169.0,underway
V010,2026-09-10T00:00:00+00:00,20.41871,87.2009,10.1,342.4,underway
V010,2026-09-10T00:20:00+00:00,20.48446,87.16573,13.2,333.2,underway
V010,2026-09-10T00:40:00+00:00,20.53288,87.1333,10.3,327.7,underway
V010,2026-09-10T01:00:00+00:00,20.59599,87.11325,11.8,343.3,underway
V010,2026-09-10T01:20:00+00:00,20.65705,87.11221,10.9,359.1,underway
V010,2026-09-10T01:40:00+00:00,20.66241,87.12853,13.2,166.3,underway
V010,2026-09-10T02:00:00+00:00,20.5901,87.14678,13.3,166.6,underway
V010,2026-09-10T02:20:00+00:00,20.52636,87.17949,12.7,154.2,underway
V010,2026-09-10T02:40:00+00:00,20.47683,87.22252,11.5,140.7,underway
V010,2026-09-10T03:00:00+00:00,20.45725,87.26245,10.1,310.4,underway
V010,2026-09-10T03:20:00+00:00,20.51031,87.22761,11.2,328.2,underway
V010,2026-09-10T03:40:00+00:00,20.56489,87.20725,10.4,340.6,underway
V010,2026-09-10T04:00:00+00:00,20.61417,87.18255,9.8,334.7,underway
V010,2026-09-10T04:20:00+00:00,20.66583,87.15345,12.8,177.1,underway
V010,2026-09-10T04:40:00+00:00,20.60521,87.15608,10.9,177.7,underway
V010,2026-09-10T05:00:00+00:00,20.5354,87.13651,12.9,194.8,underway
V010,2026-09-10T05:20:00+00:00,20.48518,87.11559,9.7,201.5,underway
V010,2026-09-10T05:40:00+00:00,20.43249,87.08826,11.1,32.4,underway
V010,2026-09-10T06:00:00+00:00,20.47069,87.1378,10.8,50.7,underway
V010,2026-09-10T06:20:00+00:00,20.50667,87.19696,11.9,57.2,underway
V010,2026-09-10T06:40:00+00:00,20.54584,87.25053,11.4,52.2,underway
V010,2026-09-10T07:00:00+00:00,20.57522,87.28905,13.0,253.6,underway
V010,2026-09-10T07:20:00+00:00,20.55805,87.22765,10.8,253.5,underway
V010,2026-09-10T07:40:00+00:00,20.56042,87.17093,9.6,272.5,underway
V010,2026-09-10T08:00:00+00:00,20.57894,87.10206,12.1,285.9,underway
V010,2026-09-10T08:20:00+00:00,20.5976,87.04098,11.2,117.4,underway
V010,2026-09-10T08:40:00+00:00,20.55375,87.10177,12.9,127.4,underway
V010,2026-09-10T09:00:00+00:00,20.50365,87.15208,12.4,136.6,underway
V010,2026-09-10T09:20:00+00:00,20.47573,87.20784,10.7,118.0,underway
V010,2026-09-10T09:40:00+00:00,20.4672,87.27058,13.2,304.8,underway
V010,2026-09-10T10:00:00+00:00,20.50996,87.23308,9.9,320.4,underway
V010,2026-09-10T10:20:00+00:00,20.5626,87.19239,11.7,323.9,underway
V010,2026-09-10T10:40:00+00:00,20.59827,87.13988,10.9,305.8,underway
V010,2026-09-10T11:00:00+00:00,20.64591,87.09054,11.9,315.7,underway
V010,2026-09-10T11:20:00+00:00,20.63741,87.07524,12.4,140.7,underway
V010,2026-09-10T11:40:00+00:00,20.59399,87.12571,11.5,132.4,underway
V010,2026-09-10T12:00:00+00:00,20.54715,87.18661,13.3,129.2,underway
V010,2026-09-10T12:20:00+00:00,20.49735,87.23914,12.6,135.2,underway
V010,2026-09-10T12:40:00+00:00,20.45987,87.26476,10.9,308.9,underway
V010,2026-09-10T13:00:00+00:00,20.51726,87.22586,12.2,327.4,underway
V010,2026-09-10T13:20:00+00:00,20.57026,87.19971,10.5,335.1,underway
V010,2026-09-10T13:40:00+00:00,20.62123,87.15676,11.7,321.5,underway
V010,2026-09-10T14:00:00+00:00,20.66277,87.13015,12.5,167.1,underway
V010,2026-09-10T14:20:00+00:00,20.42436,87.08475,9.9,160.9,underway
V010,2026-09-10T14:40:00+00:00,20.19285,87.03623,12.9,161.6,underway
V010,2026-09-10T15:00:00+00:00,19.98897,86.98692,12.3,148.1,underway
V010,2026-09-10T15:20:00+00:00,19.81161,86.92519,10.6,317.0,underway
V010,2026-09-10T15:40:00+00:00,19.65759,86.83443,10.6,299.1,underway
V010,2026-09-10T16:00:00+00:00,19.49401,86.76186,13.2,294.5,underway
V010,2026-09-10T16:20:00+00:00,19.66909,86.81524,10.1,312.9,underway
V010,2026-09-10T16:40:00+00:00,19.85661,86.85247,13.1,109.6,underway
V010,2026-09-10T17:00:00+00:00,20.03405,86.92903,10.6,97.5,underway
V010,2026-09-10T17:20:00+00:00,20.21088,87.02327,9.8,95.0,underway
V010,2026-09-10T17:40:00+00:00,20.39416,87.14242,10.9,85.4,underway
V010,2026-09-10T18:00:00+00:00,20.58272,87.28643,13.2,250.0,underway
V010,2026-09-10T18:20:00+00:00,20.55488,87.2339,10.2,240.7,underway
V010,2026-09-10T18:40:00+00:00,20.54087,87.1695,11.2,257.0,underway
V010,2026-09-10T19:00:00+00:00,20.54144,87.09898,11.9,270.5,underway
V010,2026-09-10T19:20:00+00:00,20.5534,87.03739,10.6,281.6,underway
V010,2026-09-10T19:40:00+00:00,20.54708,87.02619,12.4,93.5,underway
V010,2026-09-10T20:00:00+00:00,20.54449,87.0948,11.6,92.3,underway
V010,2026-09-10T20:20:00+00:00,20.53354,87.16713,12.4,99.1,underway
V010,2026-09-10T20:40:00+00:00,20.5334,87.23115,10.8,90.1,underway
V010,2026-09-10T21:00:00+00:00,20.51557,87.29215,11.5,280.8,underway
V010,2026-09-10T21:20:00+00:00,20.51832,87.22185,11.9,272.4,underway
V010,2026-09-10T21:40:00+00:00,20.50957,87.14874,12.4,262.8,underway
V010,2026-09-10T22:00:00+00:00,20.47903,87.08108,12.7,244.4,underway
V010,2026-09-10T22:20:00+00:00,20.4708,87.04735,10.8,57.2,underway
V010,2026-09-10T22:40:00+00:00,20.48606,87.10691,10.4,74.8,underway
V010,2026-09-10T23:00:00+00:00,20.50919,87.15844,9.6,64.5,underway
V010,2026-09-10T23:20:00+00:00,20.53677,87.22564,12.4,66.5,underway
V010,2026-09-10T23:40:00+00:00,20.55412,87.28819,11.0,73.6,underway
V010,2026-09-11T00:00:00+00:00,20.55278,87.29379,9.8,263.9,underway
V010,2026-09-11T00:20:00+00:00,20.53688,87.22513,11.9,256.2,underway
V010,2026-09-11T00:40:00+00:00,20.54255,87.15494,11.9,274.9,underway
V010,2026-09-11T01:00:00+00:00,20.5577,87.08293,12.5,282.6,underway
V010,2026-09-11T01:20:00+00:00,20.56412,87.02853,13.1,101.3,underway
V010,2026-09-11T01:40:00+00:00,20.54269,87.08785,10.7,111.0,underway
V010,2026-09-11T02:00:00+00:00,20.52254,87.15923,12.6,106.7,underway
V010,2026-09-11T02:20:00+00:00,20.51211,87.21803,10.1,100.7,underway
V010,2026-09-11T02:40:00+00:00,20.48448,87.27941,11.5,115.5,underway
V010,2026-09-11T03:00:00+00:00,20.48356,87.28079,12.0,296.2,underway
V010,2026-09-11T03:20:00+00:00,20.52068,87.2374,9.9,312.2,underway
V010,2026-09-11T03:40:00+00:00,20.55209,87.19115,9.6,305.8,underway
V010,2026-09-11T04:00:00+00:00,20.586,87.13425,11.4,302.3,underway
V010,2026-09-11T04:20:00+00:00,20.63462,87.08509,12.0,316.4,underway
V010,2026-09-11T04:40:00+00:00,20.6392,87.07763,11.0,142.0,underway
V010,2026-09-11T05:00:00+00:00,20.5914,87.11315,10.5,145.0,underway
V010,2026-09-11T05:20:00+00:00,20.52627,87.13998,12.5,158.8,underway
V010,2026-09-11T05:40:00+00:00,20.47114,87.14787,10.0,172.3,underway
V010,2026-09-11T06:00:00+00:00,20.41315,87.14984,12.4,4.4,underway
V010,2026-09-11T06:20:00+00:00,20.48525,87.15581,13.0,4.5,underway
V010,2026-09-11T06:40:00+00:00,20.54977,87.18129,12.3,20.4,underway
V010,2026-09-11T07:00:00+00:00,20.60558,87.22011,12.0,33.3,underway
V010,2026-09-11T07:20:00+00:00,20.63117,87.25275,9.9,223.5,underway
V010,2026-09-11T07:40:00+00:00,20.58904,87.19617,12.2,231.7,underway
V010,2026-09-11T08:00:00+00:00,20.55655,87.1447,10.5,236.2,underway
V010,2026-09-11T08:20:00+00:00,20.50539,87.10093,11.8,218.9,underway
V010,2026-09-11T08:40:00+00:00,20.46935,87.05225,10.5,231.9,underway
V010,2026-09-11T09:00:00+00:00,20.45921,87.0563,10.3,50.7,underway
V010,2026-09-11T09:20:00+00:00,20.51474,87.09673,12.1,34.5,underway
V010,2026-09-11T09:40:00+00:00,20.55651,87.15652,12.6,53.5,underway
V010,2026-09-11T10:00:00+00:00,20.60207,87.2099,12.2,47.8,underway
V010,2026-09-11T10:20:00+00:00,20.64448,87.23513,12.7,213.9,underway
V010,2026-09-11T10:40:00+00:00,20.59781,87.21002,9.4,206.9,underway
V010,2026-09-11T11:00:00+00:00,20.5509,87.17885,9.9,212.1,underway
V010,2026-09-11T11:20:00+00:00,20.50161,87.15658,9.6,203.1,underway
V010,2026-09-11T11:40:00+00:00,20.44122,87.13212,11.6,200.9,underway
V010,2026-09-11T12:00:00+00:00,20.42141,87.11146,9.5,21.3,underway
V010,2026-09-11T12:20:00+00:00,20.46657,87.14425,9.8,34.4,underway
V010,2026-09-11T12:40:00+00:00,20.52744,87.17215,11.9,23.4,underway
V010,2026-09-11T13:00:00+00:00,20.58449,87.19063,10.7,17.0,underway
V010,2026-09-11T13:20:00+00:00,20.63826,87.21106,10.2,19.7,underway
V010,2026-09-11T13:40:00+00:00,20.65142,87.2228,10.2,207.8,underway
V010,2026-09-11T14:00:00+00:00,20.59862,87.17354,12.6,221.3,underway
V010,2026-09-11T14:20:00+00:00,20.5598,87.13537,9.5,222.8,underway
V010,2026-09-11T14:40:00+00:00,20.52867,87.09002,9.5,233.9,underway
V010,2026-09-11T15:00:00+00:00,20.4925,87.03696,11.1,234.1,underway
V010,2026-09-11T15:20:00+00:00,20.47095,87.04724,11.9,57.3,underway
V010,2026-09-11T15:40:00+00:00,20.49724,87.11067,11.7,66.3,underway
V011,2026-09-09T04:00:00+00:00,20.40218,87.62679,16.1,10.6,underway
V011,2026-09-09T04:20:00+00:00,20.43971,87.6261,16.2,187.2,underway
V011,2026-09-09T04:40:00+00:00,20.36208,87.64052,14.1,170.0,underway
V011,2026-09-09T05:00:00+00:00,20.2909,87.67504,14.0,155.4,underway
V011,2026-09-09T05:20:00+00:00,20.21724,87.69567,15.0,319.9,underway
V011,2026-09-09T05:40:00+00:00,20.27363,87.64206,13.6,318.1,underway
V011,2026-09-09T06:00:00+00:00,20.31864,87.5757,13.8,305.7,underway
V011,2026-09-09T06:20:00+00:00,20.35153,87.50729,13.0,297.0,underway
V011,2026-09-09T06:40:00+00:00,20.37324,87.49073,14.3,117.8,underway
V011,2026-09-09T07:00:00+00:00,20.34212,87.56016,13.0,115.4,underway
V011,2026-09-09T07:20:00+00:00,20.30204,87.62419,13.0,123.5,underway
V011,2026-09-09T07:40:00+00:00,20.26902,87.70214,14.4,114.2,underway
V011,2026-09-09T08:00:00+00:00,20.25156,87.72591,16.1,299.6,underway
V011,2026-09-09T08:20:00+00:00,20.30838,87.65291,16.0,309.5,underway
V011,2026-09-09T08:40:00+00:00,20.3785,87.60338,15.1,326.3,underway
V011,2026-09-09T09:00:00+00:00,20.43622,87.5739,12.5,164.7,underway
V011,2026-09-09T09:20:00+00:00,20.37528,87.6069,12.3,152.9,underway
V011,2026-09-09T09:40:00+00:00,20.29302,87.62628,15.1,167.5,underway
V011,2026-09-09T10:00:00+00:00,20.21959,87.63628,13.3,172.7,underway
V011,2026-09-09T10:20:00+00:00,20.19138,87.64231,12.9,345.7,underway
V011,2026-09-09T10:40:00+00:00,20.28056,87.62742,16.2,351.0,underway
V011,2026-09-09T11:00:00+00:00,20.34677,87.60634,12.4,343.3,underway
V011,2026-09-09T11:20:00+00:00,20.41284,87.56638,13.6,330.3,underway
V011,2026-09-09T11:40:00+00:00,20.43417,87.56676,15.4,161.5,underway
V011,2026-09-09T12:00:00+00:00,20.36811,87.59263,12.6,159.7,underway
V011,2026-09-09T12:20:00+00:00,20.31022,87.63722,12.8,144.0,underway
V011,2026-09-09T12:40:00+00:00,20.23888,87.67234,14.1,155.1,underway
V011,2026-09-09T13:00:00+00:00,20.19713,87.66065,15.9,337.5,underway
V011,2026-09-09T13:20:00+00:00,20.27454,87.64512,14.1,349.3,underway
V011,2026-09-09T13:40:00+00:00,20.3455,87.64795,12.7,2.2,underway
V011,2026-09-09T14:00:00+00:00,20.424,87.628,14.5,346.5,underway
V011,2026-09-09T14:20:00+00:00,20.44071,87.61009,13.0,180.3,underway
V011,2026-09-09T14:40:00+00:00,20.37304,87.62219,12.3,170.4,underway
V011,2026-09-09T15:00:00+00:00,20.28962,87.61171,15.0,186.8,underway
V011,2026-09-09T15:20:00+00:00,20.20774,87.57203,16.1,204.6,underway
V011,2026-09-09T15:40:00+00:00,20.19506,87.56362,15.1,19.9,underway
V011,2026-09-09T16:00:00+00:00,20.27828,87.58771,15.5,15.3,underway
V011,2026-09-09T16:20:00+00:00,20.34053,87.62416,12.7,28.9,underway
V011,2026-09-09T16:40:00+00:00,20.41247,87.63684,13.1,9.5,underway
V011,2026-09-09T17:00:00+00:00,20.43696,87.64168,13.7,194.0,underway
V011,2026-09-09T17:20:00+00:00,20.3507,87.65074,15.5,174.3,underway
V011,2026-09-09T17:40:00+00:00,20.27259,87.64237,14.1,185.8,underway
V011,2026-09-09T18:00:00+00:00,20.19631,87.6585,15.8,338.5,underway
V011,2026-09-09T18:20:00+00:00,20.26177,87.63305,12.5,339.8,underway
V011,2026-09-09T18:40:00+00:00,20.33477,87.59328,14.7,332.8,underway
V011,2026-09-09T19:00:00+00:00,20.41207,87.57616,14.1,348.2,underway
V011,2026-09-09T19:20:00+00:00,20.43748,87.57923,13.0,167.0,underway
V011,2026-09-09T19:40:00+00:00,20.35627,87.61614,15.8,156.8,underway
V011,2026-09-09T20:00:00+00:00,20.294,87.65108,12.6,152.1,underway
V011,2026-09-09T20:20:00+00:00,20.22931,87.68198,12.7,155.7,underway
V011,2026-09-09T20:40:00+00:00,20.21412,87.69159,14.0,322.2,underway
V011,2026-09-09T21:00:00+00:00,20.28205,87.64227,14.8,325.6,underway
V011,2026-09-09T21:20:00+00:00,20.35203,87.60588,14.0,333.9,underway
V011,2026-09-09T21:40:00+00:00,20.41326,87.54446,15.1,316.6,underway
V011,2026-09-09T22:00:00+00:00,20.40585,87.51689,14.1,136.4,underway
V011,2026-09-09T22:20:00+00:00,20.25707,87.51096,14.9,132.5,underway
V011,2026-09-09T22:40:00+00:00,20.12634,87.47269,13.2,141.0,underway
V011,2026-09-09T23:00:00+00:00,20.00817,87.41771,15.0,147.0,underway
V011,2026-09-09T23:20:00+00:00,19.93275,87.33302,12.8,324.9,underway
V011,2026-09-09T23:40:00+00:00,19.87617,87.24003,14.6,341.2,underway
V011,2026-09-10T00:00:00+00:00,19.79385,87.15629,13.2,323.7,underway
V011,2026-09-10T00:20:00+00:00,19.89773,87.22862,13.1,343.2,underway
V011,2026-09-10T00:40:00+00:00,20.00805,87.29577,15.4,165.1,underway
V011,2026-09-10T01:00:00+00:00,20.07402,87.36702,14.7,178.0,underway
V011,2026-09-10T01:20:00+00:00,20.12181,87.43076,12.4,187.7,underway
V011,2026-09-10T01:40:00+00:00,20.12969,87.5112,16.1,171.4,underway
V011,2026-09-10T02:00:00+00:00,20.18908,87.58805,12.4,9.1,underway
V011,2026-09-10T02:20:00+00:00,20.26171,87.57596,13.2,351.1,underway
V011,2026-09-10T02:40:00+00:00,20.33399,87.58712,13.1,8.3,underway
V011,2026-09-10T03:00:00+00:00,20.41982,87.61176,15.9,15.2,underway
V011,2026-09-10T03:20:00+00:00,20.43874,87.63287,15.9,190.1,underway
V011,2026-09-10T03:40:00+00:00,20.36717,87.63202,12.8,180.6,underway
V011,2026-09-10T04:00:00+00:00,20.28657,87.6608,15.2,161.4,underway
V011,2026-09-10T04:20:00+00:00,20.22363,87.70313,16.1,315.6,underway
V011,2026-09-10T04:40:00+00:00,20.28214,87.6581,13.0,324.0,underway
V011,2026-09-10T05:00:00+00:00,20.34786,87.62752,12.9,336.3,underway
V011,2026-09-10T05:20:00+00:00,20.41265,87.59806,12.6,336.8,underway
V011,2026-09-10T05:40:00+00:00,20.43922,87.58882,15.8,171.2,underway
V011,2026-09-10T06:00:00+00:00,20.37167,87.57893,12.2,187.9,underway
V011,2026-09-10T06:20:00+00:00,20.29694,87.54707,14.4,201.9,underway
V011,2026-09-10T06:40:00+00:00,20.23551,87.50415,14.2,51.6,underway
V011,2026-09-10T07:00:00+00:00,20.28054,87.57601,14.6,56.4,underway
V011,2026-09-10T07:20:00+00:00,20.30625,87.64483,12.5,68.4,underway
V011,2026-09-10T07:40:00+00:00,20.35726,87.71056,14.4,50.6,underway
V011,2026-09-10T08:00:00+00:00,20.38529,87.7202,13.8,235.8,underway
V011,2026-09-10T08:20:00+00:00,20.31678,87.6673,15.2,216.1,underway
V011,2026-09-10T08:40:00+00:00,20.23391,87.64038,15.5,197.1,underway
V011,2026-09-10T09:00:00+00:00,20.18773,87.60094,14.0,3.6,underway
V011,2026-09-10T09:20:00+00:00,20.26872,87.58343,14.8,348.5,underway
V011,2026-09-10T09:40:00+00:00,20.34013,87.55092,13.9,336.7,underway
V011,2026-09-10T10:00:00+00:00,20.39675,87.50771,16.1,130.8,underway
V011,2026-09-10T10:20:00+00:00,20.34529,87.56698,13.6,132.6,underway
V011,2026-09-10T10:40:00+00:00,20.3078,87.64713,15.1,116.4,underway
V011,2026-09-10T11:00:00+00:00,20.25142,87.71743,15.6,130.3,underway
V011,2026-09-10T11:20:00+00:00,20.25316,87.72685,13.7,298.8,underway
V011,2026-09-10T11:40:00+00:00,20.28351,87.64256,15.3,290.9,underway
V011,2026-09-10T12:00:00+00:00,20.29317,87.55665,14.6,276.8,underway
V011,2026-09-10T12:20:00+00:00,20.33037,87.47631,15.3,97.4,underway
V011,2026-09-10T12:40:00+00:00,20.34529,87.54855,12.5,77.7,underway
V011,2026-09-10T13:00:00+00:00,20.38427,87.6269,15.0,62.2,underway
V011,2026-09-10T13:20:00+00:00,20.4094,87.69758,14.3,221.2,underway
V011,2026-09-10T13:40:00+00:00,20.34971,87.64566,13.8,219.4,underway
V011,2026-09-10T14:00:00+00:00,20.29011,87.58504,14.8,223.8,underway
V011,2026-09-10T14:20:00+00:00,20.24849,87.50714,15.1,240.5,underway
V011,2026-09-10T14:40:00+00:00,20.25646,87.4899,15.9,62.9,underway
V011,2026-09-10T15:00:00+00:00,20.27623,87.57653,15.1,76.4,underway
V011,2026-09-10T15:20:00+00:00,20.32085,87.6511,14.9,57.6,underway
V011,2026-09-10T15:40:00+00:00,20.34536,87.72927,13.9,71.6,underway
V011,2026-09-10T16:00:00+00:00,20.33782,87.74103,12.9,259.2,underway
V011,2026-09-10T16:20:00+00:00,20.3472,87.65901,14.0,276.9,underway
V011,2026-09-10T16:40:00+00:00,20.36651,87.58358,13.2,285.2,underway
V011,2026-09-10T17:00:00+00:00,20.37602,87.50379,13.6,277.2,underway
V011,2026-09-10T17:20:00+00:00,20.35759,87.48336,12.6,110.1,underway
V011,2026-09-10T17:40:00+00:00,20.33005,87.57417,16.1,107.8,underway
V011,2026-09-10T18:00:00+00:00,20.29391,87.66027,15.9,114.0,underway
V011,2026-09-10T18:20:00+00:00,20.25066,87.72536,15.6,300.1,underway
V011,2026-09-10T18:40:00+00:00,20.31558,87.66733,15.2,319.8,underway
V011,2026-09-10T19:00:00+00:00,20.36376,87.60822,13.2,310.8,underway
V011,2026-09-10T19:20:00+00:00,20.40535,87.55042,12.3,307.3,underway
V011,2026-09-10T19:40:00+00:00,20.40235,87.51315,15.8,134.2,underway
V011,2026-09-10T20:00:00+00:00,20.33631,87.55188,13.5,151.0,underway
V011,2026-09-10T20:20:00+00:00,20.25512,87.58008,15.3,161.8,underway
V011,2026-09-10T20:40:00+00:00,20.18915,87.58759,15.4,9.3,underway
V011,2026-09-10T21:00:00+00:00,20.25844,87.60132,12.6,10.6,underway
V011,2026-09-10T21:20:00+00:00,20.3273,87.63321,13.5,23.6,underway
V011,2026-09-10T21:40:00+00:00,20.39426,87.67203,13.7,28.7,underway
V011,2026-09-10T22:00:00+00:00,20.41969,87.68329,16.1,213.5,underway
V011,2026-09-10T22:20:00+00:00,20.34448,87.65441,14.3,199.9,underway
V011,2026-09-10T22:40:00+00:00,20.27238,87.61728,14.4,205.9,underway
V011,2026-09-10T23:00:00+00:00,20.2163,87.56102,13.8,223.4,underway
V011,2026-09-10T23:20:00+00:00,20.21739,87.52275,15.0,40.2,underway
V011,2026-09-10T23:40:00+00:00,20.25363,87.58636,12.6,58.9,underway
V011,2026-09-11T00:00:00+00:00,20.3041,87.64449,13.4,47.4,underway
V011,2026-09-11T00:20:00+00:00,20.33448,87.70946,12.3,63.7,underway
V011,2026-09-11T00:40:00+00:00,20.364,87.73255,15.1,246.8,underway
V011,2026-09-11T01:00:00+00:00,20.35944,87.65635,12.9,266.4,underway
V011,2026-09-11T01:20:00+00:00,20.35056,87.56843,15.0,263.9,underway
V011,2026-09-11T01:40:00+00:00,20.35201,87.48135,15.2,107.4,underway
V011,2026-09-11T02:00:00+00:00,20.31792,87.55056,13.2,117.5,underway
V011,2026-09-11T02:20:00+00:00,20.29686,87.61989,12.3,107.8,underway
V011,2026-09-11T02:40:00+00:00,20.26554,87.68951,13.0,115.5,underway
V011,2026-09-11T03:00:00+00:00,20.26204,87.73155,16.1,294.3,underway
V011,2026-09-11T03:20:00+00:00,20.30272,87.65694,14.6,300.0,underway
V011,2026-09-11T03:40:00+00:00,20.35092,87.58733,14.6,306.3,underway
V011,2026-09-11T04:00:00+00:00,20.40302,87.53028,13.4,314.1,underway
V011,2026-09-11T04:20:00+00:00,20.39761,87.50851,12.5,131.3,underway
V011,2026-09-11T04:40:00+00:00,20.36924,87.58344,13.7,111.9,underway
V011,2026-09-11T05:00:00+00:00,20.35997,87.65764,12.7,97.5,underway
V011,2026-09-11T05:20:00+00:00,20.34549,87.73922,16.1,255.6,underway
V011,2026-09-11T05:40:00+00:00,20.33663,87.66113,13.3,263.1,underway
V011,2026-09-11T06:00:00+00:00,20.34156,87.58493,12.9,273.9,underway
V011,2026-09-11T06:20:00+00:00,20.32589,87.50733,13.4,257.9,underway
V011,2026-09-11T06:40:00+00:00,20.30634,87.47545,15.0,86.5,underway
V011,2026-09-11T07:00:00+00:00,20.31475,87.56441,15.1,84.3,underway
V011,2026-09-11T07:20:00+00:00,20.34796,87.65183,15.9,68.1,underway
V011,2026-09-11T07:40:00+00:00,20.38253,87.72213,15.5,237.3,underway
V011,2026-09-11T08:00:00+00:00,20.31472,87.66498,15.5,218.5,underway
V011,2026-09-11T08:20:00+00:00,20.23738,87.62223,15.6,207.6,underway
V011,2026-09-11T08:40:00+00:00,20.19251,87.57189,14.9,16.2,underway
V011,2026-09-11T09:00:00+00:00,20.26032,87.5811,12.2,7.3,underway
V011,2026-09-11T09:20:00+00:00,20.34832,87.57278,15.8,354.9,underway
V011,2026-09-11T09:40:00+00:00,20.42538,87.54534,14.8,151.5,underway
V011,2026-09-11T10:00:00+00:00,20.35024,87.58246,14.9,155.0,underway
V011,2026-09-11T10:20:00+00:00,20.29385,87.62877,12.8,142.2,underway
V011,2026-09-11T10:40:00+00:00,20.24076,87.70587,16.1,126.1,underway
V011,2026-09-11T11:00:00+00:00,20.24012,87.71814,14.8,305.8,underway
V011,2026-09-11T11:20:00+00:00,20.28568,87.65755,13.1,308.5,underway
V011,2026-09-11T11:40:00+00:00,20.31036,87.58989,12.3,291.1,underway
V011,2026-09-11T12:00:00+00:00,20.35135,87.52842,12.7,305.2,underway
V011,2026-09-11T12:20:00+00:00,20.39397,87.50525,13.7,129.1,underway
V011,2026-09-11T12:40:00+00:00,20.34102,87.55572,12.8,138.0,underway
V011,2026-09-11T13:00:00+00:00,20.27743,87.59533,13.2,149.5,underway
V011,2026-09-11T13:20:00+00:00,20.2127,87.6448,14.3,144.2,underway
V011,2026-09-11T13:40:00+00:00,20.20638,87.67978,13.2,328.3,underway
V011,2026-09-11T14:00:00+00:00,20.27646,87.65296,13.3,340.1,underway
V011,2026-09-11T14:20:00+00:00,20.35393,87.61533,15.3,335.4,underway
V011,2026-09-11T14:40:00+00:00,20.4128,87.57056,13.0,324.3,underway
V011,2026-09-11T15:00:00+00:00,20.42205,87.53923,13.7,148.5,underway
V011,2026-09-11T15:20:00+00:00,20.35609,87.59166,14.8,143.1,underway
V011,2026-09-11T15:40:00+00:00,20.2871,87.64878,15.7,142.0,underway
V012,2026-09-09T04:00:00+00:00,20.08987,87.58163,12.1,159.9,underway
V012,2026-09-09T04:20:00+00:00,20.03431,87.60356,11.5,339.7,underway
V012,2026-09-09T04:40:00+00:00,20.10487,87.57507,13.5,339.1,underway
V012,2026-09-09T05:00:00+00:00,20.16909,87.56973,11.5,355.5,underway
V012,2026-09-09T05:20:00+00:00,20.22393,87.54622,10.6,337.9,underway
V012,2026-09-09T05:40:00+00:00,20.27259,87.51292,11.6,160.7,underway
V012,2026-09-09T06:00:00+00:00,20.21833,87.54567,11.2,150.3,underway
V012,2026-09-09T06:20:00+00:00,20.17346,87.59731,11.9,132.6,underway
V012,2026-09-09T06:40:00+00:00,20.13353,87.64431,10.7,132.0,underway
V012,2026-09-09T07:00:00+00:00,20.09152,87.67419,13.8,299.1,underway
V012,2026-09-09T07:20:00+00:00,20.13723,87.62784,11.3,316.2,underway
V012,2026-09-09T07:40:00+00:00,20.16815,87.56788,11.6,298.6,underway
V012,2026-09-09T08:00:00+00:00,20.18069,87.49872,11.9,280.9,underway
V012,2026-09-09T08:20:00+00:00,20.19281,87.43441,11.1,281.3,underway
V012,2026-09-09T08:40:00+00:00,20.17667,87.4255,11.7,100.7,underway
V012,2026-09-09T09:00:00+00:00,20.16414,87.50486,13.6,99.5,underway
V012,2026-09-09T09:20:00+00:00,20.14352,87.56205,10.4,110.9,underway
V012,2026-09-09T09:40:00+00:00,20.10578,87.62318,12.4,123.2,underway
V012,2026-09-09T10:00:00+00:00,20.09294,87.67501,11.0,298.4,underway
V012,2026-09-09T10:20:00+00:00,20.12915,87.62922,10.1,309.9,underway
V012,2026-09-09T10:40:00+00:00,20.17788,87.58288,11.7,318.1,underway
V012,2026-09-09T11:00:00+00:00,20.21901,87.52787,11.9,308.3,underway
V012,2026-09-09T11:20:00+00:00,20.25706,87.48071,13.1,145.2,underway
V012,2026-09-09T11:40:00+00:00,20.19143,87.50417,12.4,161.3,underway
V012,2026-09-09T12:00:00+00:00,20.13685,87.5156,10.0,168.8,underway
V012,2026-09-09T12:20:00+00:00,20.06499,87.52259,12.9,174.7,underway
V012,2026-09-09T12:40:00+00:00,20.02974,87.52678,10.4,13.1,underway
V012,2026-09-09T13:00:00+00:00,20.09274,87.53575,11.4,7.7,underway
V012,2026-09-09T13:20:00+00:00,20.14984,87.56158,11.1,23.1,underway
V012,2026-09-09T13:40:00+00:00,20.22364,87.56817,13.3,4.8,underway
V012,2026-09-09T14:00:00+00:00,20.27786,87.57976,12.4,189.7,underway
V012,2026-09-09T14:20:00+00:00,20.22522,87.56196,9.9,197.7,underway
V012,2026-09-09T14:40:00+00:00,20.15692,87.54116,12.7,196.1,underway
V012,2026-09-09T15:00:00+00:00,20.08523,87.5222,13.2,194.0,underway
V012,2026-09-09T15:20:00+00:00,20.03112,87.52108,13.7,15.6,underway
V012,2026-09-09T15:40:00+00:00,20.085,87.55291,11.1,29.2,underway
V012,2026-09-09T16:00:00+00:00,20.14014,87.57617,10.6,21.7,underway
V012,2026-09-09T16:20:00+00:00,20.19545,87.58066,9.9,4.4,underway
V012,2026-09-09T16:40:00+00:00,20.25763,87.57024,11.3,351.0,underway
V012,2026-09-09T17:00:00+00:00,20.27966,87.5596,10.1,181.1,underway
V012,2026-09-09T17:20:00+00:00,20.20587,87.56504,13.2,176.0,underway
V012,2026-09-09T17:40:00+00:00,20.13628,87.55769,12.5,185.7,underway
V012,2026-09-09T18:00:00+00:00,20.06152,87.56573,13.5,174.2,underway
V012,2026-09-09T18:20:00+00:00,20.02857,87.58152,11.7,349.5,underway
V012,2026-09-09T18:40:00+00:00,20.09742,87.55771,13.0,341.9,underway
V012,2026-09-09T19:00:00+00:00,20.16558,87.52055,13.7,332.7,underway
V012,2026-09-09T19:20:00+00:00,20.21877,87.50332,10.0,343.0,underway
V012,2026-09-09T19:40:00+00:00,20.25762,87.48156,11.5,145.7,underway
V012,2026-09-09T20:00:00+00:00,20.19684,87.51289,12.1,154.0,underway
V012,2026-09-09T20:20:00+00:00,20.1387,87.52958,10.8,164.8,underway
V012,2026-09-09T20:40:00+00:00,20.08036,87.53141,10.5,178.3,underway
V012,2026-09-09T21:00:00+00:00,20.03068,87.5228,12.3,14.8,underway
V012,2026-09-09T21:20:00+00:00,20.09588,87.5398,12.0,13.8,underway
V012,2026-09-09T21:40:00+00:00,20.15582,87.5502,10.9,9.3,underway
V012,2026-09-09T22:00:00+00:00,20.21556,87.56339,10.9,11.8,underway
V012,2026-09-09T22:20:00+00:00,20.27872,87.57359,13.5,187.1,underway
V012,2026-09-09T22:40:00+00:00,20.2271,87.54576,10.4,207.0,underway
V012,2026-09-09T23:00:00+00:00,20.15963,87.51999,12.8,199.9,underway
V012,2026-09-09T23:20:00+00:00,20.0957,87.51221,11.5,186.6,underway
V012,2026-09-09T23:40:00+00:00,20.02961,87.5274,13.1,12.8,underway
V012,2026-09-10T00:00:00+00:00,20.08476,87.55389,10.8,24.4,underway
V012,2026-09-10T00:20:00+00:00,20.13801,87.58288,10.7,27.2,underway
V012,2026-09-10T00:40:00+00:00,20.20765,87.60024,12.8,13.3,underway
V012,2026-09-10T01:00:00+00:00,20.25765,87.63263,12.7,214.3,underway
V012,2026-09-10T01:20:00+00:00,20.19621,87.61138,11.6,198.1,underway
V012,2026-09-10T01:40:00+00:00,20.13054,87.56982,13.7,210.9,underway
V012,2026-09-10T02:00:00+00:00,20.09205,87.52607,10.1,227.0,underway
V012,2026-09-10T02:20:00+00:00,20.06017,87.47376,10.5,237.2,underway
V012,2026-09-10T02:40:00+00:00,20.05761,87.46911,10.1,41.1,underway
V012,2026-09-10T03:00:00+00:00,20.10737,87.50756,11.0,36.1,underway
V012,2026-09-10T03:20:00+00:00,20.15933,87.55824,12.7,42.7,underway
V012,2026-09-10T03:40:00+00:00,20.20441,87.60761,11.6,46.0,underway
V012,2026-09-10T04:00:00+00:00,20.24353,87.65085,12.0,224.4,underway
V012,2026-09-10T04:20:00+00:00,20.20429,87.59848,11.3,231.6,underway
V012,2026-09-10T04:40:00+00:00,20.16324,87.54194,12.1,232.5,underway
V012,2026-09-10T05:00:00+00:00,20.11936,87.48679,12.2,229.9,underway
V012,2026-09-10T05:20:00+00:00,20.07602,87.45081,11.4,52.5,underway
V012,2026-09-10T05:40:00+00:00,20.10595,87.52504,13.7,66.9,underway
V012,2026-09-10T06:00:00+00:00,20.12509,87.58979,11.5,72.6,underway
V012,2026-09-10T06:20:00+00:00,20.12415,87.65396,10.9,90.9,underway
V012,2026-09-10T06:40:00+00:00,20.1183,87.68593,12.6,285.9,underway
V012,2026-09-10T07:00:00+00:00,20.11612,87.61174,12.6,268.2,underway
V012,2026-09-10T07:20:00+00:00,20.10182,87.54765,11.1,256.7,underway
V012,2026-09-10T07:40:00+00:00,20.1058,87.47917,11.6,273.5,underway
V012,2026-09-10T08:00:00+00:00,20.11127,87.43066,12.9,70.7,underway
V012,2026-09-10T08:20:00+00:00,20.11262,87.50977,13.4,89.0,underway
V012,2026-09-10T08:40:00+00:00,20.11524,87.57548,11.1,87.6,underway
V012,2026-09-10T09:00:00+00:00,20.09353,87.65338,13.7,106.4,underway
V012,2026-09-10T09:20:00+00:00,20.11069,87.68336,13.7,289.6,underway
V012,2026-09-10T09:40:00+00:00,20.13384,87.62038,11.4,291.3,underway
V012,2026-09-10T10:00:00+00:00,20.14209,87.54512,12.8,276.6,underway
V012,2026-09-10T10:20:00+00:00,20.14387,87.47031,12.7,271.4,underway
V012,2026-09-10T10:40:00+00:00,20.14194,87.42367,11.8,85.0,underway
V012,2026-09-10T11:00:00+00:00,20.15593,87.50399,13.8,79.6,underway
V012,2026-09-10T11:20:00+00:00,20.16224,87.58258,13.4,85.1,underway
V012,2026-09-10T11:40:00+00:00,20.18527,87.64836,11.9,69.7,underway
V012,2026-09-10T12:00:00+00:00,20.18338,87.68719,12.3,256.1,underway
V012,2026-09-10T12:20:00+00:00,20.17428,87.61866,11.7,262.0,underway
V012,2026-09-10T12:40:00+00:00,20.16364,87.55369,11.2,260.2,underway
V012,2026-09-10T13:00:00+00:00,20.1548,87.48809,11.2,261.9,underway
V012,2026-09-10T13:20:00+00:00,20.15718,87.42322,11.1,91.9,underway
V012,2026-09-10T13:40:00+00:00,20.13978,87.49539,12.6,104.3,underway
V012,2026-09-10T14:00:00+00:00,20.1134,87.56668,13.0,111.4,underway
V012,2026-09-10T14:20:00+00:00,20.09645,87.62484,10.3,107.1,underway
V012,2026-09-10T14:40:00+00:00,20.08321,87.66885,11.0,303.5,underway
V012,2026-09-10T15:00:00+00:00,20.11774,87.61762,10.7,305.5,underway
V012,2026-09-10T15:20:00+00:00,20.14701,87.55252,12.2,295.4,underway
V012,2026-09-10T15:40:00+00:00,20.1843,87.49859,11.3,306.2,underway
V012,2026-09-10T16:00:00+00:00,20.23494,87.45493,12.4,130.3,underway
V012,2026-09-10T16:20:00+00:00,20.20951,87.50815,10.1,116.8,underway
V012,2026-09-10T16:40:00+00:00,20.17999,87.57505,12.5,115.0,underway
V012,2026-09-10T17:00:00+00:00,20.14736,87.62311,10.0,125.7,underway
V012,2026-09-10T17:20:00+00:00,20.09391,87.66796,12.2,141.6,underway
V012,2026-09-10T17:40:00+00:00,20.07844,87.66534,12.1,306.1,underway
V012,2026-09-10T18:00:00+00:00,20.10004,87.59184,13.0,287.3,underway
V012,2026-09-10T18:20:00+00:00,20.12911,87.54018,10.2,300.8,underway
V012,2026-09-10T18:40:00+00:00,20.14991,87.482,10.5,290.7,underway
V012,2026-09-10T19:00:00+00:00,20.15907,87.4233,13.4,92.7,underway
V012,2026-09-10T19:20:00+00:00,20.14438,87.48506,10.8,104.1,underway
V012,2026-09-10T19:40:00+00:00,20.14924,87.54489,10.2,85.1,underway
V012,2026-09-10T20:00:00+00:00,20.17086,87.60336,10.6,68.6,underway
V012,2026-09-10T20:20:00+00:00,20.19258,87.65861,10.1,67.4,underway
V012,2026-09-10T20:40:00+00:00,20.20598,87.67882,11.0,245.3,underway
V012,2026-09-10T21:00:00+00:00,20.18696,87.60267,13.3,255.2,underway
V012,2026-09-10T21:20:00+00:00,20.15927,87.52821,13.5,248.5,underway
V012,2026-09-10T21:40:00+00:00,20.128,87.47299,10.9,239.1,underway
V012,2026-09-10T22:00:00+00:00,20.09005,87.44092,10.0,60.2,underway
V012,2026-09-10T22:20:00+00:00,20.101,87.50103,10.4,79.1,underway
V012,2026-09-10T22:40:00+00:00,20.09685,87.56675,11.2,93.8,underway
V012,2026-09-10T23:00:00+00:00,20.09291,87.62804,10.4,93.9,underway
V012,2026-09-10T23:20:00+00:00,20.09685,87.67715,13.8,296.4,underway
V012,2026-09-10T23:40:00+00:00,20.14154,87.61785,12.8,308.6,underway
V012,2026-09-11T00:00:00+00:00,20.19234,87.57604,11.5,322.1,underway
V012,2026-09-11T00:20:00+00:00,20.23069,87.53391,9.9,313.9,underway
V012,2026-09-11T00:40:00+00:00,20.26132,87.48763,10.1,148.8,underway
V012,2026-09-11T01:00:00+00:00,20.21369,87.51955,10.1,147.7,underway
V012,2026-09-11T01:20:00+00:00,20.16346,87.57507,13.0,133.7,underway
V012,2026-09-11T01:40:00+00:00,20.11986,87.62661,11.7,131.8,underway
V012,2026-09-11T02:00:00+00:00,20.07144,87.65952,12.3,310.1,underway
V012,2026-09-11T02:20:00+00:00,20.09367,87.57236,11.7,323.1,underway
V012,2026-09-11T02:40:00+00:00,20.09197,87.50199,9.9,320.6,underway
V012,2026-09-11T03:00:00+00:00,20.0824,87.45066,10.7,337.9,underway
V012,2026-09-11T03:20:00+00:00,20.05513,87.41197,11.7,175.9,underway
V012,2026-09-11T03:40:00+00:00,19.98812,87.3769,11.8,185.9,underway
V012,2026-09-11T04:00:00+00:00,19.94303,87.34423,11.2,186.8,underway
V012,2026-09-11T04:20:00+00:00,19.96799,87.37762,10.8,169.0,underway
V012,2026-09-11T04:40:00+00:00,19.97379,87.42271,11.9,150.0,underway
V012,2026-09-11T05:00:00+00:00,19.98927,87.47557,12.7,338.2,underway
V012,2026-09-11T05:20:00+00:00,20.04085,87.50259,10.6,336.4,underway
V012,2026-09-11T05:40:00+00:00,20.11698,87.50204,13.8,323.7,underway
V012,2026-09-11T06:00:00+00:00,20.22367,87.5111,13.4,343.5,underway
V012,2026-09-11T06:20:00+00:00,20.26106,87.48719,10.1,148.5,underway
V012,2026-09-11T06:40:00+00:00,20.20863,87.52314,11.2,147.0,underway
V012,2026-09-11T07:00:00+00:00,20.14497,87.55425,12.6,155.2,underway
V012,2026-09-11T07:20:00+00:00,20.07515,87.57642,13.1,163.3,underway
V012,2026-09-11T07:40:00+00:00,20.03177,87.59553,11.9,343.3,underway
V012,2026-09-11T08:00:00+00:00,20.09753,87.56396,12.9,335.6,underway
V012,2026-09-11T08:20:00+00:00,20.14977,87.5297,11.0,328.2,underway
V012,2026-09-11T08:40:00+00:00,20.19669,87.48981,10.8,321.2,underway
V012,2026-09-11T09:00:00+00:00,20.2279,87.44905,12.4,126.2,underway
V012,2026-09-11T09:20:00+00:00,20.2035,87.5019,10.0,116.0,underway
V012,2026-09-11T09:40:00+00:00,20.18008,87.57443,13.0,108.9,underway
V012,2026-09-11T10:00:00+00:00,20.14565,87.64414,13.3,117.6,underway
V012,2026-09-11T10:20:00+00:00,20.11324,87.68428,11.7,288.3,underway
V012,2026-09-11T10:40:00+00:00,20.12381,87.62547,10.1,280.8,underway
V012,2026-09-11T11:00:00+00:00,20.14408,87.55585,12.3,287.1,underway
V012,2026-09-11T11:20:00+00:00,20.15831,87.49811,10.1,284.6,underway
V012,2026-09-11T11:40:00+00:00,20.18819,87.43539,11.9,296.8,underway
V012,2026-09-11T12:00:00+00:00,20.19623,87.43118,13.2,109.9,underway
V012,2026-09-11T12:20:00+00:00,20.15715,87.48515,11.5,127.5,underway
V012,2026-09-11T12:40:00+00:00,20.10933,87.53459,12.0,135.7,underway
V012,2026-09-11T13:00:00+00:00,20.04981,87.57573,12.7,146.9,underway
V012,2026-09-11T13:20:00+00:00,20.03434,87.60366,10.0,339.7,underway
V012,2026-09-11T13:40:00+00:00,20.09043,87.59366,10.2,350.4,underway
V012,2026-09-11T14:00:00+00:00,20.14783,87.60148,10.4,7.3,underway
V012,2026-09-11T14:20:00+00:00,20.21845,87.63116,13.6,21.7,underway
V012,2026-09-11T14:40:00+00:00,20.25219,87.64046,10.1,218.5,underway
V012,2026-09-11T15:00:00+00:00,20.21339,87.59819,10.0,225.8,underway
V012,2026-09-11T15:20:00+00:00,20.168,87.53642,13.2,232.1,underway
V012,2026-09-11T15:40:00+00:00,20.13539,87.47997,11.2,238.6,underway
V013,2026-09-09T04:00:00+00:00,19.40257,86.99335,14.1,27.9,underway
V013,2026-09-09T04:20:00+00:00,19.44429,87.01817,14.2,208.5,underway
V013,2026-09-09T04:40:00+00:00,19.36778,86.98706,14.7,201.1,underway
V013,2026-09-09T05:00:00+00:00,19.30194,86.95436,13.0,205.3,underway
V013,2026-09-09T05:20:00+00:00,19.23198,86.93483,13.0,194.8,underway
V013,2026-09-09T05:40:00+00:00,19.21242,86.91394,14.2,17.8,underway
V013,2026-09-09T06:00:00+00:00,19.29415,86.93265,15.0,12.3,underway
V013,2026-09-09T06:20:00+00:00,19.36891,86.94737,13.6,10.6,underway
V013,2026-09-09T06:40:00+00:00,19.45328,86.93844,15.2,354.3,underway
V013,2026-09-09T07:00:00+00:00,19.4596,86.9553,14.3,180.3,underway
V013,2026-09-09T07:20:00+00:00,19.391,86.96065,12.3,175.8,underway
V013,2026-09-09T07:40:00+00:00,19.31267,86.98561,14.7,163.2,underway
V013,2026-09-09T08:00:00+00:00,19.24061,86.99424,13.0,173.5,underway
V013,2026-09-09T08:20:00+00:00,19.21439,87.00126,14.6,339.5,underway
V013,2026-09-09T08:40:00+00:00,19.29715,86.98507,15.1,349.5,underway
V013,2026-09-09T09:00:00+00:00,19.37876,86.96856,14.9,349.1,underway
V013,2026-09-09T09:20:00+00:00,19.45908,86.95311,14.6,349.6,underway
V013,2026-09-09T09:40:00+00:00,19.45717,86.92859,13.5,168.7,underway
V013,2026-09-09T10:00:00+00:00,19.37793,86.92669,14.2,181.3,underway
V013,2026-09-09T10:20:00+00:00,19.30528,86.89833,13.9,200.4,underway
V013,2026-09-09T10:40:00+00:00,19.22804,86.88008,14.3,34.0,underway
V013,2026-09-09T11:00:00+00:00,19.28093,86.94182,14.1,48.0,underway
V013,2026-09-09T11:20:00+00:00,19.31882,86.9974,11.6,54.3,underway
V013,2026-09-09T11:40:00+00:00,19.37572,87.03833,12.3,34.3,underway
V013,2026-09-09T12:00:00+00:00,19.42122,87.05022,14.6,225.8,underway
V013,2026-09-09T12:20:00+00:00,19.36895,87.01023,11.6,216.0,underway
V013,2026-09-09T12:40:00+00:00,19.28692,86.983,15.4,197.5,underway
V013,2026-09-09T13:00:00+00:00,19.21656,86.97441,12.7,186.6,underway
V013,2026-09-09T13:20:00+00:00,19.20666,86.94588,15.2,3.8,underway
V013,2026-09-09T13:40:00+00:00,19.28398,86.93993,13.9,355.8,underway
V013,2026-09-09T14:00:00+00:00,19.35331,86.92916,12.6,351.6,underway
V013,2026-09-09T14:20:00+00:00,19.41648,86.94006,11.5,9.3,underway
V013,2026-09-09T14:40:00+00:00,19.45942,86.96194,14.4,183.2,underway
V013,2026-09-09T15:00:00+00:00,19.38527,86.94257,13.7,193.9,underway
V013,2026-09-09T15:20:00+00:00,19.31457,86.89889,14.7,210.4,underway
V013,2026-09-09T15:40:00+00:00,19.26218,86.85856,11.6,216.2,underway
V013,2026-09-09T16:00:00+00:00,19.2551,86.84955,12.1,52.0,underway
V013,2026-09-09T16:20:00+00:00,19.31068,86.89535,12.6,38.1,underway
V013,2026-09-09T16:40:00+00:00,19.36646,86.94161,12.7,38.2,underway
V013,2026-09-09T17:00:00+00:00,19.42378,86.98499,12.6,35.7,underway
V013,2026-09-09T17:20:00+00:00,19.4511,87.00266,14.3,201.1,underway
V013,2026-09-09T17:40:00+00:00,19.39372,86.9706,11.6,208.0,underway
V013,2026-09-09T18:00:00+00:00,19.34493,86.92135,12.1,223.8,underway
V013,2026-09-09T18:20:00+00:00,19.27987,86.87051,14.5,216.6,underway
V013,2026-09-09T18:40:00+00:00,19.2582,86.84708,15.2,53.8,underway
V013,2026-09-09T19:00:00+00:00,19.28573,86.92148,13.6,68.7,underway
V013,2026-09-09T19:20:00+00:00,19.29261,87.00692,14.6,85.2,underway
V013,2026-09-09T19:40:00+00:00,19.28607,87.07841,15.3,291.8,underway
V013,2026-09-09T20:00:00+00:00,19.33339,87.0182,13.3,309.6,underway
V013,2026-09-09T20:20:00+00:00,19.38301,86.95152,14.4,308.1,underway
V013,2026-09-09T20:40:00+00:00,19.44569,86.89916,14.3,321.6,underway
V013,2026-09-09T21:00:00+00:00,19.4409,86.8849,11.7,148.5,underway
V013,2026-09-09T21:20:00+00:00,19.38373,86.94901,15.0,133.2,underway
V013,2026-09-09T21:40:00+00:00,19.32842,86.98355,11.5,149.3,underway
V013,2026-09-09T22:00:00+00:00,19.26566,87.03136,13.9,144.1,underway
V013,2026-09-09T22:20:00+00:00,19.2401,87.04519,11.6,317.2,underway
V013,2026-09-09T22:40:00+00:00,19.30874,87.00611,14.0,331.6,underway
V013,2026-09-09T23:00:00+00:00,19.36894,86.96013,13.3,324.0,underway
V013,2026-09-09T23:20:00+00:00,19.42795,86.90643,14.0,319.2,underway
V013,2026-09-09T23:40:00+00:00,19.4472,86.89708,13.7,154.4,underway
V013,2026-09-10T00:00:00+00:00,19.38717,86.93786,12.8,147.2,underway
V013,2026-09-10T00:20:00+00:00,19.31144,86.96575,14.4,160.7,underway
V013,2026-09-10T00:40:00+00:00,19.23528,87.00345,15.1,154.8,underway
V013,2026-09-10T01:00:00+00:00,19.21692,87.00784,15.4,336.5,underway
V013,2026-09-10T01:20:00+00:00,19.28159,86.99864,11.7,352.3,underway
V013,2026-09-10T01:40:00+00:00,19.34465,86.98712,11.5,350.1,underway
V013,2026-09-10T02:00:00+00:00,19.41272,86.99767,12.3,8.4,underway
V013,2026-09-10T02:20:00+00:00,19.45624,86.98513,13.6,193.2,underway
V013,2026-09-10T02:40:00+00:00,19.38854,86.94342,14.1,210.3,underway
V013,2026-09-10T03:00:00+00:00,19.333,86.88523,14.0,224.9,underway
V013,2026-09-10T03:20:00+00:00,19.28457,86.83147,13.3,67.5,underway
V013,2026-09-10T03:40:00+00:00,19.30625,86.89516,11.5,70.3,underway
V013,2026-09-10T04:00:00+00:00,19.35496,86.96982,15.4,55.5,underway
V013,2026-09-10T04:20:00+00:00,19.40643,87.02012,12.6,42.9,underway
V013,2026-09-10T04:40:00+00:00,19.42748,87.04334,14.4,221.7,underway
V013,2026-09-10T05:00:00+00:00,19.35413,87.00602,14.6,205.8,underway
V013,2026-09-10T05:20:00+00:00,19.29779,86.97185,11.6,209.9,underway
V013,2026-09-10T05:40:00+00:00,19.22072,86.93468,15.2,204.6,underway
V013,2026-09-10T06:00:00+00:00,19.21303,86.91201,12.0,18.6,underway
V013,2026-09-10T06:20:00+00:00,19.27277,86.94017,11.7,24.1,underway
V013,2026-09-10T06:40:00+00:00,19.33918,86.96672,12.7,20.8,underway
V013,2026-09-10T07:00:00+00:00,19.39643,87.01812,13.5,40.5,underway
V013,2026-09-10T07:20:00+00:00,19.41297,87.05795,13.4,230.8,underway
V013,2026-09-10T07:40:00+00:00,19.38187,86.99909,11.5,240.9,underway
V013,2026-09-10T08:00:00+00:00,19.36288,86.92028,13.8,255.8,underway
V013,2026-09-10T08:20:00+00:00,19.33593,86.83841,14.7,250.9,underway
V013,2026-09-10T08:40:00+00:00,19.33248,86.82134,12.1,89.8,underway
V013,2026-09-10T09:00:00+00:00,19.35863,86.89896,14.0,70.5,underway
V013,2026-09-10T09:20:00+00:00,19.36369,86.9685,11.9,85.6,underway
V013,2026-09-10T09:40:00+00:00,19.36551,87.03682,11.6,88.4,underway
V013,2026-09-10T10:00:00+00:00,19.37857,87.07897,13.4,248.9,underway
V013,2026-09-10T10:20:00+00:00,19.37129,86.9922,14.8,265.0,underway
V013,2026-09-10T10:40:00+00:00,19.3762,86.90852,14.3,273.5,underway
V013,2026-09-10T11:00:00+00:00,19.36607,86.83129,13.3,262.1,underway
V013,2026-09-10T11:20:00+00:00,19.33843,86.82146,12.3,92.5,underway
V013,2026-09-10T11:40:00+00:00,19.35298,86.89733,13.2,78.6,underway
V013,2026-09-10T12:00:00+00:00,19.38656,86.95808,12.0,59.8,underway
V013,2026-09-10T12:20:00+00:00,19.41636,87.03308,13.8,67.3,underway
V013,2026-09-10T12:40:00+00:00,19.41863,87.05279,12.3,227.4,underway
V013,2026-09-10T13:00:00+00:00,19.37917,86.99849,11.6,232.6,underway
V013,2026-09-10T13:20:00+00:00,19.34277,86.92154,14.6,243.5,underway
V013,2026-09-10T13:40:00+00:00,19.33067,86.85172,12.1,259.7,underway
V013,2026-09-10T14:00:00+00:00,19.33223,86.82134,13.6,89.7,underway
V013,2026-09-10T14:20:00+00:00,19.34798,86.90615,14.7,78.9,underway
V013,2026-09-10T14:40:00+00:00,19.37307,86.97227,12.1,68.2,underway
V013,2026-09-10T15:00:00+00:00,19.38332,87.06166,15.3,83.1,underway
V013,2026-09-10T15:20:00+00:00,19.36783,87.08275,11.9,254.0,underway
V013,2026-09-10T15:40:00+00:00,19.34471,87.00544,13.8,252.5,underway
V013,2026-09-10T16:00:00+00:00,19.30495,86.92946,14.8,241.2,underway
V013,2026-09-10T16:20:00+00:00,19.26528,86.86228,13.5,238.1,underway
V013,2026-09-10T16:40:00+00:00,19.25908,86.84641,11.4,54.3,underway
V013,2026-09-10T17:00:00+00:00,19.2888,86.92814,14.9,69.1,underway
V013,2026-09-10T17:20:00+00:00,19.2955,87.00807,13.7,85.0,underway
V013,2026-09-10T17:40:00+00:00,19.3059,87.08187,12.7,81.6,underway
V013,2026-09-10T18:00:00+00:00,19.3317,87.08789,12.3,270.6,underway
V013,2026-09-10T18:20:00+00:00,19.33463,87.01127,13.0,272.3,underway
V013,2026-09-10T18:40:00+00:00,19.35129,86.92246,15.4,281.2,underway
V013,2026-09-10T19:00:00+00:00,19.3517,86.83494,14.9,270.3,underway
V013,2026-09-10T19:20:00+00:00,19.34092,86.8216,13.2,93.6,underway
V013,2026-09-10T19:40:00+00:00,19.34637,86.90342,14.0,86.0,underway
V013,2026-09-10T20:00:00+00:00,19.35358,86.97345,12.0,83.8,underway
V013,2026-09-10T20:20:00+00:00,19.3566,87.0434,11.9,87.4,underway
V013,2026-09-10T20:40:00+00:00,19.36237,87.08426,13.1,256.6,underway
V013,2026-09-10T21:00:00+00:00,19.36263,86.9991,14.5,270.2,underway
V013,2026-09-10T21:20:00+00:00,19.36763,86.92107,13.3,273.9,underway
V013,2026-09-10T21:40:00+00:00,19.361,86.84209,13.5,264.9,underway
V013,2026-09-10T22:00:00+00:00,19.3468,86.82214,13.5,96.3,underway
V013,2026-09-10T22:20:00+00:00,19.33928,86.89427,12.3,96.3,underway
V013,2026-09-10T22:40:00+00:00,19.33885,86.97037,12.9,90.3,underway
V013,2026-09-10T23:00:00+00:00,19.358,87.03683,11.8,73.1,underway
V013,2026-09-10T23:20:00+00:00,19.36147,87.08449,12.8,257.0,underway
V013,2026-09-10T23:40:00+00:00,19.35457,86.99795,14.8,265.2,underway
V013,2026-09-11T00:00:00+00:00,19.35589,86.91993,13.3,271.0,underway
V013,2026-09-11T00:20:00+00:00,19.37479,86.84247,13.6,284.4,underway
V013,2026-09-11T00:40:00+00:00,19.35701,86.82376,14.6,100.9,underway
V013,2026-09-11T01:00:00+00:00,19.34396,86.90161,13.5,100.0,underway
V013,2026-09-11T01:20:00+00:00,19.31894,86.98036,14.1,108.5,underway
V013,2026-09-11T01:40:00+00:00,19.27271,87.04594,13.9,126.6,underway
V013,2026-09-11T02:00:00+00:00,19.27025,87.07038,14.0,299.7,underway
V013,2026-09-11T02:20:00+00:00,19.31091,87.0186,11.4,309.6,underway
V013,2026-09-11T02:40:00+00:00,19.36778,86.96283,13.9,317.0,underway
V013,2026-09-11T03:00:00+00:00,19.42666,86.91804,13.0,324.1,underway
V013,2026-09-11T03:20:00+00:00,19.44257,86.88785,13.7,149.9,underway
V013,2026-09-11T03:40:00+00:00,19.38123,86.94453,14.6,138.7,underway
V013,2026-09-11T04:00:00+00:00,19.33763,87.01014,13.6,125.0,underway
V013,2026-09-11T04:20:00+00:00,19.29162,87.06583,12.6,131.0,underway
V013,2026-09-11T04:40:00+00:00,19.28242,87.07681,15.0,293.5,underway
V013,2026-09-11T05:00:00+00:00,19.33484,87.01672,13.9,312.6,underway
V013,2026-09-11T05:20:00+00:00,19.39499,86.9721,13.2,324.8,underway
V013,2026-09-11T05:40:00+00:00,19.44904,86.91679,13.5,315.8,underway
V013,2026-09-11T06:00:00+00:00,19.4371,86.87876,13.6,145.3,underway
V013,2026-09-11T06:20:00+00:00,19.37176,86.90799,12.7,157.0,underway
V013,2026-09-11T06:40:00+00:00,19.30573,86.91469,11.9,174.5,underway
V013,2026-09-11T07:00:00+00:00,19.23113,86.93621,13.9,164.7,underway
V013,2026-09-11T07:20:00+00:00,19.20638,86.95516,14.8,359.8,underway
V013,2026-09-11T07:40:00+00:00,19.28327,86.9264,14.6,340.4,underway
V013,2026-09-11T08:00:00+00:00,19.34874,86.87471,14.7,323.1,underway
V013,2026-09-11T08:20:00+00:00,19.40127,86.84238,11.5,122.6,underway
V013,2026-09-11T08:40:00+00:00,19.3489,86.89153,12.6,138.3,underway
V013,2026-09-11T09:00:00+00:00,19.28586,86.9511,15.2,138.1,underway
V013,2026-09-11T09:20:00+00:00,19.24109,87.00132,11.7,133.2,underway
V013,2026-09-11T09:40:00+00:00,19.23613,87.04045,14.4,319.9,underway
V013,2026-09-11T10:00:00+00:00,19.27721,86.9799,12.7,305.5,underway
V013,2026-09-11T10:20:00+00:00,19.30746,86.9094,13.2,294.3,underway
V013,2026-09-11T10:40:00+00:00,19.32121,86.82192,15.3,84.7,underway
V013,2026-09-11T11:00:00+00:00,19.30866,86.89027,11.8,100.9,underway
V013,2026-09-11T11:20:00+00:00,19.31305,86.97017,13.6,86.7,underway
V013,2026-09-11T11:40:00+00:00,19.29122,87.05228,14.5,105.6,underway
V013,2026-09-11T12:00:00+00:00,19.30212,87.08388,14.8,284.1,underway
V013,2026-09-11T12:20:00+00:00,19.29652,87.00533,13.4,265.7,underway
V013,2026-09-11T12:40:00+00:00,19.3028,86.92859,13.1,274.9,underway
V013,2026-09-11T13:00:00+00:00,19.31676,86.84614,14.3,280.1,underway
V013,2026-09-11T13:20:00+00:00,19.31861,86.8222,11.9,83.5,underway
V013,2026-09-11T13:40:00+00:00,19.33499,86.88909,11.8,75.5,underway
V013,2026-09-11T14:00:00+00:00,19.36536,86.94911,11.6,62.0,underway
V013,2026-09-11T14:20:00+00:00,19.41073,87.0175,14.2,55.1,underway
V013,2026-09-11T14:40:00+00:00,19.43086,87.03918,13.3,219.4,underway
V013,2026-09-11T15:00:00+00:00,19.36845,87.01039,12.2,203.7,underway
V013,2026-09-11T15:20:00+00:00,19.28783,86.98285,15.2,198.0,underway
V013,2026-09-11T15:40:00+00:00,19.22175,86.97566,11.9,185.9,underway
V014,2026-09-09T04:00:00+00:00,20.00236,87.78382,9.6,159.9,underway
V014,2026-09-09T04:20:00+00:00,19.93138,87.80133,13.1,166.9,underway
V014,2026-09-09T04:40:00+00:00,19.93339,87.81,13.0,340.1,underway
V014,2026-09-09T05:00:00+00:00,19.99948,87.80002,12.0,351.9,underway
V014,2026-09-09T05:20:00+00:00,20.06217,87.79779,11.2,358.1,underway
V014,2026-09-09T05:40:00+00:00,20.13508,87.80179,13.1,3.0,underway
V014,2026-09-09T06:00:00+00:00,20.17186,87.80899,11.6,199.4,underway
V014,2026-09-09T06:20:00+00:00,20.12827,87.77696,9.5,214.8,underway
V014,2026-09-09T06:40:00+00:00,20.08324,87.7468,9.5,212.4,underway
V014,2026-09-09T07:00:00+00:00,20.02981,87.70314,12.1,217.7,underway
V014,2026-09-09T07:20:00+00:00,19.98571,87.66652,10.0,218.1,underway
V014,2026-09-09T07:40:00+00:00,19.95737,87.67608,12.6,41.3,underway
V014,2026-09-09T08:00:00+00:00,20.00485,87.72126,11.4,42.0,underway
V014,2026-09-09T08:20:00+00:00,20.04139,87.76652,10.1,49.5,underway
V014,2026-09-09T08:40:00+00:00,20.07774,87.82217,11.5,55.4,underway
V014,2026-09-09T09:00:00+00:00,20.09796,87.88941,12.3,248.9,underway
V014,2026-09-09T09:20:00+00:00,20.09357,87.8138,12.8,266.5,underway
V014,2026-09-09T09:40:00+00:00,20.0828,87.74223,12.3,261.0,underway
V014,2026-09-09T10:00:00+00:00,20.06037,87.68193,11.0,248.5,underway
V014,2026-09-09T10:20:00+00:00,20.04536,87.63081,10.8,86.8,underway
V014,2026-09-09T10:40:00+00:00,20.04998,87.70015,11.8,86.0,underway
V014,2026-09-09T11:00:00+00:00,20.03526,87.7577,10.1,105.1,underway
V014,2026-09-09T11:20:00+00:00,20.00593,87.80944,10.2,120.9,underway
V014,2026-09-09T11:40:00+00:00,19.96145,87.84796,10.3,140.7,underway
V014,2026-09-09T12:00:00+00:00,19.95272,87.84696,11.9,322.0,underway
V014,2026-09-09T12:20:00+00:00,19.98769,87.78811,11.8,302.1,underway
V014,2026-09-09T12:40:00+00:00,20.01627,87.72388,12.0,295.2,underway
V014,2026-09-09T13:00:00+00:00,20.049,87.65764,12.7,297.6,underway
V014,2026-09-09T13:20:00+00:00,20.06803,87.63162,11.7,97.1,underway
V014,2026-09-09T13:40:00+00:00,20.05656,87.70897,13.3,98.9,underway
V014,2026-09-09T14:00:00+00:00,20.02702,87.7817,13.4,113.2,underway
V014,2026-09-09T14:20:00+00:00,19.99925,87.85113,12.8,112.9,underway
V014,2026-09-09T14:40:00+00:00,20.00489,87.88855,11.2,292.1,underway
V014,2026-09-09T15:00:00+00:00,20.01069,87.82324,11.1,275.4,underway
V014,2026-09-09T15:20:00+00:00,20.00749,87.75553,11.5,267.1,underway
V014,2026-09-09T15:40:00+00:00,20.01241,87.69986,9.5,275.3,underway
V014,2026-09-09T16:00:00+00:00,20.02103,87.6416,10.0,278.9,underway
V014,2026-09-09T16:20:00+00:00,20.03486,87.6319,13.0,82.0,underway
V014,2026-09-09T16:40:00+00:00,20.03894,87.69785,11.2,86.3,underway
V014,2026-09-09T17:00:00+00:00,20.02474,87.77126,12.7,101.6,underway
V014,2026-09-09T17:20:00+00:00,20.03041,87.8374,11.2,84.8,underway
V014,2026-09-09T17:40:00+00:00,20.04013,87.89311,9.6,79.6,underway
V014,2026-09-09T18:00:00+00:00,20.04175,87.89788,10.7,274.8,underway
V014,2026-09-09T18:20:00+00:00,20.02903,87.83745,10.5,257.5,underway
V014,2026-09-09T18:40:00+00:00,20.02776,87.7768,10.3,268.7,underway
V014,2026-09-09T19:00:00+00:00,20.0267,87.70917,11.5,269.0,underway
V014,2026-09-09T19:20:00+00:00,20.02686,87.6352,12.5,270.1,underway
V014,2026-09-09T19:40:00+00:00,20.04148,87.6311,12.0,85.0,underway
V014,2026-09-09T20:00:00+00:00,20.05757,87.70003,12.0,76.1,underway
V014,2026-09-09T20:20:00+00:00,20.08213,87.76713,12.2,68.8,underway
V014,2026-09-09T20:40:00+00:00,20.09915,87.84348,13.3,76.7,underway
V014,2026-09-09T21:00:00+00:00,20.11906,87.87834,12.8,238.3,underway
V014,2026-09-09T21:20:00+00:00,20.09945,87.81908,10.6,250.7,underway
V014,2026-09-09T21:40:00+00:00,20.08053,87.74551,12.9,254.8,underway
V014,2026-09-09T22:00:00+00:00,20.07317,87.66795,13.2,264.3,underway
V014,2026-09-09T22:20:00+00:00,20.05731,87.6307,12.9,92.2,underway
V014,2026-09-09T22:40:00+00:00,20.04066,87.69009,10.5,106.5,underway
V014,2026-09-09T23:00:00+00:00,20.02256,87.75358,11.2,106.8,underway
V014,2026-09-09T23:20:00+00:00,20.02467,87.81128,9.8,87.8,underway
V014,2026-09-09T23:40:00+00:00,20.01278,87.88692,13.0,99.4,underway
V014,2026-09-10T00:00:00+00:00,20.02695,87.89562,11.9,281.6,underway
V014,2026-09-10T00:20:00+00:00,20.05144,87.84404,9.8,296.7,underway
V014,2026-09-10T00:40:00+00:00,20.07391,87.77222,12.8,288.3,underway
V014,2026-09-10T01:00:00+00:00,20.10247,87.69987,13.3,292.7,underway
V014,2026-09-10T01:20:00+00:00,20.12366,87.65378,12.5,124.2,underway
V014,2026-09-10T01:40:00+00:00,20.07767,87.71168,12.8,130.0,underway
V014,2026-09-10T02:00:00+00:00,20.04908,87.76314,10.1,120.4,underway
V014,2026-09-10T02:20:00+00:00,20.00705,87.80504,10.3,136.7,underway
V014,2026-09-10T02:40:00+00:00,19.95651,87.83467,10.3,151.0,underway
V014,2026-09-10T03:00:00+00:00,19.94993,87.84304,9.7,324.1,underway
V014,2026-09-10T03:20:00+00:00,19.99868,87.78271,13.4,310.5,underway
V014,2026-09-10T03:40:00+00:00,20.03906,87.71592,13.4,302.6,underway
V014,2026-09-10T04:00:00+00:00,20.05506,87.65331,11.0,285.1,underway
V014,2026-09-10T04:20:00+00:00,20.07258,87.6323,13.3,99.1,underway
V014,2026-09-10T04:40:00+00:00,20.07514,87.69789,11.1,87.6,underway
V014,2026-09-10T05:00:00+00:00,20.07887,87.76096,10.7,86.4,underway
V014,2026-09-10T05:20:00+00:00,20.10102,87.82146,11.0,68.8,underway
V014,2026-09-10T05:40:00+00:00,20.11471,87.88106,11.4,240.5,underway
V014,2026-09-10T06:00:00+00:00,20.08765,87.82782,10.2,241.7,underway
V014,2026-09-10T06:20:00+00:00,20.04809,87.77408,11.5,232.1,underway
V014,2026-09-10T06:40:00+00:00,20.00019,87.73606,10.7,216.9,underway
V014,2026-09-10T07:00:00+00:00,19.95725,87.67622,13.1,41.2,underway
V014,2026-09-10T07:20:00+00:00,19.99153,87.73245,11.3,57.2,underway
V014,2026-09-10T07:40:00+00:00,20.00896,87.79906,11.7,74.5,underway
V014,2026-09-10T08:00:00+00:00,20.04236,87.85665,11.4,58.5,underway
V014,2026-09-10T08:20:00+00:00,20.05503,87.89833,10.8,268.8,underway
V014,2026-09-10T08:40:00+00:00,20.04791,87.84076,9.8,262.5,underway
V014,2026-09-10T09:00:00+00:00,20.03616,87.78363,9.9,257.7,underway
V014,2026-09-10T09:20:00+00:00,20.04343,87.71648,11.4,276.5,underway
V014,2026-09-10T09:40:00+00:00,20.04115,87.65292,10.8,267.8,underway
V014,2026-09-10T10:00:00+00:00,20.04437,87.63087,10.2,86.3,underway
V014,2026-09-10T10:20:00+00:00,20.03691,87.6937,10.7,97.2,underway
V014,2026-09-10T10:40:00+00:00,20.02982,87.77174,13.3,95.5,underway
V014,2026-09-10T11:00:00+00:00,20.02588,87.83614,10.9,93.7,underway
V014,2026-09-10T11:20:00+00:00,20.01313,87.89174,13.2,288.1,underway
V014,2026-09-10T11:40:00+00:00,20.04089,87.83133,11.4,295.9,underway
V014,2026-09-10T12:00:00+00:00,20.07997,87.78717,10.2,313.1,underway
V014,2026-09-10T12:20:00+00:00,20.13936,87.75296,12.1,331.4,underway
V014,2026-09-10T12:40:00+00:00,20.17096,87.71735,10.2,159.4,underway
V014,2026-09-10T13:00:00+00:00,20.1212,87.75151,10.6,147.0,underway
V014,2026-09-10T13:20:00+00:00,20.05881,87.78172,12.3,155.4,underway
V014,2026-09-10T13:40:00+00:00,20.00082,87.80543,11.1,158.9,underway
V014,2026-09-10T14:00:00+00:00,19.9551,87.83654,9.7,147.2,underway
V014,2026-09-10T14:20:00+00:00,19.94744,87.83928,12.1,326.0,underway
V014,2026-09-10T14:40:00+00:00,20.00057,87.81446,10.4,336.2,underway
V014,2026-09-10T15:00:00+00:00,20.04629,87.77472,10.6,320.6,underway
V014,2026-09-10T15:20:00+00:00,20.07872,87.72502,10.2,304.6,underway
V014,2026-09-10T15:40:00+00:00,20.12023,87.66849,12.1,307.8,underway
V014,2026-09-10T16:00:00+00:00,20.12229,87.6528,13.4,123.5,underway
V014,2026-09-10T16:20:00+00:00,20.10505,87.71252,10.6,107.0,underway
V014,2026-09-10T16:40:00+00:00,20.06809,87.7732,12.2,122.8,underway
V014,2026-09-10T17:00:00+00:00,20.03474,87.8267,10.9,123.4,underway
V014,2026-09-10T17:20:00+00:00,19.99163,87.87769,11.6,131.8,underway
V014,2026-09-10T17:40:00+00:00,19.9903,87.88112,11.7,299.4,underway
V014,2026-09-10T18:00:00+00:00,20.04535,87.83039,13.1,318.9,underway
V014,2026-09-10T18:20:00+00:00,20.08065,87.78242,10.3,307.9,underway
V014,2026-09-10T18:40:00+00:00,20.10613,87.71821,11.8,292.8,underway
V014,2026-09-10T19:00:00+00:00,20.13595,87.66384,13.3,131.3,underway
V014,2026-09-10T19:20:00+00:00,20.09017,87.70704,11.0,138.3,underway
V014,2026-09-10T19:40:00+00:00,20.04069,87.72822,9.6,158.0,underway
V014,2026-09-10T20:00:00+00:00,19.97574,87.75077,12.2,161.8,underway
V014,2026-09-10T20:20:00+00:00,19.92635,87.77642,12.8,354.9,underway
V014,2026-09-10T20:40:00+00:00,19.98952,87.7889,11.5,10.6,underway
V014,2026-09-10T21:00:00+00:00,20.0611,87.79912,12.9,7.7,underway
V014,2026-09-10T21:20:00+00:00,20.11344,87.78793,9.6,348.6,underway
V014,2026-09-10T21:40:00+00:00,20.16782,87.75573,11.2,330.8,underway
V014,2026-09-10T22:00:00+00:00,20.17614,87.73587,11.0,167.7,underway
V014,2026-09-10T22:20:00+00:00,20.11801,87.75522,10.9,162.5,underway
V014,2026-09-10T22:40:00+00:00,20.05593,87.79644,13.1,147.9,underway
V014,2026-09-10T23:00:00+00:00,20.0043,87.83807,11.6,142.7,underway
V014,2026-09-10T23:20:00+00:00,19.97719,87.87214,10.1,306.5,underway
V014,2026-09-10T23:40:00+00:00,20.00235,87.80241,12.6,290.9,underway
V014,2026-09-11T00:00:00+00:00,20.00847,87.73963,10.7,275.9,underway
V014,2026-09-11T00:20:00+00:00,20.01665,87.6822,9.8,278.6,underway
V014,2026-09-11T00:40:00+00:00,20.02891,87.63294,11.3,79.3,underway
V014,2026-09-11T01:00:00+00:00,20.02977,87.70592,12.4,89.3,underway
V014,2026-09-11T01:20:00+00:00,20.0407,87.76391,10.0,78.7,underway
V014,2026-09-11T01:40:00+00:00,20.03539,87.81957,9.5,95.8,underway
V014,2026-09-11T02:00:00+00:00,20.01305,87.87932,10.9,111.6,underway
V014,2026-09-11T02:20:00+00:00,19.99947,87.88607,12.8,294.7,underway
V014,2026-09-11T02:40:00+00:00,20.02903,87.828,11.2,298.3,underway
V014,2026-09-11T03:00:00+00:00,20.05371,87.77756,9.6,297.4,underway
V014,2026-09-11T03:20:00+00:00,20.10797,87.72288,13.4,316.4,underway
V014,2026-09-11T03:40:00+00:00,20.1353,87.66324,13.4,130.9,underway
V014,2026-09-11T04:00:00+00:00,20.10815,87.71213,9.6,120.4,underway
V014,2026-09-11T04:20:00+00:00,20.06602,87.75306,10.2,137.4,underway
V014,2026-09-11T04:40:00+00:00,20.02306,87.81158,12.6,127.8,underway
V014,2026-09-11T05:00:00+00:00,19.97821,87.85428,10.8,138.0,underway
V014,2026-09-11T05:20:00+00:00,19.97565,87.87092,12.5,307.3,underway
V014,2026-09-11T05:40:00+00:00,20.00001,87.80132,12.6,290.3,underway
V014,2026-09-11T06:00:00+00:00,20.02127,87.73291,12.2,288.2,underway
V014,2026-09-11T06:20:00+00:00,20.02678,87.66715,11.2,275.1,underway
V014,2026-09-11T06:40:00+00:00,20.04828,87.63067,9.9,88.1,underway
V014,2026-09-11T07:00:00+00:00,20.05001,87.70839,13.2,88.7,underway
V014,2026-09-11T07:20:00+00:00,20.04763,87.7759,11.4,92.1,underway
V014,2026-09-11T07:40:00+00:00,20.02201,87.84387,12.4,111.7,underway
V014,2026-09-11T08:00:00+00:00,19.99608,87.88436,12.7,296.4,underway
V014,2026-09-11T08:20:00+00:00,20.03253,87.83511,10.6,308.0,underway
V014,2026-09-11T08:40:00+00:00,20.05062,87.78148,9.6,289.6,underway
V014,2026-09-11T09:00:00+00:00,20.07492,87.71264,12.4,290.5,underway
V014,2026-09-11T09:20:00+00:00,20.08365,87.64793,11.1,278.1,underway
V014,2026-09-11T09:40:00+00:00,20.07365,87.63249,10.3,99.6,underway
V014,2026-09-11T10:00:00+00:00,20.07365,87.69902,11.3,90.0,underway
V014,2026-09-11T10:20:00+00:00,20.08506,87.76476,11.3,79.6,underway
V014,2026-09-11T10:40:00+00:00,20.08781,87.83614,12.1,87.7,underway
V014,2026-09-11T11:00:00+00:00,20.10276,87.88734,11.1,246.6,underway
V014,2026-09-11T11:20:00+00:00,20.08062,87.82928,10.6,248.0,underway
V014,2026-09-11T11:40:00+00:00,20.05378,87.77452,10.4,242.6,underway
V014,2026-09-11T12:00:00+00:00,20.03229,87.71511,10.8,249.1,underway
V014,2026-09-11T12:20:00+00:00,19.99287,87.66439,11.1,230.6,underway
V014,2026-09-11T12:40:00+00:00,19.98905,87.64859,9.7,60.0,underway
V014,2026-09-11T13:00:00+00:00,20.02836,87.68782,9.7,43.3,underway
V014,2026-09-11T13:20:00+00:00,20.07863,87.71979,10.5,31.0,underway
V014,2026-09-11T13:40:00+00:00,20.12814,87.75805,11.0,36.2,underway
V014,2026-09-11T14:00:00+00:00,20.17062,87.80048,10.5,43.4,underway
V014,2026-09-11T14:20:00+00:00,20.17122,87.81089,13.2,200.3,underway
V014,2026-09-11T14:40:00+00:00,20.11333,87.78517,11.2,202.8,underway
V014,2026-09-11T15:00:00+00:00,20.04768,87.77869,11.8,185.3,underway
V014,2026-09-11T15:20:00+00:00,19.99575,87.75762,10.0,201.0,underway
V014,2026-09-11T15:40:00+00:00,19.93334,87.75336,11.2,183.7,underway
V015,2026-09-09T04:00:00+00:00,20.77065,87.21796,11.3,3.4,underway
V015,2026-09-09T04:20:00+00:00,20.816,87.23086,8.4,15.0,underway
V015,2026-09-09T04:40:00+00:00,20.83058,87.24711,9.1,194.2,underway
V015,2026-09-09T05:00:00+00:00,20.76422,87.24331,11.9,183.1,underway
V015,2026-09-09T05:20:00+00:00,20.71543,87.24892,8.8,173.8,underway
V015,2026-09-09T05:40:00+00:00,20.66148,87.24188,9.7,187.0,underway
V015,2026-09-09T06:00:00+00:00,20.61557,87.22403,8.8,200.1,underway
V015,2026-09-09T06:20:00+00:00,20.58135,87.20872,8.8,2.3,underway
V015,2026-09-09T06:40:00+00:00,20.63741,87.19556,10.3,347.5,underway
V015,2026-09-09T07:00:00+00:00,20.68616,87.18147,9.0,344.8,underway
V015,2026-09-09T07:20:00+00:00,20.74614,87.18264,10.7,1.1,underway
V015,2026-09-09T07:40:00+00:00,20.7935,87.17511,8.6,351.5,underway
V015,2026-09-09T08:00:00+00:00,20.83063,87.18114,8.5,165.8,underway
V015,2026-09-09T08:20:00+00:00,20.78662,87.20325,8.7,154.7,underway
V015,2026-09-09T08:40:00+00:00,20.74023,87.21225,8.4,169.7,underway
V015,2026-09-09T09:00:00+00:00,20.68467,87.23154,10.5,161.9,underway
V015,2026-09-09T09:20:00+00:00,20.62284,87.23641,11.1,175.8,underway
V015,2026-09-09T09:40:00+00:00,20.58272,87.23446,11.8,351.3,underway
V015,2026-09-09T10:00:00+00:00,20.64806,87.22089,11.9,348.9,underway
V015,2026-09-09T10:20:00+00:00,20.71208,87.22129,11.5,0.3,underway
V015,2026-09-09T10:40:00+00:00,20.76428,87.2229,9.4,1.7,underway
V015,2026-09-09T11:00:00+00:00,20.82483,87.21137,11.0,349.8,underway
V015,2026-09-09T11:20:00+00:00,20.83304,87.19384,9.5,171.4,underway
V015,2026-09-09T11:40:00+00:00,20.76606,87.20165,12.1,173.7,underway
V015,2026-09-09T12:00:00+00:00,20.70608,87.20331,10.7,178.5,underway
V015,2026-09-09T12:20:00+00:00,20.66216,87.21698,8.2,163.7,underway
V015,2026-09-09T12:40:00+00:00,20.60678,87.23741,10.5,160.8,underway
V015,2026-09-09T13:00:00+00:00,20.58936,87.26135,9.3,339.4,underway
V015,2026-09-09T13:20:00+00:00,20.63742,87.22446,10.6,324.1,underway
V015,2026-09-09T13:40:00+00:00,20.67968,87.18937,9.6,322.0,underway
V015,2026-09-09T14:00:00+00:00,20.72711,87.14864,10.9,321.0,underway
V015,2026-09-09T14:20:00+00:00,20.7795,87.12375,10.3,335.9,underway
V015,2026-09-09T14:40:00+00:00,20.80311,87.12544,9.3,138.8,underway
V015,2026-09-09T15:00:00+00:00,20.76251,87.14837,8.2,152.0,underway
V015,2026-09-09T15:20:00+00:00,20.72105,87.18245,9.4,142.3,underway
V015,2026-09-09T15:40:00+00:00,20.66799,87.2156,11.0,149.5,underway
V015,2026-09-09T16:00:00+00:00,20.60924,87.23347,10.9,164.0,underway
V015,2026-09-09T16:20:00+00:00,20.58442,87.24391,8.5,347.2,underway
V015,2026-09-09T16:40:00+00:00,20.64123,87.22381,10.7,341.6,underway
V015,2026-09-09T17:00:00+00:00,20.70816,87.2171,12.0,354.6,underway
V015,2026-09-09T17:20:00+00:00,20.76923,87.20787,11.0,351.9,underway
V015,2026-09-09T17:40:00+00:00,20.82011,87.19045,9.6,342.1,underway
V015,2026-09-09T18:00:00+00:00,20.82697,87.16844,10.3,160.2,underway
V015,2026-09-09T18:20:00+00:00,20.77812,87.1939,9.7,153.9,underway
V015,2026-09-09T18:40:00+00:00,20.72647,87.22387,10.5,151.4,underway
V015,2026-09-09T19:00:00+00:00,20.66348,87.23938,11.6,166.9,underway
V015,2026-09-09T19:20:00+00:00,20.60457,87.26318,11.3,159.2,underway
V015,2026-09-09T19:40:00+00:00,20.59326,87.27117,10.0,334.8,underway
V015,2026-09-09T20:00:00+00:00,20.65249,87.2527,11.1,343.6,underway
V015,2026-09-09T20:20:00+00:00,20.69411,87.22827,8.5,331.1,underway
V015,2026-09-09T20:40:00+00:00,20.74335,87.18274,11.7,319.0,underway
V015,2026-09-09T21:00:00+00:00,20.76794,87.13872,8.6,300.7,underway
V015,2026-09-09T21:20:00+00:00,20.7793,87.10302,9.8,124.3,underway
V015,2026-09-09T21:40:00+00:00,20.73818,87.13633,9.3,142.7,underway
V015,2026-09-09T22:00:00+00:00,20.70761,87.17659,8.7,128.9,underway
V015,2026-09-09T22:20:00+00:00,20.66469,87.22291,11.0,134.5,underway
V015,2026-09-09T22:40:00+00:00,20.63559,87.26159,8.4,128.6,underway
V015,2026-09-09T23:00:00+00:00,20.60608,87.29399,9.1,323.5,underway
V015,2026-09-09T23:20:00+00:00,20.63424,87.25123,8.8,305.0,underway
V015,2026-09-09T23:40:00+00:00,20.65036,87.19568,9.8,287.1,underway
V015,2026-09-10T00:00:00+00:00,20.65389,87.12911,11.2,273.2,underway
V015,2026-09-10T00:20:00+00:00,20.6609,87.08916,8.6,68.2,underway
V015,2026-09-10T00:40:00+00:00,20.69001,87.1408,10.2,59.1,underway
V015,2026-09-10T01:00:00+00:00,20.70297,87.21097,12.1,78.9,underway
V015,2026-09-10T01:20:00+00:00,20.69511,87.26773,9.7,98.4,underway
V015,2026-09-10T01:40:00+00:00,20.69969,87.33418,11.2,85.8,underway
V015,2026-09-10T02:00:00+00:00,20.69802,87.34806,8.6,274.5,underway
V015,2026-09-10T02:20:00+00:00,20.69576,87.29704,8.6,267.3,underway
V015,2026-09-10T02:40:00+00:00,20.6735,87.23642,11.0,248.7,underway
V015,2026-09-10T03:00:00+00:00,20.64178,87.18459,10.4,237.0,underway
V015,2026-09-10T03:20:00+00:00,20.61646,87.13825,9.0,239.9,underway
V015,2026-09-10T03:40:00+00:00,20.61086,87.12761,10.9,40.0,underway
V015,2026-09-10T04:00:00+00:00,20.64067,87.17109,9.1,54.0,underway
V015,2026-09-10T04:20:00+00:00,20.67846,87.22398,11.2,52.8,underway
V015,2026-09-10T04:40:00+00:00,20.69637,87.27125,8.6,68.1,underway
V015,2026-09-10T05:00:00+00:00,20.71491,87.32825,10.2,70.9,underway
V015,2026-09-10T05:20:00+00:00,20.717,87.34812,8.5,265.9,underway
V015,2026-09-10T05:40:00+00:00,20.71195,87.29468,9.1,264.3,underway
V015,2026-09-10T06:00:00+00:00,20.70243,87.22377,12.1,261.9,underway
V015,2026-09-10T06:20:00+00:00,20.70917,87.17586,8.2,278.5,underway
V015,2026-09-10T06:40:00+00:00,20.70699,87.11997,9.4,267.6,underway
V015,2026-09-10T07:00:00+00:00,20.70142,87.07974,10.7,87.1,underway
V015,2026-09-10T07:20:00+00:00,20.70695,87.13542,9.4,84.0,underway
V015,2026-09-10T07:40:00+00:00,20.72373,87.19596,10.6,73.6,underway
V015,2026-09-10T08:00:00+00:00,20.73922,87.25482,10.3,74.4,underway
V015,2026-09-10T08:20:00+00:00,20.76141,87.30913,10.0,66.5,underway
V015,2026-09-10T08:40:00+00:00,20.76203,87.33555,10.0,244.7,underway
V015,2026-09-10T09:00:00+00:00,20.7197,87.29026,10.8,225.2,underway
V015,2026-09-10T09:20:00+00:00,20.67729,87.24723,10.5,223.7,underway
V015,2026-09-10T09:40:00+00:00,20.62686,87.21543,10.5,210.7,underway
V015,2026-09-10T10:00:00+00:00,20.58437,87.18434,11.9,12.8,underway
V015,2026-09-10T10:20:00+00:00,20.65099,87.18329,11.9,359.1,underway
V015,2026-09-10T10:40:00+00:00,20.71006,87.20403,11.1,18.3,underway
V015,2026-09-10T11:00:00+00:00,20.76843,87.23729,11.9,28.2,underway
V015,2026-09-10T11:20:00+00:00,20.8064,87.27534,9.4,43.3,underway
V015,2026-09-10T11:40:00+00:00,20.80492,87.30036,10.9,220.0,underway
V015,2026-09-10T12:00:00+00:00,20.74449,87.27358,11.7,202.7,underway
V015,2026-09-10T12:20:00+00:00,20.6998,87.26521,8.1,190.0,underway
V015,2026-09-10T12:40:00+00:00,20.6447,87.25862,9.9,186.4,underway
V015,2026-09-10T13:00:00+00:00,20.59594,87.23645,9.5,203.2,underway
V015,2026-09-10T13:20:00+00:00,20.58126,87.21583,11.0,359.2,underway
V015,2026-09-10T13:40:00+00:00,20.6359,87.19835,10.2,343.2,underway
V015,2026-09-10T14:00:00+00:00,20.67969,87.16907,9.3,327.8,underway
V015,2026-09-10T14:20:00+00:00,20.72291,87.14196,9.0,329.4,underway
V015,2026-09-10T14:40:00+00:00,20.77547,87.1028,11.5,324.9,underway
V015,2026-09-10T15:00:00+00:00,20.79102,87.11264,10.3,131.1,underway
V015,2026-09-10T15:20:00+00:00,20.758,87.16871,11.2,122.0,underway
V015,2026-09-10T15:40:00+00:00,20.72135,87.22085,11.0,126.7,underway
V015,2026-09-10T16:00:00+00:00,20.68012,87.25697,9.6,140.5,underway
V015,2026-09-10T16:20:00+00:00,20.62417,87.27878,10.7,159.8,underway
V015,2026-09-10T16:40:00+00:00,20.60486,87.2922,10.8,324.4,underway
V015,2026-09-10T17:00:00+00:00,20.63562,87.25187,8.8,309.0,underway
V015,2026-09-10T17:20:00+00:00,20.65786,87.18664,11.7,289.9,underway
V015,2026-09-10T17:40:00+00:00,20.6648,87.13904,8.1,278.8,underway
V015,2026-09-10T18:00:00+00:00,20.68869,87.09278,8.9,298.7,underway
V015,2026-09-10T18:20:00+00:00,20.71377,87.07972,9.6,92.7,underway
V015,2026-09-10T18:40:00+00:00,20.71975,87.13149,8.8,83.0,underway
V015,2026-09-10T19:00:00+00:00,20.71873,87.18346,8.8,91.2,underway
V015,2026-09-10T19:20:00+00:00,20.69926,87.24761,11.4,107.9,underway
V015,2026-09-10T19:40:00+00:00,20.69908,87.30462,9.6,90.2,underway
V015,2026-09-10T20:00:00+00:00,20.68675,87.34659,9.4,279.6,underway
V015,2026-09-10T20:20:00+00:00,20.69131,87.29775,8.3,275.7,underway
V015,2026-09-10T20:40:00+00:00,20.69954,87.23126,11.3,277.5,underway
V015,2026-09-10T21:00:00+00:00,20.70698,87.18221,8.4,279.2,underway
V015,2026-09-10T21:20:00+00:00,20.70364,87.12984,8.9,266.1,underway
V015,2026-09-10T21:40:00+00:00,20.7118,87.07964,10.1,91.8,underway
V015,2026-09-10T22:00:00+00:00,20.70109,87.145,11.2,99.9,underway
V015,2026-09-10T22:20:00+00:00,20.68303,87.21096,11.6,106.2,underway
V015,2026-09-10T22:40:00+00:00,20.67523,87.27114,10.2,97.8,underway
V015,2026-09-10T23:00:00+00:00,20.65773,87.3339,11.0,106.5,underway
V015,2026-09-10T23:20:00+00:00,20.67034,87.34243,9.2,287.2,underway
V015,2026-09-10T23:40:00+00:00,20.67836,87.29028,8.9,279.3,underway
V015,2026-09-11T00:00:00+00:00,20.70809,87.23146,11.3,298.2,underway
V015,2026-09-11T00:20:00+00:00,20.75391,87.18419,11.4,315.8,underway
V015,2026-09-11T00:40:00+00:00,20.80313,87.14439,11.1,322.7,underway
V015,2026-09-11T01:00:00+00:00,20.80836,87.13225,8.6,142.5,underway
V015,2026-09-11T01:20:00+00:00,20.75668,87.15594,10.1,156.6,underway
V015,2026-09-11T01:40:00+00:00,20.7111,87.17487,8.8,158.6,underway
V015,2026-09-11T02:00:00+00:00,20.65967,87.21906,11.9,141.0,underway
V015,2026-09-11T02:20:00+00:00,20.62634,87.27105,10.6,124.2,underway
V015,2026-09-11T02:40:00+00:00,20.61162,87.30138,10.9,319.5,underway
V015,2026-09-11T03:00:00+00:00,20.6488,87.2682,8.7,320.0,underway
V015,2026-09-11T03:20:00+00:00,20.69025,87.24502,8.4,332.2,underway
V015,2026-09-11T03:40:00+00:00,20.75538,87.23088,11.9,348.4,underway
V015,2026-09-11T04:00:00+00:00,20.80623,87.19893,10.6,329.4,underway
V015,2026-09-11T04:20:00+00:00,20.82774,87.17077,8.5,161.2,underway
V015,2026-09-11T04:40:00+00:00,20.77261,87.17664,9.9,174.3,underway
V015,2026-09-11T05:00:00+00:00,20.72522,87.19124,8.8,163.8,underway
V015,2026-09-11T05:20:00+00:00,20.67076,87.21652,10.6,156.4,underway
V015,2026-09-11T05:40:00+00:00,20.6253,87.2336,8.6,160.5,underway
V015,2026-09-11T06:00:00+00:00,20.58732,87.25517,11.7,342.2,underway
V015,2026-09-11T06:20:00+00:00,20.63636,87.21604,11.0,323.1,underway
V015,2026-09-11T06:40:00+00:00,20.6714,87.1631,10.9,305.1,underway
V015,2026-09-11T07:00:00+00:00,20.70616,87.12205,9.3,312.0,underway
V015,2026-09-11T07:20:00+00:00,20.74304,87.09073,8.5,321.3,underway
V015,2026-09-11T07:40:00+00:00,20.76111,87.09204,12.0,114.9,underway
V015,2026-09-11T08:00:00+00:00,20.72866,87.15423,12.0,119.0,underway
V015,2026-09-11T08:20:00+00:00,20.70521,87.1955,8.1,121.1,underway
V015,2026-09-11T08:40:00+00:00,20.69318,87.24886,9.3,103.5,underway
V015,2026-09-11T09:00:00+00:00,20.68649,87.31908,11.9,95.8,underway
V015,2026-09-11T09:20:00+00:00,20.68109,87.34543,10.0,282.2,underway
V015,2026-09-11T09:40:00+00:00,20.69926,87.27916,11.6,286.2,underway
V015,2026-09-11T10:00:00+00:00,20.71071,87.21944,10.3,281.5,underway
V015,2026-09-11T10:20:00+00:00,20.71796,87.15268,11.3,276.6,underway
V015,2026-09-11T10:40:00+00:00,20.74035,87.08647,11.9,289.8,underway
V015,2026-09-11T11:00:00+00:00,20.73681,87.08313,9.2,103.2,underway
V015,2026-09-11T11:20:00+00:00,20.70732,87.13452,10.2,121.4,underway
V015,2026-09-11T11:40:00+00:00,20.69235,87.18751,9.3,106.7,underway
V015,2026-09-11T12:00:00+00:00,20.69358,87.23782,8.5,88.5,underway
V015,2026-09-11T12:20:00+00:00,20.69785,87.3045,11.3,86.1,underway
V015,2026-09-11T12:40:00+00:00,20.70329,87.34838,9.5,272.1,underway
V015,2026-09-11T13:00:00+00:00,20.70479,87.28553,10.6,271.5,underway
V015,2026-09-11T13:20:00+00:00,20.71801,87.22004,11.3,282.1,underway
V015,2026-09-11T13:40:00+00:00,20.73693,87.16607,9.7,290.4,underway
V015,2026-09-11T14:00:00+00:00,20.74362,87.10665,10.1,276.8,underway
V015,2026-09-11T14:20:00+00:00,20.7531,87.08845,11.8,110.9,underway
V015,2026-09-11T14:40:00+00:00,20.7453,87.15413,11.2,97.2,underway
V015,2026-09-11T15:00:00+00:00,20.74169,87.20644,8.8,94.2,underway
V015,2026-09-11T15:20:00+00:00,20.72216,87.25526,8.9,113.0,underway
V015,2026-09-11T15:40:00+00:00,20.68296,87.30332,10.7,130.9,underway
V016,2026-09-09T04:00:00+00:00,19.61916,87.33012,12.9,88.9,underway
V016,2026-09-09T04:20:00+00:00,19.63051,87.38708,14.8,264.2,underway
V016,2026-09-09T04:40:00+00:00,19.64097,87.30737,13.7,277.9,underway
V016,2026-09-09T05:00:00+00:00,19.67158,87.21954,15.9,290.2,underway
V016,2026-09-09T05:20:00+00:00,19.68397,87.14046,15.6,121.5,underway
V016,2026-09-09T05:40:00+00:00,19.66004,87.22272,14.6,107.1,underway
V016,2026-09-09T06:00:00+00:00,19.63011,87.31143,16.0,109.6,underway
V016,2026-09-09T06:20:00+00:00,19.59625,87.37969,13.1,117.6,underway
V016,2026-09-09T06:40:00+00:00,19.5761,87.38033,12.8,289.2,underway
V016,2026-09-09T07:00:00+00:00,19.62476,87.31474,14.1,308.0,underway
V016,2026-09-09T07:20:00+00:00,19.67731,87.24045,15.7,306.7,underway
V016,2026-09-09T07:40:00+00:00,19.7266,87.18607,14.2,149.3,underway
V016,2026-09-09T08:00:00+00:00,19.65696,87.20824,13.0,163.2,underway
V016,2026-09-09T08:20:00+00:00,19.57956,87.25518,16.0,150.1,underway
V016,2026-09-09T08:40:00+00:00,19.51293,87.3085,15.0,142.8,underway
V016,2026-09-09T09:00:00+00:00,19.5098,87.32403,13.5,328.5,underway
V016,2026-09-09T09:20:00+00:00,19.56746,87.25763,15.3,312.5,underway
V016,2026-09-09T09:40:00+00:00,19.62794,87.21479,13.0,326.1,underway
V016,2026-09-09T10:00:00+00:00,19.69137,87.17549,13.2,329.6,underway
V016,2026-09-09T10:20:00+00:00,19.71963,87.17499,14.3,143.6,underway
V016,2026-09-09T10:40:00+00:00,19.66408,87.2512,16.3,127.6,underway
V016,2026-09-09T11:00:00+00:00,19.60134,87.30213,14.2,142.4,underway
V016,2026-09-09T11:20:00+00:00,19.52376,87.33521,15.0,158.0,underway
V016,2026-09-09T11:40:00+00:00,19.51897,87.33778,14.1,321.3,underway
V016,2026-09-09T12:00:00+00:00,19.60187,87.29752,16.3,335.3,underway
V016,2026-09-09T12:20:00+00:00,19.67967,87.26845,14.8,340.5,underway
V016,2026-09-09T12:40:00+00:00,19.74393,87.26509,13.1,184.7,underway
V016,2026-09-09T13:00:00+00:00,19.67237,87.26703,12.8,178.5,underway
V016,2026-09-09T13:20:00+00:00,19.58283,87.24901,16.3,190.8,underway
V016,2026-09-09T13:40:00+00:00,19.50681,87.25305,13.6,177.1,underway
V016,2026-09-09T14:00:00+00:00,19.49167,87.26659,15.7,354.7,underway
V016,2026-09-09T14:20:00+00:00,19.56178,87.27534,12.6,6.7,underway
V016,2026-09-09T14:40:00+00:00,19.64982,87.29112,16.0,9.6,underway
V016,2026-09-09T15:00:00+00:00,19.7236,87.28779,13.2,357.5,underway
V016,2026-09-09T15:20:00+00:00,19.74405,87.26341,15.7,183.9,underway
V016,2026-09-09T15:40:00+00:00,19.67107,87.27089,13.1,174.5,underway
V016,2026-09-09T16:00:00+00:00,19.59008,87.3117,16.1,154.5,underway
V016,2026-09-09T16:20:00+00:00,19.53385,87.35425,13.4,311.5,underway
V016,2026-09-09T16:40:00+00:00,19.5994,87.30872,14.1,326.6,underway
V016,2026-09-09T17:00:00+00:00,19.68078,87.27195,15.9,336.8,underway
V016,2026-09-09T17:20:00+00:00,19.73956,87.21787,15.4,164.2,underway
V016,2026-09-09T17:40:00+00:00,19.66316,87.24361,14.4,162.3,underway
V016,2026-09-09T18:00:00+00:00,19.60368,87.29054,13.3,143.2,underway
V016,2026-09-09T18:20:00+00:00,19.5477,87.34515,13.7,137.2,underway
V016,2026-09-09T18:40:00+00:00,19.53523,87.35552,15.0,310.7,underway
V016,2026-09-09T19:00:00+00:00,19.58492,87.29734,13.3,312.0,underway
V016,2026-09-09T19:20:00+00:00,19.63689,87.22899,14.9,308.7,underway
V016,2026-09-09T19:40:00+00:00,19.70374,87.17201,15.4,321.0,underway
V016,2026-09-09T20:00:00+00:00,19.71762,87.17219,14.7,142.1,underway
V016,2026-09-09T20:20:00+00:00,19.64851,87.22648,15.4,143.3,underway
V016,2026-09-09T20:40:00+00:00,19.58724,87.29272,15.7,134.3,underway
V016,2026-09-09T21:00:00+00:00,19.51624,87.33405,15.7,323.3,underway
V016,2026-09-09T21:20:00+00:00,19.56307,87.27869,12.6,311.7,underway
V016,2026-09-09T21:40:00+00:00,19.60884,87.19632,16.2,300.4,underway
V016,2026-09-09T22:00:00+00:00,19.67316,87.1342,16.4,116.0,underway
V016,2026-09-09T22:20:00+00:00,19.6413,87.20217,12.9,116.3,underway
V016,2026-09-09T22:40:00+00:00,19.59173,87.28055,16.0,123.7,underway
V016,2026-09-09T23:00:00+00:00,19.55603,87.34337,12.4,120.9,underway
V016,2026-09-09T23:20:00+00:00,19.555,87.37022,14.4,299.7,underway
V016,2026-09-09T23:40:00+00:00,19.5753,87.29566,13.2,286.0,underway
V016,2026-09-10T00:00:00+00:00,19.61798,87.21356,15.9,298.7,underway
V016,2026-09-10T00:20:00+00:00,19.65468,87.13453,14.9,296.1,underway
V016,2026-09-10T00:40:00+00:00,19.67634,87.13589,13.0,117.6,underway
V016,2026-09-10T01:00:00+00:00,19.64893,87.20303,12.4,113.3,underway
V016,2026-09-10T01:20:00+00:00,19.62861,87.28221,13.9,105.1,underway
V016,2026-09-10T01:40:00+00:00,19.59579,87.36014,14.5,113.9,underway
V016,2026-09-10T02:00:00+00:00,19.58993,87.3845,12.7,282.7,underway
V016,2026-09-10T02:20:00+00:00,19.58328,87.30994,12.7,264.6,underway
V016,2026-09-10T02:40:00+00:00,19.55286,87.23667,13.6,246.4,underway
V016,2026-09-10T03:00:00+00:00,19.53709,87.15133,15.2,50.4,underway
V016,2026-09-10T03:20:00+00:00,19.59409,87.1965,12.8,36.9,underway
V016,2026-09-10T03:40:00+00:00,19.66141,87.26183,16.4,42.6,underway
V016,2026-09-10T04:00:00+00:00,19.73143,87.31302,15.5,206.1,underway
V016,2026-09-10T04:20:00+00:00,19.66904,87.25214,15.2,222.8,underway
V016,2026-09-10T04:40:00+00:00,19.61257,87.18732,15.0,227.4,underway
V016,2026-09-10T05:00:00+00:00,19.57189,87.1298,16.0,68.8,underway
V016,2026-09-10T05:20:00+00:00,19.61927,87.19727,14.3,53.5,underway
V016,2026-09-10T05:40:00+00:00,19.66696,87.26391,14.2,53.0,underway
V016,2026-09-10T06:00:00+00:00,19.72979,87.31642,16.1,207.8,underway
V016,2026-09-10T06:20:00+00:00,19.66191,87.2861,13.2,203.0,underway
V016,2026-09-10T06:40:00+00:00,19.58304,87.25222,15.3,202.2,underway
V016,2026-09-10T07:00:00+00:00,19.50586,87.22685,14.5,197.3,underway
V016,2026-09-10T07:20:00+00:00,19.49596,87.2177,15.7,15.9,underway
V016,2026-09-10T07:40:00+00:00,19.57505,87.24697,15.0,19.3,underway
V016,2026-09-10T08:00:00+00:00,19.66362,87.26317,16.1,9.8,underway
V016,2026-09-10T08:20:00+00:00,19.74139,87.2574,14.0,356.0,underway
V016,2026-09-10T08:40:00+00:00,19.74433,87.25655,13.9,181.0,underway
V016,2026-09-10T09:00:00+00:00,19.67154,87.24968,13.1,185.1,underway
V016,2026-09-10T09:20:00+00:00,19.59711,87.26201,13.5,171.1,underway
V016,2026-09-10T09:40:00+00:00,19.52534,87.25594,12.9,184.6,underway
V016,2026-09-10T10:00:00+00:00,19.49206,87.27045,12.7,353.0,underway
V016,2026-09-10T10:20:00+00:00,19.57606,87.26671,15.1,357.6,underway
V016,2026-09-10T10:40:00+00:00,19.66451,87.28178,16.0,9.2,underway
V016,2026-09-10T11:00:00+00:00,19.73985,87.28952,15.5,195.3,underway
V016,2026-09-10T11:20:00+00:00,19.65273,87.29047,15.6,179.4,underway
V016,2026-09-10T11:40:00+00:00,19.57241,87.29696,14.4,175.6,underway
V016,2026-09-10T12:00:00+00:00,19.49386,87.28185,15.6,348.1,underway
V016,2026-09-10T12:20:00+00:00,19.57698,87.25444,15.6,342.6,underway
V016,2026-09-10T12:40:00+00:00,19.63502,87.21344,12.5,326.2,underway
V016,2026-09-10T13:00:00+00:00,19.70453,87.16462,15.0,326.3,underway
V016,2026-09-10T13:20:00+00:00,19.72138,87.17756,14.6,144.9,underway
V016,2026-09-10T13:40:00+00:00,19.6606,87.2159,12.7,149.1,underway
V016,2026-09-10T14:00:00+00:00,19.59026,87.2766,16.3,140.7,underway
V016,2026-09-10T14:20:00+00:00,19.52873,87.33431,14.7,138.3,underway
V016,2026-09-10T14:40:00+00:00,19.52706,87.34742,16.3,315.7,underway
V016,2026-09-10T15:00:00+00:00,19.59502,87.28351,16.3,318.3,underway
V016,2026-09-10T15:20:00+00:00,19.65931,87.22664,15.0,320.0,underway
V016,2026-09-10T15:40:00+00:00,19.70672,87.17153,12.6,312.2,underway
V016,2026-09-10T16:00:00+00:00,19.69892,87.15179,14.1,129.9,underway
V016,2026-09-10T16:20:00+00:00,19.64864,87.20912,13.3,132.8,underway
V016,2026-09-10T16:40:00+00:00,19.575,87.26092,15.9,146.3,underway
V016,2026-09-10T17:00:00+00:00,19.50729,87.29667,13.6,153.4,underway
V016,2026-09-10T17:20:00+00:00,19.49982,87.30287,12.5,338.6,underway
V016,2026-09-10T17:40:00+00:00,19.57021,87.27121,13.7,336.9,underway
V016,2026-09-10T18:00:00+00:00,19.64813,87.23953,15.0,338.9,underway
V016,2026-09-10T18:20:00+00:00,19.71488,87.21291,12.8,339.3,underway
V016,2026-09-10T18:40:00+00:00,19.73581,87.20604,13.8,158.8,underway
V016,2026-09-10T19:00:00+00:00,19.66745,87.24185,13.7,153.6,underway
V016,2026-09-10T19:20:00+00:00,19.59367,87.25998,13.6,166.9,underway
V016,2026-09-10T19:40:00+00:00,19.52376,87.28797,13.4,159.2,underway
V016,2026-09-10T20:00:00+00:00,19.49402,87.28263,14.5,347.7,underway
V016,2026-09-10T20:20:00+00:00,19.57574,87.2698,14.8,351.5,underway
V016,2026-09-10T20:40:00+00:00,19.65047,87.24293,14.1,341.2,underway
V016,2026-09-10T21:00:00+00:00,19.73528,87.20999,16.2,339.8,underway
V016,2026-09-10T21:20:00+00:00,19.74058,87.22188,15.6,166.0,underway
V016,2026-09-10T21:40:00+00:00,19.66906,87.26306,14.6,151.4,underway
V016,2026-09-10T22:00:00+00:00,19.60571,87.32647,15.6,136.5,underway
V016,2026-09-10T22:20:00+00:00,19.57683,87.3806,13.4,288.9,underway
V016,2026-09-10T22:40:00+00:00,19.61191,87.30796,13.8,297.0,underway
V016,2026-09-10T23:00:00+00:00,19.66301,87.22982,16.1,304.6,underway
V016,2026-09-10T23:20:00+00:00,19.7002,87.1634,13.1,300.6,underway
V016,2026-09-10T23:40:00+00:00,19.70074,87.15342,13.6,131.0,underway
V016,2026-09-11T00:00:00+00:00,19.64214,87.19999,13.1,143.0,underway
V016,2026-09-11T00:20:00+00:00,19.57288,87.24442,14.5,148.7,underway
V016,2026-09-11T00:40:00+00:00,19.49935,87.29778,16.0,145.5,underway
V016,2026-09-11T01:00:00+00:00,19.49737,87.29566,14.0,341.9,underway
V016,2026-09-11T01:20:00+00:00,19.56973,87.28129,13.2,349.3,underway
V016,2026-09-11T01:40:00+00:00,19.65133,87.27528,14.7,356.0,underway
V016,2026-09-11T02:00:00+00:00,19.72437,87.29599,13.5,15.0,underway
V016,2026-09-11T02:20:00+00:00,19.73612,87.30162,14.0,200.8,underway
V016,2026-09-11T02:40:00+00:00,19.66139,87.27811,14.0,196.6,underway
V016,2026-09-11T03:00:00+00:00,19.58076,87.27478,14.5,182.2,underway
V016,2026-09-11T03:20:00+00:00,19.49931,87.28117,14.6,175.7,underway
V016,2026-09-11T03:40:00+00:00,19.49609,87.29125,12.7,343.9,underway
V016,2026-09-11T04:00:00+00:00,19.56621,87.27984,12.7,351.2,underway
V016,2026-09-11T04:20:00+00:00,19.63886,87.27121,13.1,353.6,underway
V016,2026-09-11T04:40:00+00:00,19.72366,87.25212,15.5,347.9,underway
V016,2026-09-11T05:00:00+00:00,19.74434,87.25642,14.2,180.9,underway
V016,2026-09-11T05:20:00+00:00,19.66207,87.26519,14.8,174.2,underway
V016,2026-09-11T05:40:00+00:00,19.57543,87.24311,16.0,193.6,underway
V016,2026-09-11T06:00:00+00:00,19.49399,87.24169,14.6,180.9,underway
V016,2026-09-11T06:20:00+00:00,19.49114,87.25624,12.8,359.1,underway
V016,2026-09-11T06:40:00+00:00,19.56954,87.27813,14.5,14.8,underway
V016,2026-09-11T07:00:00+00:00,19.65549,87.30067,15.9,14.0,underway
V016,2026-09-11T07:20:00+00:00,19.7255,87.32039,13.0,15.0,underway
V016,2026-09-11T07:40:00+00:00,19.73284,87.30989,16.3,204.6,underway
V016,2026-09-11T08:00:00+00:00,19.66033,87.25202,16.3,217.1,underway
V016,2026-09-11T08:20:00+00:00,19.59795,87.21607,12.7,208.7,underway
V016,2026-09-11T08:40:00+00:00,19.51205,87.18854,16.1,196.9,underway
V016,2026-09-11T09:00:00+00:00,19.51055,87.18318,13.3,32.2,underway
V016,2026-09-11T09:20:00+00:00,19.57849,87.22591,14.2,30.8,underway
V016,2026-09-11T09:40:00+00:00,19.64866,87.2798,15.6,36.1,underway
V016,2026-09-11T10:00:00+00:00,19.73218,87.31137,16.2,205.3,underway
V016,2026-09-11T10:20:00+00:00,19.66273,87.28258,13.4,201.5,underway
V016,2026-09-11T10:40:00+00:00,19.59072,87.24686,14.3,205.2,underway
V016,2026-09-11T11:00:00+00:00,19.51269,87.21365,15.1,202.0,underway
V016,2026-09-11T11:20:00+00:00,19.49495,87.22171,14.2,14.1,underway
V016,2026-09-11T11:40:00+00:00,19.56544,87.22512,12.6,2.6,underway
V016,2026-09-11T12:00:00+00:00,19.63507,87.23229,12.5,5.6,underway
V016,2026-09-11T12:20:00+00:00,19.71655,87.26237,15.5,19.3,underway
V016,2026-09-11T12:40:00+00:00,19.74116,87.28402,14.9,192.9,underway
V016,2026-09-11T13:00:00+00:00,19.65576,87.2576,15.9,196.4,underway
V016,2026-09-11T13:20:00+00:00,19.58596,87.23683,13.0,195.8,underway
V016,2026-09-11T13:40:00+00:00,19.49857,87.21775,16.0,191.7,underway
V016,2026-09-11T14:00:00+00:00,19.49484,87.22216,13.8,13.9,underway
V016,2026-09-11T14:20:00+00:00,19.56611,87.2226,12.8,0.3,underway
V016,2026-09-11T14:40:00+00:00,19.64784,87.25344,15.5,19.7,underway
V016,2026-09-11T15:00:00+00:00,19.71669,87.28922,13.7,26.2,underway
V016,2026-09-11T15:20:00+00:00,19.73624,87.30126,13.2,200.6,underway
V016,2026-09-11T15:40:00+00:00,19.65365,87.28243,15.1,192.2,underway
V017,2026-09-09T04:00:00+00:00,19.89388,87.24112,13.0,3.9,underway
V017,2026-09-09T04:20:00+00:00,19.9452,87.2638,11.1,192.0,underway
V017,2026-09-09T04:40:00+00:00,19.87963,87.26016,11.8,183.0,underway
V017,2026-09-09T05:00:00+00:00,19.81369,87.25534,11.8,184.0,underway
V017,2026-09-09T05:20:00+00:00,19.74505,87.25199,12.3,182.6,underway
V017,2026-09-09T05:40:00+00:00,19.69499,87.22796,12.8,3.4,underway
V017,2026-09-09T06:00:00+00:00,19.75276,87.21766,10.5,350.4,underway
V017,2026-09-09T06:20:00+00:00,19.82395,87.21783,12.8,0.1,underway
V017,2026-09-09T06:40:00+00:00,19.88404,87.22718,10.9,8.4,underway
V017,2026-09-09T07:00:00+00:00,19.94746,87.22365,12.7,174.7,underway
V017,2026-09-09T07:20:00+00:00,19.88697,87.24407,11.4,162.3,underway
V017,2026-09-09T07:40:00+00:00,19.8209,87.25466,12.0,171.4,underway
V017,2026-09-09T08:00:00+00:00,19.75415,87.29021,13.4,153.2,underway
V017,2026-09-09T08:20:00+00:00,19.70967,87.29883,10.3,331.9,underway
V017,2026-09-09T08:40:00+00:00,19.7594,87.26822,10.3,329.8,underway
V017,2026-09-09T09:00:00+00:00,19.80912,87.20782,13.6,311.0,underway
V017,2026-09-09T09:20:00+00:00,19.86123,87.16282,12.1,320.7,underway
V017,2026-09-09T09:40:00+00:00,19.88804,87.12225,11.0,121.8,underway
V017,2026-09-09T10:00:00+00:00,19.87104,87.17989,10.2,107.3,underway
V017,2026-09-09T10:20:00+00:00,19.85593,87.24516,11.4,103.7,underway
V017,2026-09-09T10:40:00+00:00,19.8347,87.31041,11.7,109.0,underway
V017,2026-09-09T11:00:00+00:00,19.83145,87.36916,13.6,265.4,underway
V017,2026-09-09T11:20:00+00:00,19.80814,87.31437,10.2,245.8,underway
V017,2026-09-09T11:40:00+00:00,19.79373,87.2467,11.8,257.3,underway
V017,2026-09-09T12:00:00+00:00,19.76219,87.17127,14.0,246.2,underway
V017,2026-09-09T12:20:00+00:00,19.73434,87.13882,13.4,46.6,underway
V017,2026-09-09T12:40:00+00:00,19.77116,87.20809,13.5,60.7,underway
V017,2026-09-09T13:00:00+00:00,19.80439,87.2696,12.0,60.3,underway
V017,2026-09-09T13:20:00+00:00,19.83761,87.32014,10.4,55.2,underway
V017,2026-09-09T13:40:00+00:00,19.87235,87.35827,11.3,246.3,underway
V017,2026-09-09T14:00:00+00:00,19.86576,87.2846,12.6,264.6,underway
V017,2026-09-09T14:20:00+00:00,19.85362,87.20382,13.9,261.0,underway
V017,2026-09-09T14:40:00+00:00,19.84297,87.13309,12.1,261.0,underway
V017,2026-09-09T15:00:00+00:00,19.81892,87.10224,10.4,88.9,underway
V017,2026-09-09T15:20:00+00:00,19.81279,87.17288,12.0,95.2,underway
V017,2026-09-09T15:40:00+00:00,19.80983,87.2439,12.1,92.5,underway
V017,2026-09-09T16:00:00+00:00,19.83037,87.3172,13.0,73.5,underway
V017,2026-09-09T16:20:00+00:00,19.84775,87.36665,13.1,258.0,underway
V017,2026-09-09T16:40:00+00:00,19.84981,87.30033,11.3,271.9,underway
V017,2026-09-09T17:00:00+00:00,19.85677,87.2316,11.7,276.1,underway
V017,2026-09-09T17:20:00+00:00,19.86904,87.15777,12.7,280.0,underway
V017,2026-09-09T17:40:00+00:00,19.85311,87.10649,11.9,104.5,underway
V017,2026-09-09T18:00:00+00:00,19.82076,87.16467,11.4,120.4,underway
V017,2026-09-09T18:20:00+00:00,19.79232,87.21849,10.5,119.2,underway
V017,2026-09-09T18:40:00+00:00,19.75313,87.27914,12.5,124.3,underway
V017,2026-09-09T19:00:00+00:00,19.73943,87.33781,11.3,310.3,underway
V017,2026-09-09T19:20:00+00:00,19.77637,87.2695,13.3,299.7,underway
V017,2026-09-09T19:40:00+00:00,19.80928,87.19732,13.6,295.7,underway
V017,2026-09-09T20:00:00+00:00,19.85255,87.13815,12.7,307.7,underway
V017,2026-09-09T20:20:00+00:00,19.87631,87.11545,13.6,115.7,underway
V017,2026-09-09T20:40:00+00:00,19.84067,87.17786,12.4,121.1,underway
V017,2026-09-09T21:00:00+00:00,19.81956,87.25103,13.0,106.9,underway
V017,2026-09-09T21:20:00+00:00,19.8075,87.33049,13.7,99.1,underway
V017,2026-09-09T21:40:00+00:00,19.81804,87.36954,11.2,271.5,underway
V017,2026-09-09T22:00:00+00:00,19.82646,87.3075,10.6,278.2,underway
V017,2026-09-09T22:20:00+00:00,19.84689,87.23491,12.8,286.5,underway
V017,2026-09-09T22:40:00+00:00,19.87497,87.17712,11.0,297.2,underway
V017,2026-09-09T23:00:00+00:00,19.90895,87.13935,10.7,133.8,underway
V017,2026-09-09T23:20:00+00:00,19.86818,87.20255,13.0,124.3,underway
V017,2026-09-09T23:40:00+00:00,19.81435,87.25417,13.0,137.8,underway
V017,2026-09-10T00:00:00+00:00,19.74939,87.29962,14.0,146.5,underway
V017,2026-09-10T00:20:00+00:00,19.71476,87.308,12.5,327.4,underway
V017,2026-09-10T00:40:00+00:00,19.76529,87.25085,13.3,313.0,underway
V017,2026-09-10T01:00:00+00:00,19.81352,87.21625,10.4,325.8,underway
V017,2026-09-10T01:20:00+00:00,19.87441,87.16849,13.6,323.4,underway
V017,2026-09-10T01:40:00+00:00,19.92236,87.15526,10.7,142.9,underway
V017,2026-09-10T02:00:00+00:00,19.86428,87.20522,13.4,140.8,underway
V017,2026-09-10T02:20:00+00:00,19.8058,87.22853,11.2,159.3,underway
V017,2026-09-10T02:40:00+00:00,19.74475,87.25978,12.2,154.1,underway
V017,2026-09-10T03:00:00+00:00,19.69933,87.27147,10.3,344.6,underway
V017,2026-09-10T03:20:00+00:00,19.76373,87.23135,13.4,329.5,underway
V017,2026-09-10T03:40:00+00:00,19.81125,87.17047,13.4,309.5,underway
V017,2026-09-10T04:00:00+00:00,19.86424,87.11785,13.0,316.8,underway
V017,2026-09-10T04:20:00+00:00,19.879,87.11686,10.3,117.1,underway
V017,2026-09-10T04:40:00+00:00,19.84989,87.19195,13.8,112.3,underway
V017,2026-09-10T05:00:00+00:00,19.82678,87.24692,10.2,113.9,underway
V017,2026-09-10T05:20:00+00:00,19.77945,87.3085,13.5,129.1,underway
V017,2026-09-10T05:40:00+00:00,19.75011,87.3464,13.0,304.3,underway
V017,2026-09-10T06:00:00+00:00,19.79163,87.28077,13.4,303.7,underway
V017,2026-09-10T06:20:00+00:00,19.8158,87.20483,13.6,288.6,underway
V017,2026-09-10T06:40:00+00:00,19.82098,87.13862,11.3,274.7,underway
V017,2026-09-10T07:00:00+00:00,19.83857,87.10346,10.3,97.8,underway
V017,2026-09-10T07:20:00+00:00,19.81311,87.16295,11.1,114.3,underway
V017,2026-09-10T07:40:00+00:00,19.77427,87.2114,10.8,130.2,underway
V017,2026-09-10T08:00:00+00:00,19.73281,87.26792,12.1,127.8,underway
V017,2026-09-10T08:20:00+00:00,19.71006,87.29959,14.0,331.5,underway
V017,2026-09-10T08:40:00+00:00,19.76823,87.28949,10.6,350.7,underway
V017,2026-09-10T09:00:00+00:00,19.83486,87.26117,12.9,338.1,underway
V017,2026-09-10T09:20:00+00:00,19.88805,87.23349,10.6,333.8,underway
V017,2026-09-10T09:40:00+00:00,19.94586,87.21149,11.8,169.5,underway
V017,2026-09-10T10:00:00+00:00,19.87632,87.2093,12.5,181.7,underway
V017,2026-09-10T10:20:00+00:00,19.80781,87.22329,12.5,169.0,underway
V017,2026-09-10T10:40:00+00:00,19.75068,87.24067,10.6,163.9,underway
V017,2026-09-10T11:00:00+00:00,19.69539,87.24921,10.1,354.3,underway
V017,2026-09-10T11:20:00+00:00,19.75518,87.25944,10.8,9.2,underway
V017,2026-09-10T11:40:00+00:00,19.81136,87.26096,10.1,1.5,underway
V017,2026-09-10T12:00:00+00:00,19.88361,87.25346,13.0,354.4,underway
V017,2026-09-10T12:20:00+00:00,19.94476,87.26592,12.8,193.0,underway
V017,2026-09-10T12:40:00+00:00,19.88313,87.23526,12.2,205.2,underway
V017,2026-09-10T13:00:00+00:00,19.82959,87.21133,10.4,202.9,underway
V017,2026-09-10T13:20:00+00:00,19.7728,87.19066,10.8,199.0,underway
V017,2026-09-10T13:40:00+00:00,19.70471,87.18396,13.8,22.9,underway
V017,2026-09-10T14:00:00+00:00,19.78095,87.18836,13.7,3.1,underway
V017,2026-09-10T14:20:00+00:00,19.83981,87.18748,10.5,359.2,underway
V017,2026-09-10T14:40:00+00:00,19.89699,87.18466,10.3,357.3,underway
V017,2026-09-10T15:00:00+00:00,19.94524,87.20821,12.5,168.0,underway
V017,2026-09-10T15:20:00+00:00,19.88755,87.23964,11.6,152.7,underway
V017,2026-09-10T15:40:00+00:00,19.83396,87.28585,12.4,140.8,underway
V017,2026-09-10T16:00:00+00:00,19.78641,87.33076,11.4,138.2,underway
V017,2026-09-10T16:20:00+00:00,19.7557,87.3502,11.5,301.2,underway
V017,2026-09-10T16:40:00+00:00,19.80944,87.29399,13.5,315.3,underway
V017,2026-09-10T17:00:00+00:00,19.84009,87.23299,11.7,297.9,underway
V017,2026-09-10T17:20:00+00:00,19.8598,87.17463,10.5,289.6,underway
V017,2026-09-10T17:40:00+00:00,19.87594,87.11527,11.8,115.5,underway
V017,2026-09-10T18:00:00+00:00,19.85889,87.19305,13.5,103.0,underway
V017,2026-09-10T18:20:00+00:00,19.83248,87.25326,11.3,114.8,underway
V017,2026-09-10T18:40:00+00:00,19.80367,87.30648,10.4,119.7,underway
V017,2026-09-10T19:00:00+00:00,19.78929,87.36521,10.3,104.5,underway
V017,2026-09-10T19:20:00+00:00,19.79106,87.3657,11.8,283.9,underway
V017,2026-09-10T19:40:00+00:00,19.80635,87.29912,11.6,283.6,underway
V017,2026-09-10T20:00:00+00:00,19.80998,87.2235,12.8,272.9,underway
V017,2026-09-10T20:20:00+00:00,19.82,87.15305,12.1,278.5,underway
V017,2026-09-10T20:40:00+00:00,19.81656,87.10231,10.1,87.8,underway
V017,2026-09-10T21:00:00+00:00,19.79971,87.17918,13.4,103.0,underway
V017,2026-09-10T21:20:00+00:00,19.76633,87.23648,11.4,121.6,underway
V017,2026-09-10T21:40:00+00:00,19.72486,87.29405,12.3,127.3,underway
V017,2026-09-10T22:00:00+00:00,19.71708,87.31169,10.4,325.5,underway
V017,2026-09-10T22:20:00+00:00,19.76345,87.27226,10.7,321.2,underway
V017,2026-09-10T22:40:00+00:00,19.80695,87.23028,10.6,317.6,underway
V017,2026-09-10T23:00:00+00:00,19.85545,87.17043,13.4,310.5,underway
V017,2026-09-10T23:20:00+00:00,19.88559,87.12069,13.5,120.5,underway
V017,2026-09-10T23:40:00+00:00,19.83975,87.17546,12.4,131.5,underway
V017,2026-09-11T00:00:00+00:00,19.78949,87.2268,12.5,135.9,underway
V017,2026-09-11T00:20:00+00:00,19.75598,87.28153,11.1,122.9,underway
V017,2026-09-11T00:40:00+00:00,19.72927,87.32763,10.1,316.7,underway
V017,2026-09-11T01:00:00+00:00,19.78983,87.28294,13.2,325.0,underway
V017,2026-09-11T01:20:00+00:00,19.83879,87.23306,12.2,316.0,underway
V017,2026-09-11T01:40:00+00:00,19.89311,87.1775,13.5,315.9,underway
V017,2026-09-11T02:00:00+00:00,19.92627,87.16103,11.7,145.9,underway
V017,2026-09-11T02:20:00+00:00,19.87943,87.22727,14.0,126.7,underway
V017,2026-09-11T02:40:00+00:00,19.82799,87.27993,12.8,135.9,underway
V017,2026-09-11T03:00:00+00:00,19.78146,87.31671,10.4,143.2,underway
V017,2026-09-11T03:20:00+00:00,19.73614,87.33476,14.0,312.3,underway
V017,2026-09-11T03:40:00+00:00,19.77065,87.28217,10.9,304.7,underway
V017,2026-09-11T04:00:00+00:00,19.80563,87.21713,12.7,299.6,underway
V017,2026-09-11T04:20:00+00:00,19.84549,87.16132,11.9,307.0,underway
V017,2026-09-11T04:40:00+00:00,19.87698,87.1158,11.6,116.1,underway
V017,2026-09-11T05:00:00+00:00,19.8606,87.17997,11.3,105.1,underway
V017,2026-09-11T05:20:00+00:00,19.86101,87.25683,13.0,89.7,underway
V017,2026-09-11T05:40:00+00:00,19.84754,87.33684,13.8,100.1,underway
V017,2026-09-11T06:00:00+00:00,19.82654,87.36947,12.3,267.7,underway
V017,2026-09-11T06:20:00+00:00,19.82973,87.30472,11.0,273.0,underway
V017,2026-09-11T06:40:00+00:00,19.83916,87.23427,12.1,278.0,underway
V017,2026-09-11T07:00:00+00:00,19.8686,87.17496,11.4,297.7,underway
V017,2026-09-11T07:20:00+00:00,19.88656,87.12129,14.0,121.0,underway
V017,2026-09-11T07:40:00+00:00,19.84981,87.16715,10.2,130.2,underway
V017,2026-09-11T08:00:00+00:00,19.80624,87.22154,12.1,130.2,underway
V017,2026-09-11T08:20:00+00:00,19.75224,87.27531,13.3,136.7,underway
V017,2026-09-11T08:40:00+00:00,19.72852,87.32678,11.2,317.2,underway
V017,2026-09-11T09:00:00+00:00,19.75925,87.2713,10.9,300.3,underway
V017,2026-09-11T09:20:00+00:00,19.79085,87.21409,11.2,300.3,underway
V017,2026-09-11T09:40:00+00:00,19.83796,87.16649,11.7,316.3,underway
V017,2026-09-11T10:00:00+00:00,19.8688,87.11195,13.0,112.0,underway
V017,2026-09-11T10:20:00+00:00,19.8594,87.17525,10.9,98.9,underway
V017,2026-09-11T10:40:00+00:00,19.86706,87.23752,10.7,82.6,underway
V017,2026-09-11T11:00:00+00:00,19.87502,87.31387,13.0,83.7,underway
V017,2026-09-11T11:20:00+00:00,19.87792,87.35551,10.6,243.5,underway
V017,2026-09-11T11:40:00+00:00,19.84167,87.29776,11.8,236.5,underway
V017,2026-09-11T12:00:00+00:00,19.79832,87.25736,10.4,221.4,underway
V017,2026-09-11T12:20:00+00:00,19.73622,87.21241,13.5,214.4,underway
V017,2026-09-11T12:40:00+00:00,19.70383,87.18623,12.9,21.8,underway
V017,2026-09-11T13:00:00+00:00,19.7786,87.20986,14.0,16.7,underway
V017,2026-09-11T13:20:00+00:00,19.84456,87.21884,11.9,7.3,underway
V017,2026-09-11T13:40:00+00:00,19.91721,87.2104,13.1,353.7,underway
V017,2026-09-11T14:00:00+00:00,19.94782,87.22893,13.6,177.0,underway
V017,2026-09-11T14:20:00+00:00,19.88925,87.22093,10.6,187.4,underway
V017,2026-09-11T14:40:00+00:00,19.81792,87.19938,13.3,196.0,underway
V017,2026-09-11T15:00:00+00:00,19.76644,87.17232,10.3,206.5,underway
V017,2026-09-11T15:20:00+00:00,19.71752,87.15945,11.5,34.9,underway
V017,2026-09-11T15:40:00+00:00,19.77272,87.18765,11.0,25.8,underway
V018,2026-09-09T04:00:00+00:00,19.40778,87.40234,9.3,215.8,underway
V018,2026-09-09T04:20:00+00:00,19.36303,87.3578,11.0,223.4,underway
V018,2026-09-09T04:40:00+00:00,19.3574,87.3436,10.8,42.9,underway
V018,2026-09-09T05:00:00+00:00,19.40482,87.39001,11.6,42.9,underway
V018,2026-09-09T05:20:00+00:00,19.45296,87.42136,10.1,31.7,underway
V018,2026-09-09T05:40:00+00:00,19.5044,87.46229,11.5,37.1,underway
V018,2026-09-09T06:00:00+00:00,19.55275,87.49952,10.7,36.2,underway
V018,2026-09-09T06:20:00+00:00,19.55262,87.51272,13.0,215.9,underway
V018,2026-09-09T06:40:00+00:00,19.48533,87.48796,12.8,199.3,underway
V018,2026-09-09T07:00:00+00:00,19.42172,87.46053,12.3,202.3,underway
V018,2026-09-09T07:20:00+00:00,19.36105,87.42959,12.1,205.8,underway
V018,2026-09-09T07:40:00+00:00,19.32775,87.40013,11.9,14.9,underway
V018,2026-09-09T08:00:00+00:00,19.38735,87.41675,11.0,14.8,underway
V018,2026-09-09T08:20:00+00:00,19.44841,87.44115,11.7,20.8,underway
V018,2026-09-09T08:40:00+00:00,19.52135,87.45352,13.2,9.1,underway
V018,2026-09-09T09:00:00+00:00,19.57433,87.4602,12.9,191.1,underway
V018,2026-09-09T09:20:00+00:00,19.50521,87.45488,12.4,184.2,underway
V018,2026-09-09T09:40:00+00:00,19.44802,87.44209,10.5,192.0,underway
V018,2026-09-09T10:00:00+00:00,19.39618,87.42273,9.9,199.5,underway
V018,2026-09-09T10:20:00+00:00,19.3356,87.38612,12.5,209.8,underway
V018,2026-09-09T10:40:00+00:00,19.33684,87.37481,12.7,26.6,underway
V018,2026-09-09T11:00:00+00:00,19.3967,87.39525,11.3,18.0,underway
V018,2026-09-09T11:20:00+00:00,19.4686,87.4023,12.9,5.3,underway
V018,2026-09-09T11:40:00+00:00,19.52381,87.42921,10.9,24.8,underway
V018,2026-09-09T12:00:00+00:00,19.57671,87.43533,10.5,180.4,underway
V018,2026-09-09T12:20:00+00:00,19.52291,87.41801,10.1,197.0,underway
V018,2026-09-09T12:40:00+00:00,19.4618,87.41479,11.0,182.9,underway
V018,2026-09-09T13:00:00+00:00,19.40182,87.42111,10.8,174.3,underway
V018,2026-09-09T13:20:00+00:00,19.32842,87.42403,13.2,177.8,underway
V018,2026-09-09T13:40:00+00:00,19.32349,87.43593,12.3,359.4,underway
V018,2026-09-09T14:00:00+00:00,19.38961,87.43094,11.9,355.9,underway
V018,2026-09-09T14:20:00+00:00,19.46109,87.42316,12.9,354.1,underway
V018,2026-09-09T14:40:00+00:00,19.52796,87.42895,12.0,4.7,underway
V018,2026-09-09T15:00:00+00:00,19.57573,87.45098,10.7,187.1,underway
V018,2026-09-09T15:20:00+00:00,19.50412,87.43293,13.2,193.5,underway
V018,2026-09-09T15:40:00+00:00,19.45159,87.4099,10.2,202.6,underway
V018,2026-09-09T16:00:00+00:00,19.38371,87.39498,12.4,191.8,underway
V018,2026-09-09T16:20:00+00:00,19.33724,87.37399,10.4,27.0,underway
V018,2026-09-09T16:40:00+00:00,19.40109,87.39933,12.2,20.6,underway
V018,2026-09-09T17:00:00+00:00,19.45319,87.42673,10.4,26.5,underway
V018,2026-09-09T17:20:00+00:00,19.51843,87.46181,13.1,27.0,underway
V018,2026-09-09T17:40:00+00:00,19.57112,87.47362,10.8,197.1,underway
V018,2026-09-09T18:00:00+00:00,19.51612,87.4495,10.7,202.6,underway
V018,2026-09-09T18:20:00+00:00,19.45949,87.42428,11.0,202.9,underway
V018,2026-09-09T18:40:00+00:00,19.38735,87.41577,13.0,186.4,underway
V018,2026-09-09T19:00:00+00:00,19.32761,87.40877,10.8,186.3,underway
V018,2026-09-09T19:20:00+00:00,19.32531,87.41189,12.6,9.7,underway
V018,2026-09-09T19:40:00+00:00,19.38596,87.40227,11.0,351.4,underway
V018,2026-09-09T20:00:00+00:00,19.44364,87.3984,10.4,356.4,underway
V018,2026-09-09T20:20:00+00:00,19.50416,87.37966,11.3,343.6,underway
V018,2026-09-09T20:40:00+00:00,19.56155,87.37978,10.3,0.1,underway
V018,2026-09-09T21:00:00+00:00,19.56942,87.38986,12.1,160.5,underway
V018,2026-09-09T21:20:00+00:00,19.51971,87.42023,10.3,149.9,underway
V018,2026-09-09T21:40:00+00:00,19.4767,87.45856,10.1,139.8,underway
V018,2026-09-09T22:00:00+00:00,19.43424,87.49516,9.8,140.7,underway
V018,2026-09-09T22:20:00+00:00,19.38087,87.53039,11.3,147.9,underway
V018,2026-09-09T22:40:00+00:00,19.35425,87.52159,10.8,319.2,underway
V018,2026-09-09T23:00:00+00:00,19.38916,87.46161,12.0,301.5,underway
V018,2026-09-09T23:20:00+00:00,19.41165,87.39905,11.4,290.7,underway
V018,2026-09-09T23:40:00+00:00,19.42957,87.34657,9.5,289.8,underway
V018,2026-09-10T00:00:00+00:00,19.44272,87.3013,9.6,86.7,underway
V018,2026-09-10T00:20:00+00:00,19.45294,87.36655,11.2,80.6,underway
V018,2026-09-10T00:40:00+00:00,19.46397,87.44125,12.9,81.2,underway
V018,2026-09-10T01:00:00+00:00,19.4533,87.50991,11.8,99.3,underway
V018,2026-09-10T01:20:00+00:00,19.44372,87.56724,9.9,100.0,underway
V018,2026-09-10T01:40:00+00:00,19.44221,87.56756,10.5,273.6,underway
V018,2026-09-10T02:00:00+00:00,19.44933,87.50543,10.6,276.9,underway
V018,2026-09-10T02:20:00+00:00,19.43849,87.44046,11.2,260.0,underway
V018,2026-09-10T02:40:00+00:00,19.43992,87.38089,10.1,271.4,underway
V018,2026-09-10T03:00:00+00:00,19.45115,87.32699,9.4,282.4,underway
V018,2026-09-10T03:20:00+00:00,19.46102,87.30157,11.3,94.9,underway
V018,2026-09-10T03:40:00+00:00,19.46882,87.3676,11.3,82.9,underway
V018,2026-09-10T04:00:00+00:00,19.4551,87.43704,12.1,101.8,underway
V018,2026-09-10T04:20:00+00:00,19.44211,87.51326,13.2,100.2,underway
V018,2026-09-10T04:40:00+00:00,19.44398,87.56767,12.4,272.8,underway
V018,2026-09-10T05:00:00+00:00,19.44036,87.50956,9.9,266.3,underway
V018,2026-09-10T05:20:00+00:00,19.42246,87.44437,11.5,253.9,underway
V018,2026-09-10T05:40:00+00:00,19.41159,87.3822,10.8,259.6,underway
V018,2026-09-10T06:00:00+00:00,19.38669,87.3314,9.7,242.7,underway
V018,2026-09-10T06:20:00+00:00,19.3858,87.31955,10.5,59.5,underway
V018,2026-09-10T06:40:00+00:00,19.41591,87.38604,12.5,64.5,underway
V018,2026-09-10T07:00:00+00:00,19.44222,87.44046,10.4,63.0,underway
V018,2026-09-10T07:20:00+00:00,19.48071,87.50222,12.6,56.7,underway
V018,2026-09-10T07:40:00+00:00,19.49971,87.55716,10.1,246.9,underway
V018,2026-09-10T08:00:00+00:00,19.46653,87.50898,10.1,234.0,underway
V018,2026-09-10T08:20:00+00:00,19.42292,87.45831,11.6,227.8,underway
V018,2026-09-10T08:40:00+00:00,19.3673,87.41678,12.2,215.3,underway
V018,2026-09-10T09:00:00+00:00,19.3274,87.40153,12.0,14.3,underway
V018,2026-09-10T09:20:00+00:00,19.39568,87.42138,12.7,15.4,underway
V018,2026-09-10T09:40:00+00:00,19.45038,87.41855,9.8,357.2,underway
V018,2026-09-10T10:00:00+00:00,19.51319,87.41653,11.3,358.3,underway
V018,2026-09-10T10:20:00+00:00,19.5767,87.43577,11.9,180.6,underway
V018,2026-09-10T10:40:00+00:00,19.50526,87.4481,13.0,170.7,underway
V018,2026-09-10T11:00:00+00:00,19.44231,87.46327,11.6,167.1,underway
V018,2026-09-10T11:20:00+00:00,19.38554,87.47572,10.4,168.2,underway
V018,2026-09-10T11:40:00+00:00,19.33406,87.4878,10.1,336.4,underway
V018,2026-09-10T12:00:00+00:00,19.39071,87.47826,10.3,350.9,underway
V018,2026-09-10T12:20:00+00:00,19.44912,87.44559,11.8,332.0,underway
V018,2026-09-10T12:40:00+00:00,19.50324,87.42372,10.4,339.0,underway
V018,2026-09-10T13:00:00+00:00,19.55908,87.40054,10.8,338.5,underway
V018,2026-09-10T13:20:00+00:00,19.57364,87.40527,11.0,167.4,underway
V018,2026-09-10T13:40:00+00:00,19.51062,87.41077,11.3,175.3,underway
V018,2026-09-10T14:00:00+00:00,19.44961,87.3939,11.3,194.7,underway
V018,2026-09-10T14:20:00+00:00,19.38224,87.37071,12.7,198.1,underway
V018,2026-09-10T14:40:00+00:00,19.35063,87.35192,10.9,38.2,underway
V018,2026-09-10T15:00:00+00:00,19.41397,87.38117,12.4,23.7,underway
V018,2026-09-10T15:20:00+00:00,19.48208,87.39468,12.4,10.7,underway
V018,2026-09-10T15:40:00+00:00,19.55308,87.40362,12.8,6.8,underway
V018,2026-09-10T16:00:00+00:00,19.57586,87.41899,13.0,173.3,underway
V018,2026-09-10T16:20:00+00:00,19.52398,87.43418,9.6,164.5,underway
V018,2026-09-10T16:40:00+00:00,19.46166,87.47351,13.0,149.1,underway
V018,2026-09-10T17:00:00+00:00,19.41808,87.50732,9.7,143.6,underway
V018,2026-09-10T17:20:00+00:00,19.36171,87.52994,11.4,314.3,underway
V018,2026-09-10T17:40:00+00:00,19.39498,87.47297,11.4,301.6,underway
V018,2026-09-10T18:00:00+00:00,19.41086,87.4186,9.7,287.1,underway
V018,2026-09-10T18:20:00+00:00,19.41717,87.35888,10.2,276.4,underway
V018,2026-09-10T18:40:00+00:00,19.40823,87.30858,10.0,70.7,underway
V018,2026-09-10T19:00:00+00:00,19.44468,87.36219,11.2,54.4,underway
V018,2026-09-10T19:20:00+00:00,19.46836,87.42777,11.9,69.2,underway
V018,2026-09-10T19:40:00+00:00,19.47408,87.48714,10.1,84.2,underway
V018,2026-09-10T20:00:00+00:00,19.48539,87.55852,12.3,80.5,underway
V018,2026-09-10T20:20:00+00:00,19.47818,87.5645,9.9,257.2,underway
V018,2026-09-10T20:40:00+00:00,19.47214,87.49919,11.2,264.4,underway
V018,2026-09-10T21:00:00+00:00,19.46592,87.44386,9.5,263.2,underway
V018,2026-09-10T21:20:00+00:00,19.46145,87.38442,10.1,265.5,underway
V018,2026-09-10T21:40:00+00:00,19.44749,87.30986,12.9,258.8,underway
V018,2026-09-10T22:00:00+00:00,19.44683,87.30112,11.1,88.5,underway
V018,2026-09-10T22:20:00+00:00,19.46665,87.37034,12.3,73.2,underway
V018,2026-09-10T22:40:00+00:00,19.49191,87.43178,11.4,66.6,underway
V018,2026-09-10T23:00:00+00:00,19.4983,87.49977,11.6,84.3,underway
V018,2026-09-10T23:20:00+00:00,19.51245,87.55053,12.0,240.5,underway
V018,2026-09-10T23:40:00+00:00,19.46966,87.50937,10.4,222.4,underway
V018,2026-09-11T00:00:00+00:00,19.40984,87.48302,11.6,202.7,underway
V018,2026-09-11T00:20:00+00:00,19.35976,87.46431,9.5,199.5,underway
V018,2026-09-11T00:40:00+00:00,19.32399,87.44632,11.8,354.9,underway
V018,2026-09-11T01:00:00+00:00,19.37695,87.42329,10.3,337.6,underway
V018,2026-09-11T01:20:00+00:00,19.43596,87.39861,11.4,338.3,underway
V018,2026-09-11T01:40:00+00:00,19.48285,87.36304,10.3,324.2,underway
V018,2026-09-11T02:00:00+00:00,19.52317,87.32553,11.7,125.3,underway
V018,2026-09-11T02:20:00+00:00,19.49106,87.37787,10.6,122.9,underway
V018,2026-09-11T02:40:00+00:00,19.47218,87.4412,11.3,107.4,underway
V018,2026-09-11T03:00:00+00:00,19.46795,87.49856,9.8,94.4,underway
V018,2026-09-11T03:20:00+00:00,19.48331,87.56315,11.6,254.8,underway
V018,2026-09-11T03:40:00+00:00,19.45745,87.51432,9.5,240.8,underway
V018,2026-09-11T04:00:00+00:00,19.43214,87.44401,12.8,249.2,underway
V018,2026-09-11T04:20:00+00:00,19.41488,87.3701,12.9,256.2,underway
V018,2026-09-11T04:40:00+00:00,19.4174,87.30991,10.2,272.5,underway
V018,2026-09-11T05:00:00+00:00,19.4342,87.30213,11.1,82.8,underway
V018,2026-09-11T05:20:00+00:00,19.42696,87.37704,12.8,95.8,underway
V018,2026-09-11T05:40:00+00:00,19.40385,87.43749,11.1,111.9,underway
V018,2026-09-11T06:00:00+00:00,19.3974,87.49619,10.0,96.6,underway
V018,2026-09-11T06:20:00+00:00,19.38457,87.54857,12.5,301.2,underway
V018,2026-09-11T06:40:00+00:00,19.41056,87.4919,10.7,295.8,underway
V018,2026-09-11T07:00:00+00:00,19.45268,87.43608,12.1,308.5,underway
V018,2026-09-11T07:20:00+00:00,19.50804,87.38698,13.0,319.9,underway
V018,2026-09-11T07:40:00+00:00,19.55934,87.36703,11.0,149.6,underway
V018,2026-09-11T08:00:00+00:00,19.50851,87.4148,12.2,138.3,underway
V018,2026-09-11T08:20:00+00:00,19.46177,87.46222,11.6,136.1,underway
V018,2026-09-11T08:40:00+00:00,19.40026,87.50335,13.0,147.6,underway
V018,2026-09-11T09:00:00+00:00,19.35369,87.52091,9.8,319.6,underway
V018,2026-09-11T09:20:00+00:00,19.39761,87.49135,9.3,327.4,underway
V018,2026-09-11T09:40:00+00:00,19.44858,87.45203,11.3,323.8,underway
V018,2026-09-11T10:00:00+00:00,19.51446,87.41592,13.3,332.5,underway
V018,2026-09-11T10:20:00+00:00,19.56947,87.38999,11.1,160.5,underway
V018,2026-09-11T10:40:00+00:00,19.5077,87.42874,12.9,149.2,underway
V018,2026-09-11T11:00:00+00:00,19.4631,87.47942,11.8,132.8,underway
V018,2026-09-11T11:20:00+00:00,19.40614,87.51893,12.2,146.6,underway
V018,2026-09-11T11:40:00+00:00,19.36628,87.53441,13.2,311.5,underway
V018,2026-09-11T12:00:00+00:00,19.40749,87.49865,9.6,320.5,underway
V018,2026-09-11T12:20:00+00:00,19.4551,87.47569,9.4,335.4,underway
V018,2026-09-11T12:40:00+00:00,19.51508,87.43214,13.0,325.4,underway
V018,2026-09-11T13:00:00+00:00,19.55766,87.38306,11.3,312.4,underway
V018,2026-09-11T13:20:00+00:00,19.56225,87.37256,11.1,152.4,underway
V018,2026-09-11T13:40:00+00:00,19.51582,87.40651,10.1,145.2,underway
V018,2026-09-11T14:00:00+00:00,19.45585,87.42978,11.4,159.8,underway
V018,2026-09-11T14:20:00+00:00,19.39483,87.47356,13.2,145.7,underway
V018,2026-09-11T14:40:00+00:00,19.3516,87.51826,13.0,321.1,underway
V018,2026-09-11T15:00:00+00:00,19.40435,87.48411,11.1,328.4,underway
V018,2026-09-11T15:20:00+00:00,19.45837,87.46048,10.5,337.5,underway
V018,2026-09-11T15:40:00+00:00,19.51325,87.44553,10.2,345.5,underway
V019,2026-09-09T04:00:00+00:00,19.50361,87.2753,10.4,324.5,underway
V019,2026-09-09T04:20:00+00:00,19.55965,87.25055,10.9,337.3,underway
V019,2026-09-09T04:40:00+00:00,19.57471,87.26283,13.6,159.0,underway
V019,2026-09-09T05:00:00+00:00,19.52372,87.30019,11.1,145.2,underway
V019,2026-09-09T05:20:00+00:00,19.48003,87.36102,13.0,127.1,underway
V019,2026-09-09T05:40:00+00:00,19.44062,87.4057,10.4,132.9,underway
V019,2026-09-09T06:00:00+00:00,19.39405,87.42667,11.0,299.6,underway
V019,2026-09-09T06:20:00+00:00,19.41729,87.3506,13.6,287.8,underway
V019,2026-09-09T06:40:00+00:00,19.44645,87.29922,10.2,300.9,underway
V019,2026-09-09T07:00:00+00:00,19.5026,87.24486,13.7,317.4,underway
V019,2026-09-09T07:20:00+00:00,19.54952,87.22015,11.7,137.3,underway
V019,2026-09-09T07:40:00+00:00,19.5051,87.25783,10.2,141.2,underway
V019,2026-09-09T08:00:00+00:00,19.44147,87.3015,13.6,146.9,underway
V019,2026-09-09T08:20:00+00:00,19.38606,87.32542,10.7,157.7,underway
V019,2026-09-09T08:40:00+00:00,19.33329,87.3413,12.7,346.7,underway
V019,2026-09-09T09:00:00+00:00,19.4012,87.30668,13.5,334.2,underway
V019,2026-09-09T09:20:00+00:00,19.443,87.2668,10.1,317.8,underway
V019,2026-09-09T09:40:00+00:00,19.4846,87.21404,11.7,309.7,underway
V019,2026-09-09T10:00:00+00:00,19.51743,87.19373,13.6,118.8,underway
V019,2026-09-09T10:20:00+00:00,19.4698,87.24996,12.8,131.7,underway
V019,2026-09-09T10:40:00+00:00,19.41746,87.29816,12.5,138.8,underway
V019,2026-09-09T11:00:00+00:00,19.38109,87.3619,12.6,121.0,underway
V019,2026-09-09T11:20:00+00:00,19.36392,87.40162,12.3,317.0,underway
V019,2026-09-09T11:40:00+00:00,19.40558,87.36467,9.8,319.9,underway
V019,2026-09-09T12:00:00+00:00,19.46378,87.31773,13.1,322.6,underway
V019,2026-09-09T12:20:00+00:00,19.50345,87.25954,12.2,305.7,underway
V019,2026-09-09T12:40:00+00:00,19.54828,87.22034,10.4,320.3,underway
V019,2026-09-09T13:00:00+00:00,19.55053,87.22132,11.8,137.9,underway
V019,2026-09-09T13:20:00+00:00,19.4949,87.25487,11.5,150.2,underway
V019,2026-09-09T13:40:00+00:00,19.43643,87.27235,10.9,164.2,underway
V019,2026-09-09T14:00:00+00:00,19.3655,87.26739,12.7,183.8,underway
V019,2026-09-09T14:20:00+00:00,19.33371,87.27823,12.8,14.1,underway
V019,2026-09-09T14:40:00+00:00,19.39362,87.30815,11.9,25.4,underway
V019,2026-09-09T15:00:00+00:00,19.45235,87.34948,12.7,33.7,underway
V019,2026-09-09T15:20:00+00:00,19.49747,87.40991,13.1,51.8,underway
V019,2026-09-09T15:40:00+00:00,19.51543,87.42872,12.5,242.3,underway
V019,2026-09-09T16:00:00+00:00,19.48117,87.37673,10.8,235.2,underway
V019,2026-09-09T16:20:00+00:00,19.45125,87.32294,10.6,239.6,underway
V019,2026-09-09T16:40:00+00:00,19.43286,87.26738,10.0,250.8,underway
V019,2026-09-09T17:00:00+00:00,19.40577,87.20308,12.0,246.1,underway
V019,2026-09-09T17:20:00+00:00,19.40625,87.18824,11.0,66.6,underway
V019,2026-09-09T17:40:00+00:00,19.44287,87.2485,12.2,57.4,underway
V019,2026-09-09T18:00:00+00:00,19.46618,87.32406,13.5,72.0,underway
V019,2026-09-09T18:20:00+00:00,19.48425,87.38494,10.8,72.6,underway
V019,2026-09-09T18:40:00+00:00,19.49546,87.43758,13.2,252.1,underway
V019,2026-09-09T19:00:00+00:00,19.48058,87.38219,9.8,254.2,underway
V019,2026-09-09T19:20:00+00:00,19.45704,87.31787,11.7,248.9,underway
V019,2026-09-09T19:40:00+00:00,19.41321,87.25351,13.5,234.3,underway
V019,2026-09-09T20:00:00+00:00,19.37729,87.20662,12.0,51.3,underway
V019,2026-09-09T20:20:00+00:00,19.42644,87.2469,11.2,37.9,underway
V019,2026-09-09T20:40:00+00:00,19.49023,87.27313,12.3,21.3,underway
V019,2026-09-09T21:00:00+00:00,19.53501,87.30591,9.8,34.8,underway
V019,2026-09-09T21:20:00+00:00,19.58257,87.3232,10.4,185.4,underway
V019,2026-09-09T21:40:00+00:00,19.51037,87.32643,12.9,177.6,underway
V019,2026-09-09T22:00:00+00:00,19.43658,87.30954,13.5,192.3,underway
V019,2026-09-09T22:20:00+00:00,19.38046,87.29642,10.3,192.5,underway
V019,2026-09-09T22:40:00+00:00,19.33651,87.26815,12.3,18.6,underway
V019,2026-09-09T23:00:00+00:00,19.3933,87.29027,10.8,20.3,underway
V019,2026-09-09T23:20:00+00:00,19.45677,87.29884,11.5,7.3,underway
V019,2026-09-09T23:40:00+00:00,19.51452,87.3043,10.4,5.1,underway
V019,2026-09-10T00:00:00+00:00,19.57144,87.30141,10.2,357.2,underway
V019,2026-09-10T00:20:00+00:00,19.58239,87.29623,10.6,173.8,underway
V019,2026-09-10T00:40:00+00:00,19.51223,87.31116,12.8,168.6,underway
V019,2026-09-10T01:00:00+00:00,19.44582,87.3238,12.1,169.8,underway
V019,2026-09-10T01:20:00+00:00,19.37672,87.33923,12.7,168.0,underway
V019,2026-09-10T01:40:00+00:00,19.34003,87.36292,12.7,336.9,underway
V019,2026-09-10T02:00:00+00:00,19.40353,87.33737,12.2,339.1,underway
V019,2026-09-10T02:20:00+00:00,19.46977,87.3298,11.9,353.8,underway
V019,2026-09-10T02:40:00+00:00,19.52709,87.32788,10.3,358.2,underway
V019,2026-09-10T03:00:00+00:00,19.58304,87.31559,13.1,182.1,underway
V019,2026-09-10T03:20:00+00:00,19.52939,87.33301,10.1,162.9,underway
V019,2026-09-10T03:40:00+00:00,19.46449,87.37236,13.4,150.1,underway
V019,2026-09-10T04:00:00+00:00,19.40153,87.41552,13.5,146.9,underway
V019,2026-09-10T04:20:00+00:00,19.38406,87.42004,9.9,304.9,underway
V019,2026-09-10T04:40:00+00:00,19.42641,87.37517,10.8,314.8,underway
V019,2026-09-10T05:00:00+00:00,19.45712,87.31878,11.1,299.8,underway
V019,2026-09-10T05:20:00+00:00,19.50086,87.25513,13.4,305.9,underway
V019,2026-09-10T05:40:00+00:00,19.53294,87.20432,12.3,127.1,underway
V019,2026-09-10T06:00:00+00:00,19.51329,87.26487,10.9,108.9,underway
V019,2026-09-10T06:20:00+00:00,19.48756,87.31753,10.1,117.2,underway
V019,2026-09-10T06:40:00+00:00,19.46884,87.37223,9.9,109.8,underway
V019,2026-09-10T07:00:00+00:00,19.43768,87.43329,11.8,118.3,underway
V019,2026-09-10T07:20:00+00:00,19.41693,87.43735,11.1,288.2,underway
V019,2026-09-10T07:40:00+00:00,19.44031,87.37104,12.0,290.4,underway
V019,2026-09-10T08:00:00+00:00,19.45827,87.31401,10.2,288.4,underway
V019,2026-09-10T08:20:00+00:00,19.45976,87.23676,13.1,271.2,underway
V019,2026-09-10T08:40:00+00:00,19.46638,87.17769,12.4,94.5,underway
V019,2026-09-10T09:00:00+00:00,19.45453,87.24348,11.4,100.7,underway
V019,2026-09-10T09:20:00+00:00,19.46447,87.32143,13.4,82.4,underway
V019,2026-09-10T09:40:00+00:00,19.4854,87.39668,13.3,73.7,underway
V019,2026-09-10T10:00:00+00:00,19.50786,87.43258,13.3,246.1,underway
V019,2026-09-10T10:20:00+00:00,19.48618,87.37712,10.2,247.6,underway
V019,2026-09-10T10:40:00+00:00,19.44911,87.31564,12.4,237.6,underway
V019,2026-09-10T11:00:00+00:00,19.43338,87.25047,11.4,255.7,underway
V019,2026-09-10T11:20:00+00:00,19.42336,87.18193,13.0,74.8,underway
V019,2026-09-10T11:40:00+00:00,19.45747,87.233,10.6,54.9,underway
V019,2026-09-10T12:00:00+00:00,19.50801,87.2842,12.6,43.9,underway
V019,2026-09-10T12:20:00+00:00,19.55186,87.34789,13.4,54.0,underway
V019,2026-09-10T12:40:00+00:00,19.56344,87.3821,13.2,212.4,underway
V019,2026-09-10T13:00:00+00:00,19.49417,87.35789,13.1,198.4,underway
V019,2026-09-10T13:20:00+00:00,19.43448,87.31757,12.7,212.7,underway
V019,2026-09-10T13:40:00+00:00,19.37311,87.27108,13.5,215.7,underway
V019,2026-09-10T14:00:00+00:00,19.3504,87.2379,9.7,33.1,underway
V019,2026-09-10T14:20:00+00:00,19.39109,87.28311,10.6,46.5,underway
V019,2026-09-10T14:40:00+00:00,19.44261,87.32731,11.9,39.2,underway
V019,2026-09-10T15:00:00+00:00,19.49005,87.38795,13.4,50.5,underway
V019,2026-09-10T15:20:00+00:00,19.53672,87.41387,11.4,230.7,underway
V019,2026-09-10T15:40:00+00:00,19.48163,87.37209,12.2,215.7,underway
V019,2026-09-10T16:00:00+00:00,19.41872,87.34676,12.1,200.9,underway
V019,2026-09-10T16:20:00+00:00,19.36423,87.31705,11.0,207.4,underway
V019,2026-09-10T16:40:00+00:00,19.33274,87.28261,12.5,12.1,underway
V019,2026-09-10T17:00:00+00:00,19.39252,87.32038,12.5,30.9,underway
V019,2026-09-10T17:20:00+00:00,19.44807,87.35841,11.9,33.0,underway
V019,2026-09-10T17:40:00+00:00,19.51095,87.37416,11.6,13.4,underway
V019,2026-09-10T18:00:00+00:00,19.55548,87.39386,11.3,218.6,underway
V019,2026-09-10T18:20:00+00:00,19.51446,87.35594,9.8,221.3,underway
V019,2026-09-10T18:40:00+00:00,19.45831,87.30451,13.3,221.0,underway
V019,2026-09-10T19:00:00+00:00,19.41532,87.26682,10.0,219.8,underway
V019,2026-09-10T19:20:00+00:00,19.36733,87.23039,10.6,215.8,underway
V019,2026-09-10T19:40:00+00:00,19.36103,87.22307,12.3,41.0,underway
V019,2026-09-10T20:00:00+00:00,19.41244,87.26667,11.8,38.8,underway
V019,2026-09-10T20:20:00+00:00,19.45781,87.32927,13.4,52.6,underway
V019,2026-09-10T20:40:00+00:00,19.49477,87.38662,11.8,55.8,underway
V019,2026-09-10T21:00:00+00:00,19.51982,87.42617,11.6,240.0,underway
V019,2026-09-10T21:20:00+00:00,19.4988,87.34926,13.6,253.9,underway
V019,2026-09-10T21:40:00+00:00,19.46957,87.28978,11.4,242.6,underway
V019,2026-09-10T22:00:00+00:00,19.43608,87.23068,11.7,239.2,underway
V019,2026-09-10T22:20:00+00:00,19.41658,87.18409,11.8,71.6,underway
V019,2026-09-10T22:40:00+00:00,19.41851,87.25657,12.3,88.4,underway
V019,2026-09-10T23:00:00+00:00,19.43211,87.31736,10.6,76.7,underway
V019,2026-09-10T23:20:00+00:00,19.45682,87.37678,11.0,66.3,underway
V019,2026-09-10T23:40:00+00:00,19.48479,87.43312,10.8,62.4,underway
V019,2026-09-11T00:00:00+00:00,19.51016,87.43148,11.3,244.9,underway
V019,2026-09-11T00:20:00+00:00,19.49985,87.35689,12.8,261.7,underway
V019,2026-09-11T00:40:00+00:00,19.48442,87.28474,12.6,257.3,underway
V019,2026-09-11T01:00:00+00:00,19.48176,87.21446,12.0,267.7,underway
V019,2026-09-11T01:20:00+00:00,19.48008,87.17961,10.3,100.7,underway
V019,2026-09-11T01:40:00+00:00,19.46878,87.25568,13.1,98.9,underway
V019,2026-09-11T02:00:00+00:00,19.46393,87.3146,10.1,94.9,underway
V019,2026-09-11T02:20:00+00:00,19.44019,87.37398,11.0,112.8,underway
V019,2026-09-11T02:40:00+00:00,19.40929,87.43442,11.7,291.9,underway
V019,2026-09-11T03:00:00+00:00,19.41297,87.36068,12.6,273.0,underway
V019,2026-09-11T03:20:00+00:00,19.43844,87.28823,13.1,290.3,underway
V019,2026-09-11T03:40:00+00:00,19.44877,87.22362,11.1,279.6,underway
V019,2026-09-11T04:00:00+00:00,19.46383,87.1775,12.1,93.3,underway
V019,2026-09-11T04:20:00+00:00,19.46796,87.2479,12.0,86.5,underway
V019,2026-09-11T04:40:00+00:00,19.45381,87.31215,11.2,103.1,underway
V019,2026-09-11T05:00:00+00:00,19.42433,87.38489,13.4,113.1,underway
V019,2026-09-11T05:20:00+00:00,19.39187,87.42534,11.0,300.7,underway
V019,2026-09-11T05:40:00+00:00,19.43769,87.36659,12.9,309.4,underway
V019,2026-09-11T06:00:00+00:00,19.46806,87.29827,12.8,295.1,underway
V019,2026-09-11T06:20:00+00:00,19.47571,87.22191,13.1,276.0,underway
V019,2026-09-11T06:40:00+00:00,19.49155,87.18249,11.5,106.1,underway
V019,2026-09-11T07:00:00+00:00,19.45625,87.23485,10.9,125.4,underway
V019,2026-09-11T07:20:00+00:00,19.42957,87.29748,11.7,114.2,underway
V019,2026-09-11T07:40:00+00:00,19.4252,87.35922,10.5,94.3,underway
V019,2026-09-11T08:00:00+00:00,19.42455,87.42213,10.7,90.6,underway
V019,2026-09-11T08:20:00+00:00,19.43828,87.44265,11.8,278.3,underway
V019,2026-09-11T08:40:00+00:00,19.4283,87.37406,11.8,261.3,underway
V019,2026-09-11T09:00:00+00:00,19.42726,87.30215,12.2,269.1,underway
V019,2026-09-11T09:20:00+00:00,19.40681,87.23564,11.9,252.0,underway
V019,2026-09-11T09:40:00+00:00,19.40434,87.18913,11.2,65.7,underway
V019,2026-09-11T10:00:00+00:00,19.43134,87.26204,13.3,68.7,underway
V019,2026-09-11T10:20:00+00:00,19.44312,87.32583,11.0,79.0,underway
V019,2026-09-11T10:40:00+00:00,19.47343,87.38105,10.8,60.0,underway
V019,2026-09-11T11:00:00+00:00,19.51522,87.41881,9.9,40.6,underway
V019,2026-09-11T11:20:00+00:00,19.54282,87.40825,11.9,227.0,underway
V019,2026-09-11T11:40:00+00:00,19.50002,87.35784,11.5,228.2,underway
V019,2026-09-11T12:00:00+00:00,19.46212,87.3068,11.0,232.0,underway
V019,2026-09-11T12:20:00+00:00,19.42645,87.25645,10.7,233.3,underway
V019,2026-09-11T12:40:00+00:00,19.37035,87.21294,13.5,47.1,underway
V019,2026-09-11T13:00:00+00:00,19.40948,87.27593,12.8,56.8,underway
V019,2026-09-11T13:20:00+00:00,19.43061,87.33956,11.5,70.7,underway
V019,2026-09-11T13:40:00+00:00,19.45943,87.39251,10.4,60.2,underway
V019,2026-09-11T14:00:00+00:00,19.48136,87.44145,12.9,258.7,underway
V019,2026-09-11T14:20:00+00:00,19.48791,87.37697,11.0,276.1,underway
V019,2026-09-11T14:40:00+00:00,19.50881,87.31264,11.6,288.9,underway
V019,2026-09-11T15:00:00+00:00,19.53868,87.25836,10.7,300.1,underway
V019,2026-09-11T15:20:00+00:00,19.55214,87.22324,12.0,139.0,underway
V019,2026-09-11T15:40:00+00:00,19.50292,87.25103,10.0,151.8,underway
V020,2026-09-09T04:00:00+00:00,19.5057,87.5504,15.5,32.6,underway
V020,2026-09-09T04:20:00+00:00,19.54307,87.56742,13.8,209.6,underway
V020,2026-09-09T04:40:00+00:00,19.48911,87.51347,13.3,223.5,underway
V020,2026-09-09T05:00:00+00:00,19.41811,87.46814,14.9,211.2,underway
V020,2026-09-09T05:20:00+00:00,19.36077,87.40944,14.3,224.2,underway
V020,2026-09-09T05:40:00+00:00,19.33871,87.41249,13.9,41.8,underway
V020,2026-09-09T06:00:00+00:00,19.39682,87.47486,14.9,45.5,underway
V020,2026-09-09T06:20:00+00:00,19.44583,87.54638,15.0,54.2,underway
V020,2026-09-09T06:40:00+00:00,19.46519,87.61549,12.3,73.6,underway
V020,2026-09-09T07:00:00+00:00,19.45716,87.63237,13.4,259.0,underway
V020,2026-09-09T07:20:00+00:00,19.42192,87.56422,13.2,241.4,underway
V020,2026-09-09T07:40:00+00:00,19.37786,87.50672,12.6,231.1,underway
V020,2026-09-09T08:00:00+00:00,19.322,87.43736,15.9,28.7,underway
V020,2026-09-09T08:20:00+00:00,19.38223,87.48065,13.1,34.3,underway
V020,2026-09-09T08:40:00+00:00,19.44642,87.51006,12.5,23.5,underway
V020,2026-09-09T09:00:00+00:00,19.50913,87.54356,12.6,26.9,underway
V020,2026-09-09T09:20:00+00:00,19.54686,87.55984,16.1,206.0,underway
V020,2026-09-09T09:40:00+00:00,19.48465,87.49799,15.3,223.3,underway
V020,2026-09-09T10:00:00+00:00,19.43181,87.44755,12.8,222.2,underway
V020,2026-09-09T10:20:00+00:00,19.37001,87.39778,13.9,217.4,underway
V020,2026-09-09T10:40:00+00:00,19.3511,87.39978,14.9,49.7,underway
V020,2026-09-09T11:00:00+00:00,19.41805,87.44653,14.4,33.5,underway
V020,2026-09-09T11:20:00+00:00,19.47607,87.48669,12.4,33.3,underway
V020,2026-09-09T11:40:00+00:00,19.55487,87.5218,15.3,22.9,underway
V020,2026-09-09T12:00:00+00:00,19.55271,87.54499,12.5,199.1,underway
V020,2026-09-09T12:20:00+00:00,19.48356,87.50931,13.8,206.1,underway
V020,2026-09-09T12:40:00+00:00,19.42982,87.45238,13.7,225.2,underway
V020,2026-09-09T13:00:00+00:00,19.35487,87.40563,15.6,210.6,underway
V020,2026-09-09T13:20:00+00:00,19.33797,87.41337,15.9,41.3,underway
V020,2026-09-09T13:40:00+00:00,19.3967,87.45332,12.5,32.9,underway
V020,2026-09-09T14:00:00+00:00,19.46699,87.5088,15.7,36.8,underway
V020,2026-09-09T14:20:00+00:00,19.53692,87.54043,13.6,23.2,underway
V020,2026-09-09T14:40:00+00:00,19.54968,87.55331,15.4,202.9,underway
V020,2026-09-09T15:00:00+00:00,19.47374,87.53579,13.9,192.4,underway
V020,2026-09-09T15:20:00+00:00,19.39495,87.497,15.6,205.1,underway
V020,2026-09-09T15:40:00+00:00,19.32362,87.46166,14.1,205.2,underway
V020,2026-09-09T16:00:00+00:00,19.3159,87.45081,15.3,22.3,underway
V020,2026-09-09T16:20:00+00:00,19.38806,87.46155,13.1,8.0,underway
V020,2026-09-09T16:40:00+00:00,19.45806,87.49045,13.5,21.4,underway
V020,2026-09-09T17:00:00+00:00,19.52829,87.49595,12.6,4.3,underway
V020,2026-09-09T17:20:00+00:00,19.55905,87.48851,14.0,174.4,underway
V020,2026-09-09T17:40:00+00:00,19.4739,87.46758,15.7,193.1,underway
V020,2026-09-09T18:00:00+00:00,19.39875,87.45093,13.8,191.9,underway
V020,2026-09-09T18:20:00+00:00,19.32534,87.43132,14.2,31.7,underway
V020,2026-09-09T18:40:00+00:00,19.41009,87.46249,16.1,19.2,underway
V020,2026-09-09T19:00:00+00:00,19.46662,87.50707,12.6,36.8,underway
V020,2026-09-09T19:20:00+00:00,19.51804,87.56526,13.5,47.1,underway
V020,2026-09-09T19:40:00+00:00,19.53367,87.58237,13.0,217.4,underway
V020,2026-09-09T20:00:00+00:00,19.48123,87.53026,12.9,223.3,underway
V020,2026-09-09T20:20:00+00:00,19.44576,87.46391,12.9,240.6,underway
V020,2026-09-09T20:40:00+00:00,19.42535,87.37286,15.9,256.7,underway
V020,2026-09-09T21:00:00+00:00,19.43279,87.36809,15.1,89.9,underway
V020,2026-09-09T21:20:00+00:00,19.41642,87.43879,12.4,103.7,underway
V020,2026-09-09T21:40:00+00:00,19.39274,87.50604,12.2,110.3,underway
V020,2026-09-09T22:00:00+00:00,19.35006,87.58834,15.9,118.6,underway
V020,2026-09-09T22:20:00+00:00,19.36999,87.61711,16.0,299.9,underway
V020,2026-09-09T22:40:00+00:00,19.43506,87.55715,15.5,318.8,underway
V020,2026-09-09T23:00:00+00:00,19.49976,87.51566,13.6,328.7,underway
V020,2026-09-09T23:20:00+00:00,19.55945,87.49403,12.2,176.8,underway
V020,2026-09-09T23:40:00+00:00,19.47781,87.49072,14.6,182.2,underway
V020,2026-09-10T00:00:00+00:00,19.39689,87.49034,14.5,180.3,underway
V020,2026-09-10T00:20:00+00:00,19.31285,87.51148,15.5,166.6,underway
V020,2026-09-10T00:40:00+00:00,19.30684,87.51229,14.0,355.3,underway
V020,2026-09-10T01:00:00+00:00,19.3917,87.50946,15.2,358.2,underway
V020,2026-09-10T01:20:00+00:00,19.46801,87.52765,14.0,12.8,underway
V020,2026-09-10T01:40:00+00:00,19.55547,87.53449,15.7,4.2,underway
V020,2026-09-10T02:00:00+00:00,19.55951,87.50753,15.2,182.6,underway
V020,2026-09-10T02:20:00+00:00,19.48432,87.52799,13.9,165.5,underway
V020,2026-09-10T02:40:00+00:00,19.40494,87.53246,14.2,176.9,underway
V020,2026-09-10T03:00:00+00:00,19.32116,87.51497,15.3,191.2,underway
V020,2026-09-10T03:20:00+00:00,19.30643,87.49958,15.5,0.8,underway
V020,2026-09-10T03:40:00+00:00,19.39076,87.47487,15.7,344.5,underway
V020,2026-09-10T04:00:00+00:00,19.4602,87.4411,13.7,335.2,underway
V020,2026-09-10T04:20:00+00:00,19.53827,87.4273,14.3,146.2,underway
V020,2026-09-10T04:40:00+00:00,19.46002,87.47228,16.0,151.4,underway
V020,2026-09-10T05:00:00+00:00,19.39887,87.51378,13.0,147.2,underway
V020,2026-09-10T05:20:00+00:00,19.32534,87.55046,14.6,154.7,underway
V020,2026-09-10T05:40:00+00:00,19.31493,87.54952,14.2,338.9,underway
V020,2026-09-10T06:00:00+00:00,19.40189,87.52776,16.0,346.6,underway
V020,2026-09-10T06:20:00+00:00,19.47215,87.51386,12.8,349.4,underway
V020,2026-09-10T06:40:00+00:00,19.55298,87.49966,14.7,350.5,underway
V020,2026-09-10T07:00:00+00:00,19.55957,87.4968,12.2,178.0,underway
V020,2026-09-10T07:20:00+00:00,19.48905,87.51664,13.1,165.0,underway
V020,2026-09-10T07:40:00+00:00,19.4095,87.56115,16.1,152.0,underway
V020,2026-09-10T08:00:00+00:00,19.34629,87.59861,15.6,313.2,underway
V020,2026-09-10T08:20:00+00:00,19.39612,87.52915,14.8,307.1,underway
V020,2026-09-10T08:40:00+00:00,19.44811,87.4567,15.4,307.1,underway
V020,2026-09-10T09:00:00+00:00,19.47969,87.38554,13.4,295.1,underway
V020,2026-09-10T09:20:00+00:00,19.46866,87.37348,13.0,106.3,underway
V020,2026-09-10T09:40:00+00:00,19.42654,87.4355,13.0,125.6,underway
V020,2026-09-10T10:00:00+00:00,19.37746,87.51332,15.9,123.6,underway
V020,2026-09-10T10:20:00+00:00,19.35075,87.58,12.3,112.9,underway
V020,2026-09-10T10:40:00+00:00,19.36024,87.61057,13.7,305.1,underway
V020,2026-09-10T11:00:00+00:00,19.39667,87.5255,15.9,294.3,underway
V020,2026-09-10T11:20:00+00:00,19.42018,87.45624,12.5,289.7,underway
V020,2026-09-10T11:40:00+00:00,19.42562,87.3723,14.3,273.9,underway
V020,2026-09-10T12:00:00+00:00,19.43164,87.3681,15.6,89.4,underway
V020,2026-09-10T12:20:00+00:00,19.45617,87.45193,14.9,72.9,underway
V020,2026-09-10T12:40:00+00:00,19.49635,87.51051,12.3,54.2,underway
V020,2026-09-10T13:00:00+00:00,19.54686,87.55984,15.7,206.0,underway
V020,2026-09-10T13:20:00+00:00,19.4742,87.52062,14.6,207.1,underway
V020,2026-09-10T13:40:00+00:00,19.40737,87.48932,13.1,204.0,underway
V020,2026-09-10T14:00:00+00:00,19.32917,87.4629,14.7,197.8,underway
V020,2026-09-10T14:20:00+00:00,19.31137,87.46452,14.0,16.1,underway
V020,2026-09-10T14:40:00+00:00,19.3743,87.51272,13.9,36.0,underway
V020,2026-09-10T15:00:00+00:00,19.41969,87.57981,14.0,54.5,underway
V020,2026-09-10T15:20:00+00:00,19.44454,87.63426,13.0,264.8,underway
V020,2026-09-10T15:40:00+00:00,19.42385,87.55885,13.3,253.9,underway
V020,2026-09-10T16:00:00+00:00,19.42395,87.47181,14.8,270.1,underway
V020,2026-09-10T16:20:00+00:00,19.42881,87.38196,15.3,273.3,underway
V020,2026-09-10T16:40:00+00:00,19.43529,87.36811,14.7,91.0,underway
V020,2026-09-10T17:00:00+00:00,19.4209,87.4509,14.3,100.4,underway
V020,2026-09-10T17:20:00+00:00,19.39762,87.5198,12.4,109.6,underway
V020,2026-09-10T17:40:00+00:00,19.34431,87.58843,15.1,129.3,underway
V020,2026-09-10T18:00:00+00:00,19.34172,87.59384,15.5,316.2,underway
V020,2026-09-10T18:20:00+00:00,19.38016,87.5305,12.8,302.6,underway
V020,2026-09-10T18:40:00+00:00,19.42295,87.46439,13.6,304.3,underway
V020,2026-09-10T19:00:00+00:00,19.48048,87.40799,14.1,317.1,underway
V020,2026-09-10T19:20:00+00:00,19.51831,87.40288,14.9,132.3,underway
V020,2026-09-10T19:40:00+00:00,19.45921,87.44394,12.7,146.6,underway
V020,2026-09-10T20:00:00+00:00,19.40418,87.49776,13.4,137.1,underway
V020,2026-09-10T20:20:00+00:00,19.36111,87.56761,14.2,123.0,underway
V020,2026-09-10T20:40:00+00:00,19.35494,87.60643,14.5,308.1,underway
V020,2026-09-10T21:00:00+00:00,19.41272,87.54468,14.7,314.6,underway
V020,2026-09-10T21:20:00+00:00,19.44925,87.4717,14.0,297.8,underway
V020,2026-09-10T21:40:00+00:00,19.49765,87.39633,15.5,304.1,underway
V020,2026-09-10T22:00:00+00:00,19.5022,87.38975,12.7,123.1,underway
V020,2026-09-10T22:20:00+00:00,19.44179,87.44159,14.0,140.8,underway
V020,2026-09-10T22:40:00+00:00,19.37783,87.46562,12.2,160.4,underway
V020,2026-09-10T23:00:00+00:00,19.31028,87.51053,14.3,147.7,underway
V020,2026-09-10T23:20:00+00:00,19.31406,87.54709,14.6,340.0,underway
V020,2026-09-10T23:40:00+00:00,19.39299,87.53592,14.3,352.3,underway
V020,2026-09-11T00:00:00+00:00,19.46513,87.53414,12.9,358.7,underway
V020,2026-09-11T00:20:00+00:00,19.55177,87.53672,15.5,1.6,underway
V020,2026-09-11T00:40:00+00:00,19.55882,87.51664,15.7,186.5,underway
V020,2026-09-11T01:00:00+00:00,19.48203,87.52922,13.9,171.2,underway
V020,2026-09-11T01:20:00+00:00,19.40871,87.56392,14.4,155.8,underway
V020,2026-09-11T01:40:00+00:00,19.32452,87.57018,15.9,329.0,underway
V020,2026-09-11T02:00:00+00:00,19.39694,87.5541,13.3,348.1,underway
V020,2026-09-11T02:20:00+00:00,19.46712,87.52116,13.8,336.0,underway
V020,2026-09-11T02:40:00+00:00,19.52672,87.46965,13.8,320.6,underway
V020,2026-09-11T03:00:00+00:00,19.54088,87.4316,13.8,148.4,underway
V020,2026-09-11T03:20:00+00:00,19.47533,87.47923,14.3,145.4,underway
V020,2026-09-11T03:40:00+00:00,19.41716,87.54749,15.6,131.9,underway
V020,2026-09-11T04:00:00+00:00,19.37943,87.62227,14.8,295.0,underway
V020,2026-09-11T04:20:00+00:00,19.39529,87.53409,15.3,280.7,underway
V020,2026-09-11T04:40:00+00:00,19.42392,87.44428,16.1,288.6,underway
V020,2026-09-11T05:00:00+00:00,19.45007,87.36931,16.0,97.7,underway
V020,2026-09-11T05:20:00+00:00,19.45508,87.44488,12.9,86.0,underway
V020,2026-09-11T05:40:00+00:00,19.46646,87.52644,14.0,81.6,underway
V020,2026-09-11T06:00:00+00:00,19.46723,87.60535,13.4,89.4,underway
V020,2026-09-11T06:20:00+00:00,19.44976,87.63365,16.1,262.4,underway
V020,2026-09-11T06:40:00+00:00,19.41228,87.54915,15.9,245.0,underway
V020,2026-09-11T07:00:00+00:00,19.35439,87.48673,14.8,225.7,underway
V020,2026-09-11T07:20:00+00:00,19.32391,87.43383,16.0,30.5,underway
V020,2026-09-11T07:40:00+00:00,19.37711,87.48197,12.6,40.7,underway
V020,2026-09-11T08:00:00+00:00,19.44933,87.53616,15.9,35.5,underway
V020,2026-09-11T08:20:00+00:00,19.52482,87.58643,16.0,32.3,underway
V020,2026-09-11T08:40:00+00:00,19.53598,87.57908,15.1,215.6,underway
V020,2026-09-11T09:00:00+00:00,19.47288,87.52676,14.4,218.2,underway
V020,2026-09-11T09:20:00+00:00,19.42888,87.4523,14.9,238.1,underway
V020,2026-09-11T09:40:00+00:00,19.36977,87.39091,14.9,224.6,underway
V020,2026-09-11T10:00:00+00:00,19.36929,87.38623,15.3,59.8,underway
V020,2026-09-11T10:20:00+00:00,19.38497,87.45678,12.3,76.8,underway
V020,2026-09-11T10:40:00+00:00,19.41115,87.52783,13.0,68.8,underway
V020,2026-09-11T11:00:00+00:00,19.45473,87.59429,13.7,55.4,underway
V020,2026-09-11T11:20:00+00:00,19.46768,87.62972,13.9,254.1,underway
V020,2026-09-11T11:40:00+00:00,19.44291,87.54494,15.1,252.9,underway
V020,2026-09-11T12:00:00+00:00,19.3949,87.47061,15.3,235.8,underway
V020,2026-09-11T12:20:00+00:00,19.34977,87.40913,13.2,232.3,underway
V020,2026-09-11T12:40:00+00:00,19.3444,87.40622,16.0,45.6,underway
V020,2026-09-11T13:00:00+00:00,19.40598,87.46682,15.1,43.1,underway
V020,2026-09-11T13:20:00+00:00,19.46023,87.53856,15.6,51.5,underway
V020,2026-09-11T13:40:00+00:00,19.49533,87.60083,12.3,59.3,underway
V020,2026-09-11T14:00:00+00:00,19.50078,87.61412,14.1,237.7,underway
V020,2026-09-11T14:20:00+00:00,19.46922,87.5466,12.8,243.8,underway
V020,2026-09-11T14:40:00+00:00,19.45267,87.47013,13.3,257.2,underway
V020,2026-09-11T15:00:00+00:00,19.43673,87.39891,12.4,256.7,underway
V020,2026-09-11T15:20:00+00:00,19.43767,87.36818,13.9,92.1,underway
V020,2026-09-11T15:40:00+00:00,19.40966,87.44539,14.1,110.9,underway
V021,2026-09-09T04:00:00+00:00,19.96285,87.52673,11.1,170.1,underway
V021,2026-09-09T04:20:00+00:00,19.90189,87.54423,11.3,164.8,underway
V021,2026-09-09T04:40:00+00:00,19.89883,87.53783,12.0,350.4,underway
V021,2026-09-09T05:00:00+00:00,19.97024,87.52027,13.1,346.9,underway
V021,2026-09-09T05:20:00+00:00,20.03338,87.51995,11.3,359.7,underway
V021,2026-09-09T05:40:00+00:00,20.10934,87.54662,14.3,18.4,underway
V021,2026-09-09T06:00:00+00:00,20.14652,87.54796,12.0,194.0,underway
V021,2026-09-09T06:20:00+00:00,20.07412,87.54898,13.0,179.2,underway
V021,2026-09-09T06:40:00+00:00,20.00278,87.54556,12.8,182.6,underway
V021,2026-09-09T07:00:00+00:00,19.93248,87.56655,13.1,164.2,underway
V021,2026-09-09T07:20:00+00:00,19.90328,87.55701,11.7,342.0,underway
V021,2026-09-09T07:40:00+00:00,19.97793,87.54247,13.6,349.6,underway
V021,2026-09-09T08:00:00+00:00,20.05254,87.50616,14.7,335.3,underway
V021,2026-09-09T08:20:00+00:00,20.12656,87.47433,14.3,337.9,underway
V021,2026-09-09T08:40:00+00:00,20.13912,87.46059,12.4,155.8,underway
V021,2026-09-09T09:00:00+00:00,20.07713,87.49066,12.2,155.4,underway
V021,2026-09-09T09:20:00+00:00,20.01858,87.51881,11.5,155.5,underway
V021,2026-09-09T09:40:00+00:00,19.9591,87.54654,11.6,156.2,underway
V021,2026-09-09T10:00:00+00:00,19.90838,87.57089,11.4,335.6,underway
V021,2026-09-09T10:20:00+00:00,19.97806,87.55155,12.9,345.3,underway
V021,2026-09-09T10:40:00+00:00,20.04824,87.55568,12.6,3.2,underway
V021,2026-09-09T11:00:00+00:00,20.12624,87.58219,14.7,17.8,underway
V021,2026-09-09T11:20:00+00:00,20.13711,87.57502,13.5,206.4,underway
V021,2026-09-09T11:40:00+00:00,20.07828,87.55647,11.0,196.6,underway
V021,2026-09-09T12:00:00+00:00,20.0231,87.52644,11.1,207.2,underway
V021,2026-09-09T12:20:00+00:00,19.96531,87.4954,11.6,206.9,underway
V021,2026-09-09T12:40:00+00:00,19.90059,87.48416,14.2,13.6,underway
V021,2026-09-09T13:00:00+00:00,19.9786,87.4962,14.1,8.3,underway
V021,2026-09-09T13:20:00+00:00,20.03546,87.52397,11.2,24.8,underway
V021,2026-09-09T13:40:00+00:00,20.09488,87.57305,13.5,38.0,underway
V021,2026-09-09T14:00:00+00:00,20.1306,87.58724,12.7,212.4,underway
V021,2026-09-09T14:20:00+00:00,20.07847,87.54651,11.6,216.5,underway
V021,2026-09-09T14:40:00+00:00,20.02511,87.51763,10.7,207.1,underway
V021,2026-09-09T15:00:00+00:00,19.9552,87.48624,13.6,203.0,underway
V021,2026-09-09T15:20:00+00:00,19.91061,87.45532,11.7,26.7,underway
V021,2026-09-09T15:40:00+00:00,19.96078,87.50091,11.9,40.7,underway
V021,2026-09-09T16:00:00+00:00,20.02092,87.53046,11.9,24.9,underway
V021,2026-09-09T16:20:00+00:00,20.07173,87.574,11.7,39.0,underway
V021,2026-09-09T16:40:00+00:00,20.11059,87.61289,14.4,226.6,underway
V021,2026-09-09T17:00:00+00:00,20.06573,87.55124,13.2,232.4,underway
V021,2026-09-09T17:20:00+00:00,20.03667,87.47119,14.5,249.0,underway
V021,2026-09-09T17:40:00+00:00,20.00169,87.41962,10.8,234.4,underway
V021,2026-09-09T18:00:00+00:00,19.96264,87.39829,13.9,61.2,underway
V021,2026-09-09T18:20:00+00:00,20.00063,87.45558,11.9,55.0,underway
V021,2026-09-09T18:40:00+00:00,20.01927,87.51694,10.9,72.2,underway
V021,2026-09-09T19:00:00+00:00,20.04905,87.58411,12.6,64.9,underway
V021,2026-09-09T19:20:00+00:00,20.08392,87.63329,11.7,241.6,underway
V021,2026-09-09T19:40:00+00:00,20.03208,87.57278,13.8,227.8,underway
V021,2026-09-09T20:00:00+00:00,20.00356,87.51417,11.2,242.8,underway
V021,2026-09-09T20:20:00+00:00,19.95407,87.44564,14.6,232.6,underway
V021,2026-09-09T20:40:00+00:00,19.93037,87.42508,14.2,42.5,underway
V021,2026-09-09T21:00:00+00:00,19.98869,87.45956,12.0,29.2,underway
V021,2026-09-09T21:20:00+00:00,20.05192,87.48678,12.2,22.2,underway
V021,2026-09-09T21:40:00+00:00,20.1143,87.49773,11.3,9.4,underway
V021,2026-09-09T22:00:00+00:00,20.14967,87.52875,12.3,185.7,underway
V021,2026-09-09T22:20:00+00:00,20.08199,87.50749,12.6,196.5,underway
V021,2026-09-09T22:40:00+00:00,20.02033,87.50845,11.0,179.2,underway
V021,2026-09-09T23:00:00+00:00,19.96039,87.48666,11.4,199.0,underway
V021,2026-09-09T23:20:00+00:00,19.90972,87.45721,11.1,25.8,underway
V021,2026-09-09T23:40:00+00:00,19.9744,87.47586,12.0,15.3,underway
V021,2026-09-10T00:00:00+00:00,20.04616,87.50553,13.8,21.4,underway
V021,2026-09-10T00:20:00+00:00,20.10093,87.55403,12.8,40.0,underway
V021,2026-09-10T00:40:00+00:00,20.1388,87.57126,13.5,204.6,underway
V021,2026-09-10T01:00:00+00:00,20.08906,87.53107,11.2,217.4,underway
V021,2026-09-10T01:20:00+00:00,20.03339,87.48554,12.6,217.7,underway
V021,2026-09-10T01:40:00+00:00,19.98044,87.42428,14.1,227.6,underway
V021,2026-09-10T02:00:00+00:00,19.94284,87.41254,12.0,50.3,underway
V021,2026-09-10T02:20:00+00:00,20.0,87.45293,12.3,33.8,underway
V021,2026-09-10T02:40:00+00:00,20.05784,87.48444,11.7,27.3,underway
V021,2026-09-10T03:00:00+00:00,20.11971,87.52383,12.9,31.1,underway
V021,2026-09-10T03:20:00+00:00,20.14904,87.53432,12.0,188.1,underway
V021,2026-09-10T03:40:00+00:00,20.07529,87.53134,13.2,182.2,underway
V021,2026-09-10T04:00:00+00:00,19.99952,87.51092,14.0,194.3,underway
V021,2026-09-10T04:20:00+00:00,19.94452,87.4738,11.7,212.6,underway
V021,2026-09-10T04:40:00+00:00,19.91281,87.4509,11.6,28.9,underway
V021,2026-09-10T05:00:00+00:00,19.96093,87.48865,10.7,36.6,underway
V021,2026-09-10T05:20:00+00:00,20.03232,87.51906,13.8,21.9,underway
V021,2026-09-10T05:40:00+00:00,20.10296,87.5614,14.5,29.6,underway
V021,2026-09-10T06:00:00+00:00,20.14102,87.56582,11.4,202.1,underway
V021,2026-09-10T06:20:00+00:00,20.08258,87.537,11.6,205.0,underway
V021,2026-09-10T06:40:00+00:00,20.03635,87.49347,11.1,221.7,underway
V021,2026-09-10T07:00:00+00:00,19.98307,87.45383,11.7,215.1,underway
V021,2026-09-10T07:20:00+00:00,19.95064,87.40622,14.0,54.8,underway
V021,2026-09-10T07:40:00+00:00,19.99831,87.45164,11.5,42.0,underway
V021,2026-09-10T08:00:00+00:00,20.05369,87.49885,12.7,38.9,underway
V021,2026-09-10T08:20:00+00:00,20.11188,87.52167,11.1,20.4,underway
V021,2026-09-10T08:40:00+00:00,20.14975,87.52787,10.9,185.3,underway
V021,2026-09-10T09:00:00+00:00,20.08572,87.50986,11.9,194.9,underway
V021,2026-09-10T09:20:00+00:00,20.02344,87.4803,12.2,204.2,underway
V021,2026-09-10T09:40:00+00:00,19.9573,87.45465,12.6,200.1,underway
V021,2026-09-10T10:00:00+00:00,19.9064,87.4651,14.4,22.1,underway
V021,2026-09-10T10:20:00+00:00,19.97603,87.47147,12.5,4.9,underway
V021,2026-09-10T10:40:00+00:00,20.04914,87.45398,13.4,347.3,underway
V021,2026-09-10T11:00:00+00:00,20.11537,87.43627,12.2,345.8,underway
V021,2026-09-10T11:20:00+00:00,20.13484,87.4515,12.4,151.4,underway
V021,2026-09-10T11:40:00+00:00,20.08075,87.51176,14.1,133.5,underway
V021,2026-09-10T12:00:00+00:00,20.03693,87.55524,10.8,136.8,underway
V021,2026-09-10T12:20:00+00:00,19.99399,87.62562,14.2,122.8,underway
V021,2026-09-10T12:40:00+00:00,19.98278,87.64224,12.8,288.8,underway
V021,2026-09-10T13:00:00+00:00,20.00826,87.56303,14.2,288.8,underway
V021,2026-09-10T13:20:00+00:00,20.04398,87.50961,11.1,305.3,underway
V021,2026-09-10T13:40:00+00:00,20.06527,87.44723,11.2,289.8,underway
V021,2026-09-10T14:00:00+00:00,20.05993,87.38731,14.2,106.6,underway
V021,2026-09-10T14:20:00+00:00,20.04366,87.46793,14.0,102.0,underway
V021,2026-09-10T14:40:00+00:00,20.04175,87.53891,12.0,91.6,underway
V021,2026-09-10T15:00:00+00:00,20.05661,87.60748,11.9,77.1,underway
V021,2026-09-10T15:20:00+00:00,20.05517,87.64521,12.2,255.6,underway
V021,2026-09-10T15:40:00+00:00,20.02782,87.57375,13.1,248.0,underway
V021,2026-09-10T16:00:00+00:00,20.01003,87.51274,10.8,252.9,underway
V021,2026-09-10T16:20:00+00:00,20.00795,87.44246,11.9,268.2,underway
V021,2026-09-10T16:40:00+00:00,20.01205,87.38227,11.8,84.7,underway
V021,2026-09-10T17:00:00+00:00,20.0278,87.45248,12.2,76.7,underway
V021,2026-09-10T17:20:00+00:00,20.0531,87.5121,11.1,65.8,underway
V021,2026-09-10T17:40:00+00:00,20.08671,87.58576,13.9,64.2,underway
V021,2026-09-10T18:00:00+00:00,20.10912,87.61434,12.8,227.6,underway
V021,2026-09-10T18:20:00+00:00,20.07775,87.55226,11.9,241.9,underway
V021,2026-09-10T18:40:00+00:00,20.05097,87.48306,12.7,247.7,underway
V021,2026-09-10T19:00:00+00:00,20.02165,87.40953,13.5,247.1,underway
V021,2026-09-10T19:20:00+00:00,20.00074,87.38392,10.8,79.6,underway
V021,2026-09-10T19:40:00+00:00,20.01779,87.44531,10.8,73.6,underway
V021,2026-09-10T20:00:00+00:00,20.06331,87.51607,14.5,55.8,underway
V021,2026-09-10T20:20:00+00:00,20.10502,87.5715,12.0,51.5,underway
V021,2026-09-10T20:40:00+00:00,20.10963,87.61384,11.1,227.2,underway
V021,2026-09-10T21:00:00+00:00,20.04604,87.57806,12.9,208.0,underway
V021,2026-09-10T21:20:00+00:00,19.98555,87.55181,11.7,202.3,underway
V021,2026-09-10T21:40:00+00:00,19.9178,87.5408,12.3,188.7,underway
V021,2026-09-10T22:00:00+00:00,19.89785,87.53046,12.2,353.6,underway
V021,2026-09-10T22:20:00+00:00,19.966,87.50089,13.2,337.7,underway
V021,2026-09-10T22:40:00+00:00,20.01792,87.45387,12.2,319.4,underway
V021,2026-09-10T23:00:00+00:00,20.0642,87.41315,10.8,320.2,underway
V021,2026-09-10T23:20:00+00:00,20.083,87.39731,12.1,117.9,underway
V021,2026-09-10T23:40:00+00:00,20.04748,87.45077,11.1,125.1,underway
V021,2026-09-11T00:00:00+00:00,20.00128,87.49776,11.5,136.1,underway
V021,2026-09-11T00:20:00+00:00,19.93037,87.54157,14.7,149.7,underway
V021,2026-09-11T00:40:00+00:00,19.90099,87.54866,14.6,345.7,underway
V021,2026-09-11T01:00:00+00:00,19.96659,87.55428,11.8,4.6,underway
V021,2026-09-11T01:20:00+00:00,20.03009,87.58285,12.4,23.0,underway
V021,2026-09-11T01:40:00+00:00,20.08541,87.61664,11.4,30.0,underway
V021,2026-09-11T02:00:00+00:00,20.10796,87.61544,12.1,228.3,underway
V021,2026-09-11T02:20:00+00:00,20.04028,87.56896,14.5,213.0,underway
V021,2026-09-11T02:40:00+00:00,19.98752,87.50946,13.8,226.9,underway
V021,2026-09-11T03:00:00+00:00,19.92986,87.4496,14.5,224.5,underway
V021,2026-09-11T03:20:00+00:00,19.92567,87.43081,12.0,39.3,underway
V021,2026-09-11T03:40:00+00:00,19.97786,87.49521,14.4,49.4,underway
V021,2026-09-11T04:00:00+00:00,20.00941,87.56794,13.6,65.4,underway
V021,2026-09-11T04:20:00+00:00,20.02145,87.64939,14.1,271.0,underway
V021,2026-09-11T04:40:00+00:00,20.01013,87.58388,11.3,259.6,underway
V021,2026-09-11T05:00:00+00:00,19.97605,87.51045,13.9,243.9,underway
V021,2026-09-11T05:20:00+00:00,19.94953,87.44395,12.2,247.1,underway
V021,2026-09-11T05:40:00+00:00,19.94399,87.41154,14.7,51.0,underway
V021,2026-09-11T06:00:00+00:00,20.00172,87.47017,14.3,43.8,underway
V021,2026-09-11T06:20:00+00:00,20.04631,87.53839,14.0,55.4,underway
V021,2026-09-11T06:40:00+00:00,20.07336,87.59855,11.3,64.6,underway
V021,2026-09-11T07:00:00+00:00,20.08468,87.63285,11.7,241.2,underway
V021,2026-09-11T07:20:00+00:00,20.04585,87.57805,11.6,233.2,underway
V021,2026-09-11T07:40:00+00:00,20.00059,87.50789,14.4,235.7,underway
V021,2026-09-11T08:00:00+00:00,19.95251,87.45144,12.9,228.0,underway
V021,2026-09-11T08:20:00+00:00,19.92382,87.43327,11.9,37.9,underway
V021,2026-09-11T08:40:00+00:00,19.98141,87.47202,12.2,32.5,underway
V021,2026-09-11T09:00:00+00:00,20.03299,87.52283,12.6,43.0,underway
V021,2026-09-11T09:20:00+00:00,20.1047,87.55875,14.2,25.4,underway
V021,2026-09-11T09:40:00+00:00,20.13504,87.57923,11.1,208.4,underway
V021,2026-09-11T10:00:00+00:00,20.07333,87.56512,11.3,192.2,underway
V021,2026-09-11T10:20:00+00:00,20.01661,87.52748,12.0,212.1,underway
V021,2026-09-11T10:40:00+00:00,19.96682,87.45989,14.5,232.1,underway
V021,2026-09-11T11:00:00+00:00,19.93576,87.41923,13.9,46.0,underway
V021,2026-09-11T11:20:00+00:00,19.99591,87.46268,13.0,34.3,underway
V021,2026-09-11T11:40:00+00:00,20.06306,87.48477,12.6,17.3,underway
V021,2026-09-11T12:00:00+00:00,20.12377,87.51308,11.9,23.8,underway
V021,2026-09-11T12:20:00+00:00,20.15012,87.52238,14.0,182.9,underway
V021,2026-09-11T12:40:00+00:00,20.08275,87.50153,12.6,196.3,underway
V021,2026-09-11T13:00:00+00:00,20.0018,87.49934,14.5,181.5,underway
V021,2026-09-11T13:20:00+00:00,19.92757,87.48873,13.4,187.7,underway
V021,2026-09-11T13:40:00+00:00,19.89903,87.49206,11.7,10.1,underway
V021,2026-09-11T14:00:00+00:00,19.95943,87.50385,11.0,10.5,underway
V021,2026-09-11T14:20:00+00:00,20.02986,87.5107,12.7,5.3,underway
V021,2026-09-11T14:40:00+00:00,20.0992,87.5042,12.5,354.9,underway
V021,2026-09-11T15:00:00+00:00,20.14667,87.4838,11.3,166.3,underway
V021,2026-09-11T15:20:00+00:00,20.07262,87.47606,13.3,185.6,underway
V021,2026-09-11T15:40:00+00:00,19.99474,87.47975,14.0,177.4,underway
V022,2026-09-09T04:00:00+00:00,19.44436,86.55257,10.6,358.9,underway
V022,2026-09-09T04:20:00+00:00,19.50287,86.56282,10.6,9.4,underway
V022,2026-09-09T04:40:00+00:00,19.51188,86.56044,10.1,182.9,underway
V022,2026-09-09T05:00:00+00:00,19.45538,86.55701,10.1,183.3,underway
V022,2026-09-09T05:20:00+00:00,19.40877,86.56979,8.6,165.4,underway
V022,2026-09-09T05:40:00+00:00,19.36674,86.59405,8.6,151.3,underway
V022,2026-09-09T06:00:00+00:00,19.30613,86.61972,11.7,158.1,underway
V022,2026-09-09T06:20:00+00:00,19.27493,86.61886,8.6,330.8,underway
V022,2026-09-09T06:40:00+00:00,19.31516,86.57128,10.8,311.7,underway
V022,2026-09-09T07:00:00+00:00,19.35639,86.53434,9.7,319.6,underway
V022,2026-09-09T07:20:00+00:00,19.39759,86.50254,9.1,323.8,underway
V022,2026-09-09T07:40:00+00:00,19.43003,86.45835,9.5,307.7,underway
V022,2026-09-09T08:00:00+00:00,19.44969,86.43889,8.8,120.5,underway
V022,2026-09-09T08:20:00+00:00,19.42446,86.48673,9.3,119.1,underway
V022,2026-09-09T08:40:00+00:00,19.37628,86.53367,11.8,137.2,underway
V022,2026-09-09T09:00:00+00:00,19.32105,86.56478,11.2,151.9,underway
V022,2026-09-09T09:20:00+00:00,19.27357,86.58715,9.3,155.9,underway
V022,2026-09-09T09:40:00+00:00,19.26383,86.5909,11.1,343.8,underway
V022,2026-09-09T10:00:00+00:00,19.32458,86.5574,12.3,332.4,underway
V022,2026-09-09T10:20:00+00:00,19.36935,86.52411,9.8,324.8,underway
V022,2026-09-09T10:40:00+00:00,19.41942,86.50093,9.8,336.3,underway
V022,2026-09-09T11:00:00+00:00,19.46699,86.48077,9.2,338.1,underway
V022,2026-09-09T11:20:00+00:00,19.49527,86.48745,10.6,150.2,underway
V022,2026-09-09T11:40:00+00:00,19.43957,86.50959,10.7,159.3,underway
V022,2026-09-09T12:00:00+00:00,19.39218,86.52873,9.1,159.0,underway
V022,2026-09-09T12:20:00+00:00,19.33575,86.54156,10.3,167.8,underway
V022,2026-09-09T12:40:00+00:00,19.28931,86.53494,8.4,187.7,underway
V022,2026-09-09T13:00:00+00:00,19.26098,86.5292,9.2,10.6,underway
V022,2026-09-09T13:20:00+00:00,19.3189,86.53278,10.4,3.4,underway
V022,2026-09-09T13:40:00+00:00,19.36825,86.53649,8.9,4.1,underway
V022,2026-09-09T14:00:00+00:00,19.42015,86.55502,9.8,18.7,underway
V022,2026-09-09T14:20:00+00:00,19.46034,86.58558,8.9,35.8,underway
V022,2026-09-09T14:40:00+00:00,19.50012,86.61022,9.1,205.1,underway
V022,2026-09-09T15:00:00+00:00,19.43968,86.58224,11.8,203.7,underway
V022,2026-09-09T15:20:00+00:00,19.39233,86.53657,11.5,222.5,underway
V022,2026-09-09T15:40:00+00:00,19.34554,86.48766,11.8,224.8,underway
V022,2026-09-09T16:00:00+00:00,19.2952,86.46022,10.3,44.6,underway
V022,2026-09-09T16:20:00+00:00,19.32499,86.50383,9.1,54.3,underway
V022,2026-09-09T16:40:00+00:00,19.35982,86.55342,10.5,53.5,underway
V022,2026-09-09T17:00:00+00:00,19.40606,86.58831,10.2,35.6,underway
V022,2026-09-09T17:20:00+00:00,19.44829,86.63241,10.7,44.8,underway
V022,2026-09-09T17:40:00+00:00,19.47887,86.64372,12.3,222.4,underway
V022,2026-09-09T18:00:00+00:00,19.44048,86.6132,8.6,217.1,underway
V022,2026-09-09T18:20:00+00:00,19.38056,86.58314,11.9,205.5,underway
V022,2026-09-09T18:40:00+00:00,19.32297,86.55176,11.6,207.4,underway
V022,2026-09-09T19:00:00+00:00,19.26973,86.52007,11.0,209.5,underway
V022,2026-09-09T19:20:00+00:00,19.26915,86.50099,12.3,23.3,underway
V022,2026-09-09T19:40:00+00:00,19.32635,86.5133,10.5,11.5,underway
V022,2026-09-09T20:00:00+00:00,19.38175,86.50815,10.0,355.0,underway
V022,2026-09-09T20:20:00+00:00,19.43287,86.48496,10.0,336.7,underway
V022,2026-09-09T20:40:00+00:00,19.49148,86.48093,11.8,146.9,underway
V022,2026-09-09T21:00:00+00:00,19.42947,86.51128,12.2,155.1,underway
V022,2026-09-09T21:20:00+00:00,19.36902,86.5382,11.8,157.1,underway
V022,2026-09-09T21:40:00+00:00,19.32388,86.55821,8.8,157.2,underway
V022,2026-09-09T22:00:00+00:00,19.26695,86.58529,11.2,155.7,underway
V022,2026-09-09T22:20:00+00:00,19.26649,86.59948,11.5,339.9,underway
V022,2026-09-09T22:40:00+00:00,19.31415,86.59428,8.6,354.1,underway
V022,2026-09-09T23:00:00+00:00,19.37615,86.58814,11.2,354.6,underway
V022,2026-09-09T23:20:00+00:00,19.44296,86.59537,12.0,5.9,underway
V022,2026-09-09T23:40:00+00:00,19.49693,86.589,9.7,353.6,underway
V022,2026-09-10T00:00:00+00:00,19.51127,86.56843,11.6,186.3,underway
V022,2026-09-10T00:20:00+00:00,19.44419,86.57638,12.1,173.6,underway
V022,2026-09-10T00:40:00+00:00,19.39367,86.56669,9.2,190.3,underway
V022,2026-09-10T01:00:00+00:00,19.34547,86.5561,8.8,191.8,underway
V022,2026-09-10T01:20:00+00:00,19.29448,86.52802,10.3,207.6,underway
V022,2026-09-10T01:40:00+00:00,19.26768,86.50473,9.7,21.6,underway
V022,2026-09-10T02:00:00+00:00,19.32627,86.51619,10.7,10.5,underway
V022,2026-09-10T02:20:00+00:00,19.38638,86.52138,10.8,4.7,underway
V022,2026-09-10T02:40:00+00:00,19.43765,86.54502,10.0,23.6,underway
V022,2026-09-10T03:00:00+00:00,19.49288,86.56112,10.3,15.5,underway
V022,2026-09-10T03:20:00+00:00,19.51139,86.56718,10.8,185.8,underway
V022,2026-09-10T03:40:00+00:00,19.45231,86.54301,11.4,201.2,underway
V022,2026-09-10T04:00:00+00:00,19.38807,86.53037,11.7,190.6,underway
V022,2026-09-10T04:20:00+00:00,19.32788,86.50403,11.7,202.6,underway
V022,2026-09-10T04:40:00+00:00,19.27697,86.48497,11.1,31.1,underway
V022,2026-09-10T05:00:00+00:00,19.3249,86.52871,11.4,40.9,underway
V022,2026-09-10T05:20:00+00:00,19.36883,86.54956,8.6,24.3,underway
V022,2026-09-10T05:40:00+00:00,19.42904,86.57778,11.8,24.0,underway
V022,2026-09-10T06:00:00+00:00,19.47735,86.61289,10.5,34.6,underway
V022,2026-09-10T06:20:00+00:00,19.48753,86.63259,11.7,216.2,underway
V022,2026-09-10T06:40:00+00:00,19.43251,86.59161,12.1,215.3,underway
V022,2026-09-10T07:00:00+00:00,19.3872,86.57429,8.6,200.0,underway
V022,2026-09-10T07:20:00+00:00,19.34109,86.56042,8.6,195.9,underway
V022,2026-09-10T07:40:00+00:00,19.29578,86.53048,9.6,212.1,underway
V022,2026-09-10T08:00:00+00:00,19.27571,86.4872,12.3,29.9,underway
V022,2026-09-10T08:20:00+00:00,19.34038,86.50017,11.8,10.8,underway
V022,2026-09-10T08:40:00+00:00,19.40622,86.4921,11.9,353.4,underway
V022,2026-09-10T09:00:00+00:00,19.4587,86.47506,9.8,342.9,underway
V022,2026-09-10T09:20:00+00:00,19.49576,86.48836,10.2,150.6,underway
V022,2026-09-10T09:40:00+00:00,19.45445,86.52853,10.1,137.3,underway
V022,2026-09-10T10:00:00+00:00,19.40976,86.55405,9.1,151.5,underway
V022,2026-09-10T10:20:00+00:00,19.3656,86.5848,9.5,146.5,underway
V022,2026-09-10T10:40:00+00:00,19.32625,86.62306,9.6,137.3,underway
V022,2026-09-10T11:00:00+00:00,19.307,86.65842,10.7,308.3,underway
V022,2026-09-10T11:20:00+00:00,19.34769,86.61554,10.3,315.0,underway
V022,2026-09-10T11:40:00+00:00,19.37652,86.56893,9.5,303.1,underway
V022,2026-09-10T12:00:00+00:00,19.40649,86.51474,10.7,300.2,underway
V022,2026-09-10T12:20:00+00:00,19.44908,86.463,11.6,310.9,underway
V022,2026-09-10T12:40:00+00:00,19.46627,86.45115,8.5,129.7,underway
V022,2026-09-10T13:00:00+00:00,19.44117,86.51447,11.7,112.7,underway
V022,2026-09-10T13:20:00+00:00,19.43132,86.58079,11.4,98.9,underway
V022,2026-09-10T13:40:00+00:00,19.43901,86.63285,9.0,81.2,underway
V022,2026-09-10T14:00:00+00:00,19.42405,86.68072,11.4,252.2,underway
V022,2026-09-10T14:20:00+00:00,19.41292,86.62405,9.8,258.3,underway
V022,2026-09-10T14:40:00+00:00,19.40305,86.57149,9.1,258.8,underway
V022,2026-09-10T15:00:00+00:00,19.37795,86.52426,9.2,240.8,underway
V022,2026-09-10T15:20:00+00:00,19.3379,86.48014,10.4,226.3,underway
V022,2026-09-10T15:40:00+00:00,19.32169,86.43856,10.5,59.8,underway
V022,2026-09-10T16:00:00+00:00,19.3557,86.48807,10.4,54.1,underway
V022,2026-09-10T16:20:00+00:00,19.40246,86.54072,12.3,46.9,underway
V022,2026-09-10T16:40:00+00:00,19.42959,86.58163,8.5,55.1,underway
V022,2026-09-10T17:00:00+00:00,19.45654,86.63673,10.5,62.7,underway
V022,2026-09-10T17:20:00+00:00,19.46384,86.65843,11.2,231.7,underway
V022,2026-09-10T17:40:00+00:00,19.44509,86.61241,8.5,246.8,underway
V022,2026-09-10T18:00:00+00:00,19.43884,86.54554,11.4,264.4,underway
V022,2026-09-10T18:20:00+00:00,19.4396,86.47861,11.4,270.7,underway
V022,2026-09-10T18:40:00+00:00,19.44971,86.4389,8.6,120.5,underway
V022,2026-09-10T19:00:00+00:00,19.41427,86.48806,10.5,127.2,underway
V022,2026-09-10T19:20:00+00:00,19.38906,86.55193,11.8,112.6,underway
V022,2026-09-10T19:40:00+00:00,19.35025,86.59709,10.4,132.1,underway
V022,2026-09-10T20:00:00+00:00,19.31042,86.65138,11.7,127.7,underway
V022,2026-09-10T20:20:00+00:00,19.31375,86.66366,12.2,304.5,underway
V022,2026-09-10T20:40:00+00:00,19.33296,86.60484,10.6,289.0,underway
V022,2026-09-10T21:00:00+00:00,19.34724,86.55384,9.0,286.4,underway
V022,2026-09-10T21:20:00+00:00,19.36147,86.48793,11.5,282.8,underway
V022,2026-09-10T21:40:00+00:00,19.39319,86.42402,12.3,297.6,underway
V022,2026-09-10T22:00:00+00:00,19.40314,86.42175,12.1,98.0,underway
V022,2026-09-10T22:20:00+00:00,19.41055,86.47304,8.8,81.4,underway
V022,2026-09-10T22:40:00+00:00,19.40734,86.53576,10.7,93.1,underway
V022,2026-09-10T23:00:00+00:00,19.40598,86.58576,8.5,91.6,underway
V022,2026-09-10T23:20:00+00:00,19.40612,86.64396,9.9,89.9,underway
V022,2026-09-10T23:40:00+00:00,19.40541,86.68541,8.7,260.9,underway
V022,2026-09-11T00:00:00+00:00,19.39305,86.62423,10.6,258.0,underway
V022,2026-09-11T00:20:00+00:00,19.38215,86.57552,8.5,256.7,underway
V022,2026-09-11T00:40:00+00:00,19.36383,86.51788,10.3,251.5,underway
V022,2026-09-11T01:00:00+00:00,19.34853,86.45793,10.6,255.0,underway
V022,2026-09-11T01:20:00+00:00,19.33527,86.43134,10.3,66.7,underway
V022,2026-09-11T01:40:00+00:00,19.36742,86.47051,8.8,49.2,underway
V022,2026-09-11T02:00:00+00:00,19.41526,86.5058,10.5,35.0,underway
V022,2026-09-11T02:20:00+00:00,19.47054,86.52208,10.3,15.6,underway
V022,2026-09-11T02:40:00+00:00,19.51177,86.54507,10.7,176.3,underway
V022,2026-09-11T03:00:00+00:00,19.46017,86.53201,9.5,193.5,underway
V022,2026-09-11T03:20:00+00:00,19.39605,86.51911,11.7,190.8,underway
V022,2026-09-11T03:40:00+00:00,19.34657,86.50451,9.2,195.7,underway
V022,2026-09-11T04:00:00+00:00,19.30391,86.47334,9.3,214.8,underway
V022,2026-09-11T04:20:00+00:00,19.29089,86.46506,10.5,41.7,underway
V022,2026-09-11T04:40:00+00:00,19.33318,86.48756,8.5,26.8,underway
V022,2026-09-11T05:00:00+00:00,19.37511,86.51346,8.7,30.4,underway
V022,2026-09-11T05:20:00+00:00,19.43255,86.54213,11.4,25.4,underway
V022,2026-09-11T05:40:00+00:00,19.47995,86.5877,11.5,42.4,underway
V022,2026-09-11T06:00:00+00:00,19.50405,86.60034,9.8,200.5,underway
V022,2026-09-11T06:20:00+00:00,19.46151,86.57469,8.8,209.8,underway
V022,2026-09-11T06:40:00+00:00,19.41611,86.55088,9.1,206.5,underway
V022,2026-09-11T07:00:00+00:00,19.35547,86.53515,11.2,193.8,underway
V022,2026-09-11T07:20:00+00:00,19.30433,86.51002,10.1,205.0,underway
V022,2026-09-11T07:40:00+00:00,19.2738,86.49084,8.7,28.2,underway
V022,2026-09-11T08:00:00+00:00,19.32245,86.51754,9.8,27.5,underway
V022,2026-09-11T08:20:00+00:00,19.37195,86.55004,10.4,31.9,underway
V022,2026-09-11T08:40:00+00:00,19.41797,86.59384,11.1,42.1,underway
V022,2026-09-11T09:00:00+00:00,19.45583,86.63533,9.8,46.1,underway
V022,2026-09-11T09:20:00+00:00,19.47214,86.6509,9.1,226.8,underway
V022,2026-09-11T09:40:00+00:00,19.42407,86.61858,10.2,212.6,underway
V022,2026-09-11T10:00:00+00:00,19.36782,86.59603,10.8,200.8,underway
V022,2026-09-11T10:20:00+00:00,19.32803,86.56086,9.3,220.0,underway
V022,2026-09-11T10:40:00+00:00,19.2758,86.52,11.7,216.6,underway
V022,2026-09-11T11:00:00+00:00,19.26815,86.5035,8.4,22.1,underway
V022,2026-09-11T11:20:00+00:00,19.33101,86.52515,11.8,18.1,underway
V022,2026-09-11T11:40:00+00:00,19.38599,86.54122,10.2,15.5,underway
V022,2026-09-11T12:00:00+00:00,19.44089,86.57436,11.3,29.8,underway
V022,2026-09-11T12:20:00+00:00,19.47983,86.60958,9.2,40.7,underway
V022,2026-09-11T12:40:00+00:00,19.49363,86.62299,11.5,211.3,underway
V022,2026-09-11T13:00:00+00:00,19.44731,86.60244,9.0,202.8,underway
V022,2026-09-11T13:20:00+00:00,19.4101,86.56951,8.7,220.0,underway
V022,2026-09-11T13:40:00+00:00,19.35456,86.52963,12.0,214.3,underway
V022,2026-09-11T14:00:00+00:00,19.30722,86.51352,8.9,197.9,underway
V022,2026-09-11T14:20:00+00:00,19.27104,86.4966,12.0,25.4,underway
V022,2026-09-11T14:40:00+00:00,19.3293,86.51694,11.0,18.3,underway
V022,2026-09-11T15:00:00+00:00,19.39779,86.52436,12.3,5.9,underway
V022,2026-09-11T15:20:00+00:00,19.46232,86.53417,11.7,8.2,underway
V022,2026-09-11T15:40:00+00:00,19.50976,86.5286,11.0,169.1,underway
V023,2026-09-09T04:00:00+00:00,19.71433,87.1158,15.4,162.3,underway
V023,2026-09-09T04:20:00+00:00,19.68049,87.14252,14.9,336.0,underway
V023,2026-09-09T04:40:00+00:00,19.74983,87.11173,13.5,337.2,underway
V023,2026-09-09T05:00:00+00:00,19.81367,87.05635,14.8,320.6,underway
V023,2026-09-09T05:20:00+00:00,19.86011,86.99039,13.9,306.6,underway
V023,2026-09-09T05:40:00+00:00,19.85442,86.96957,15.7,117.4,underway
V023,2026-09-09T06:00:00+00:00,19.8068,87.03402,13.9,128.0,underway
V023,2026-09-09T06:20:00+00:00,19.75314,87.07548,11.9,143.8,underway
V023,2026-09-09T06:40:00+00:00,19.69785,87.11645,12.1,144.9,underway
V023,2026-09-09T07:00:00+00:00,19.67602,87.1303,12.9,341.7,underway
V023,2026-09-09T07:20:00+00:00,19.74279,87.08035,14.7,324.7,underway
V023,2026-09-09T07:40:00+00:00,19.79285,87.01901,13.7,310.7,underway
V023,2026-09-09T08:00:00+00:00,19.84561,86.97668,11.9,322.8,underway
V023,2026-09-09T08:20:00+00:00,19.87789,86.98614,14.7,130.2,underway
V023,2026-09-09T08:40:00+00:00,19.8162,87.05001,15.5,135.6,underway
V023,2026-09-09T09:00:00+00:00,19.7538,87.1094,15.0,138.0,underway
V023,2026-09-09T09:20:00+00:00,19.71683,87.16923,12.1,123.1,underway
V023,2026-09-09T09:40:00+00:00,19.7081,87.18426,12.1,314.1,underway
V023,2026-09-09T10:00:00+00:00,19.74604,87.11976,12.9,301.8,underway
V023,2026-09-09T10:20:00+00:00,19.79125,87.06229,12.7,309.7,underway
V023,2026-09-09T10:40:00+00:00,19.83252,86.99327,13.8,302.3,underway
V023,2026-09-09T11:00:00+00:00,19.83949,86.96265,13.6,110.0,underway
V023,2026-09-09T11:20:00+00:00,19.83302,87.05048,14.9,94.5,underway
V023,2026-09-09T11:40:00+00:00,19.82724,87.12162,12.1,94.9,underway
V023,2026-09-09T12:00:00+00:00,19.82174,87.19261,12.1,94.7,underway
V023,2026-09-09T12:20:00+00:00,19.81971,87.2196,14.5,259.3,underway
V023,2026-09-09T12:40:00+00:00,19.79042,87.15148,12.7,245.6,underway
V023,2026-09-09T13:00:00+00:00,19.7382,87.08456,14.7,230.5,underway
V023,2026-09-09T13:20:00+00:00,19.69023,87.03586,11.9,223.9,underway
V023,2026-09-09T13:40:00+00:00,19.6821,87.03034,13.3,25.7,underway
V023,2026-09-09T14:00:00+00:00,19.73618,87.08383,13.3,43.1,underway
V023,2026-09-09T14:20:00+00:00,19.79361,87.1304,13.0,37.5,underway
V023,2026-09-09T14:40:00+00:00,19.86857,87.17912,15.8,31.6,underway
V023,2026-09-09T15:00:00+00:00,19.87869,87.18967,15.6,229.3,underway
V023,2026-09-09T15:20:00+00:00,19.82617,87.11596,15.6,233.0,underway
V023,2026-09-09T15:40:00+00:00,19.77466,87.06431,12.7,223.5,underway
V023,2026-09-09T16:00:00+00:00,19.72755,86.99019,15.1,236.1,underway
V023,2026-09-09T16:20:00+00:00,19.71268,86.98781,15.1,48.7,underway
V023,2026-09-09T16:40:00+00:00,19.76512,87.03328,12.2,39.4,underway
V023,2026-09-09T17:00:00+00:00,19.83811,87.0608,13.9,19.7,underway
V023,2026-09-09T17:20:00+00:00,19.91535,87.09373,14.9,22.0,underway
V023,2026-09-09T17:40:00+00:00,19.91744,87.1268,12.4,196.8,underway
V023,2026-09-09T18:00:00+00:00,19.8491,87.07963,14.6,213.2,underway
V023,2026-09-09T18:20:00+00:00,19.79051,87.03991,12.5,212.7,underway
V023,2026-09-09T18:40:00+00:00,19.72233,86.99605,14.3,211.4,underway
V023,2026-09-09T19:00:00+00:00,19.7093,86.99106,11.8,46.7,underway
V023,2026-09-09T19:20:00+00:00,19.73933,87.06011,12.9,65.3,underway
V023,2026-09-09T19:40:00+00:00,19.76133,87.14973,15.7,75.5,underway
V023,2026-09-09T20:00:00+00:00,19.77263,87.21959,15.2,280.7,underway
V023,2026-09-09T20:20:00+00:00,19.8009,87.13219,15.7,288.9,underway
V023,2026-09-09T20:40:00+00:00,19.82609,87.04867,14.9,287.7,underway
V023,2026-09-09T21:00:00+00:00,19.85031,86.96992,14.0,288.0,underway
V023,2026-09-09T21:20:00+00:00,19.84403,86.9645,12.5,112.2,underway
V023,2026-09-09T21:40:00+00:00,19.81809,87.03193,12.3,112.1,underway
V023,2026-09-09T22:00:00+00:00,19.80307,87.10249,12.3,102.7,underway
V023,2026-09-09T22:20:00+00:00,19.79309,87.17189,11.9,98.6,underway
V023,2026-09-09T22:40:00+00:00,19.7719,87.21944,12.8,281.1,underway
V023,2026-09-09T23:00:00+00:00,19.76146,87.13775,14.0,262.3,underway
V023,2026-09-09T23:20:00+00:00,19.73601,87.06346,13.4,250.1,underway
V023,2026-09-09T23:40:00+00:00,19.73302,86.97243,15.5,60.1,underway
V023,2026-09-10T00:00:00+00:00,19.74758,87.04822,13.1,78.5,underway
V023,2026-09-10T00:20:00+00:00,19.78016,87.12278,13.9,65.2,underway
V023,2026-09-10T00:40:00+00:00,19.78857,87.20657,14.3,83.9,underway
V023,2026-09-10T01:00:00+00:00,19.79595,87.22192,14.0,270.1,underway
V023,2026-09-10T01:20:00+00:00,19.82004,87.14462,13.8,288.2,underway
V023,2026-09-10T01:40:00+00:00,19.82587,87.06715,13.2,274.5,underway
V023,2026-09-10T02:00:00+00:00,19.82063,86.99585,12.1,265.6,underway
V023,2026-09-10T02:20:00+00:00,19.81664,86.95635,12.5,99.3,underway
V023,2026-09-10T02:40:00+00:00,19.80158,87.04627,15.5,100.0,underway
V023,2026-09-10T03:00:00+00:00,19.7991,87.12623,13.6,91.9,underway
V023,2026-09-10T03:20:00+00:00,19.80395,87.19718,12.1,85.9,underway
V023,2026-09-10T03:40:00+00:00,19.81352,87.22067,13.6,262.1,underway
V023,2026-09-10T04:00:00+00:00,19.78646,87.14946,13.0,248.1,underway
V023,2026-09-10T04:20:00+00:00,19.76322,87.07395,13.5,252.0,underway
V023,2026-09-10T04:40:00+00:00,19.72111,87.00523,13.9,237.1,underway
V023,2026-09-10T05:00:00+00:00,19.71437,86.98627,13.9,49.7,underway
V023,2026-09-10T05:20:00+00:00,19.76313,87.06355,15.8,56.3,underway
V023,2026-09-10T05:40:00+00:00,19.80557,87.11727,11.9,50.2,underway
V023,2026-09-10T06:00:00+00:00,19.87399,87.16537,14.7,33.7,underway
V023,2026-09-10T06:20:00+00:00,19.89576,87.17084,12.1,218.2,underway
V023,2026-09-10T06:40:00+00:00,19.84581,87.1069,14.1,230.5,underway
V023,2026-09-10T07:00:00+00:00,19.79922,87.03362,15.0,236.1,underway
V023,2026-09-10T07:20:00+00:00,19.7671,86.95818,14.7,76.7,underway
V023,2026-09-10T07:40:00+00:00,19.76696,87.04915,15.4,90.1,underway
V023,2026-09-10T08:00:00+00:00,19.75633,87.11893,12.0,99.1,underway
V023,2026-09-10T08:20:00+00:00,19.76558,87.19375,12.8,82.6,underway
V023,2026-09-10T08:40:00+00:00,19.76795,87.21855,12.7,282.9,underway
V023,2026-09-10T09:00:00+00:00,19.80668,87.13987,15.0,297.5,underway
V023,2026-09-10T09:20:00+00:00,19.83626,87.07291,12.5,295.0,underway
V023,2026-09-10T09:40:00+00:00,19.84932,86.98268,15.5,278.7,underway
V023,2026-09-10T10:00:00+00:00,19.82536,86.95819,14.1,103.3,underway
V023,2026-09-10T10:20:00+00:00,19.82822,87.04356,14.5,88.0,underway
V023,2026-09-10T10:40:00+00:00,19.84454,87.12922,14.8,78.6,underway
V023,2026-09-10T11:00:00+00:00,19.86324,87.20165,14.8,238.0,underway
V023,2026-09-10T11:20:00+00:00,19.83794,87.1184,14.8,252.2,underway
V023,2026-09-10T11:40:00+00:00,19.82083,87.04981,12.0,255.2,underway
V023,2026-09-10T12:00:00+00:00,19.80299,86.97025,13.9,256.7,underway
V023,2026-09-10T12:20:00+00:00,19.79286,86.95465,13.0,88.5,underway
V023,2026-09-10T12:40:00+00:00,19.76732,87.03545,14.5,108.5,underway
V023,2026-09-10T13:00:00+00:00,19.72007,87.11348,15.7,122.6,underway
V023,2026-09-10T13:20:00+00:00,19.68638,87.15478,14.9,330.2,underway
V023,2026-09-10T13:40:00+00:00,19.74387,87.094,14.6,315.0,underway
V023,2026-09-10T14:00:00+00:00,19.81377,87.05474,14.2,332.0,underway
V023,2026-09-10T14:20:00+00:00,19.8977,87.03982,15.2,350.4,underway
V023,2026-09-10T14:40:00+00:00,19.91376,87.03861,13.3,158.2,underway
V023,2026-09-10T15:00:00+00:00,19.84161,87.05591,13.3,167.2,underway
V023,2026-09-10T15:20:00+00:00,19.77327,87.05844,12.2,178.0,underway
V023,2026-09-10T15:40:00+00:00,19.69655,87.03943,14.1,193.2,underway
V023,2026-09-10T16:00:00+00:00,19.68394,87.02645,13.1,27.5,underway
V023,2026-09-10T16:20:00+00:00,19.766,87.04613,15.1,12.8,underway
V023,2026-09-10T16:40:00+00:00,19.83728,87.07379,13.6,20.2,underway
V023,2026-09-10T17:00:00+00:00,19.92166,87.09189,15.4,11.5,underway
V023,2026-09-10T17:20:00+00:00,19.92175,87.1056,14.0,187.5,underway
V023,2026-09-10T17:40:00+00:00,19.85176,87.12054,12.8,168.6,underway
V023,2026-09-10T18:00:00+00:00,19.78548,87.12452,11.9,176.7,underway
V023,2026-09-10T18:20:00+00:00,19.70887,87.10916,14.0,190.8,underway
V023,2026-09-10T18:40:00+00:00,19.67017,87.10103,13.0,354.5,underway
V023,2026-09-10T19:00:00+00:00,19.75465,87.09246,15.2,354.5,underway
V023,2026-09-10T19:20:00+00:00,19.83896,87.06557,15.8,343.2,underway
V023,2026-09-10T19:40:00+00:00,19.91676,87.04742,15.2,162.2,underway
V023,2026-09-10T20:00:00+00:00,19.83663,87.07043,14.9,164.8,underway
V023,2026-09-10T20:20:00+00:00,19.75931,87.07371,13.9,177.7,underway
V023,2026-09-10T20:40:00+00:00,19.69246,87.05528,12.4,194.6,underway
V023,2026-09-10T21:00:00+00:00,19.67673,87.04402,15.3,19.3,underway
V023,2026-09-10T21:20:00+00:00,19.74177,87.09195,14.2,34.9,underway
V023,2026-09-10T21:40:00+00:00,19.80178,87.14292,13.8,38.8,underway
V023,2026-09-10T22:00:00+00:00,19.87193,87.18279,14.3,28.3,underway
V023,2026-09-10T22:20:00+00:00,19.89933,87.1658,13.4,215.5,underway
V023,2026-09-10T22:40:00+00:00,19.84258,87.12489,12.3,214.3,underway
V023,2026-09-10T23:00:00+00:00,19.78231,87.08976,12.3,208.9,underway
V023,2026-09-10T23:20:00+00:00,19.72095,87.03278,14.6,221.3,underway
V023,2026-09-10T23:40:00+00:00,19.69829,87.00351,13.5,39.3,underway
V023,2026-09-11T00:00:00+00:00,19.75027,87.07154,14.8,51.1,underway
V023,2026-09-11T00:20:00+00:00,19.80654,87.12679,13.8,42.9,underway
V023,2026-09-11T00:40:00+00:00,19.87468,87.18487,15.7,38.9,underway
V023,2026-09-11T01:00:00+00:00,19.88872,87.17951,15.8,223.1,underway
V023,2026-09-11T01:20:00+00:00,19.8336,87.11219,15.1,229.2,underway
V023,2026-09-11T01:40:00+00:00,19.77416,87.0665,13.2,216.1,underway
V023,2026-09-11T02:00:00+00:00,19.70777,87.0059,15.7,220.9,underway
V023,2026-09-11T02:20:00+00:00,19.69442,87.00877,14.2,36.5,underway
V023,2026-09-11T02:40:00+00:00,19.74865,87.06845,14.0,46.2,underway
V023,2026-09-11T03:00:00+00:00,19.80541,87.11324,12.7,36.8,underway
V023,2026-09-11T03:20:00+00:00,19.85543,87.17399,13.7,49.0,underway
V023,2026-09-11T03:40:00+00:00,19.87797,87.19032,14.5,229.8,underway
V023,2026-09-11T04:00:00+00:00,19.84599,87.12531,12.4,242.6,underway
V023,2026-09-11T04:20:00+00:00,19.80977,87.04796,14.6,243.7,underway
V023,2026-09-11T04:40:00+00:00,19.78901,86.98027,12.1,252.1,underway
V023,2026-09-11T05:00:00+00:00,19.78964,86.95478,15.7,87.0,underway
V023,2026-09-11T05:20:00+00:00,19.79504,87.02441,11.9,85.3,underway
V023,2026-09-11T05:40:00+00:00,19.82265,87.08884,12.0,65.7,underway
V023,2026-09-11T06:00:00+00:00,19.86042,87.16644,14.8,62.8,underway
V023,2026-09-11T06:20:00+00:00,19.87173,87.19554,13.0,233.4,underway
V023,2026-09-11T06:40:00+00:00,19.80671,87.13377,15.7,222.0,underway
V023,2026-09-11T07:00:00+00:00,19.75238,87.08472,12.8,220.5,underway
V023,2026-09-11T07:20:00+00:00,19.68696,87.03992,14.0,213.0,underway
V023,2026-09-11T07:40:00+00:00,19.68304,87.02831,13.1,26.6,underway
V023,2026-09-11T08:00:00+00:00,19.74063,87.07489,13.0,37.5,underway
V023,2026-09-11T08:20:00+00:00,19.78982,87.13837,13.9,50.7,underway
V023,2026-09-11T08:40:00+00:00,19.85933,87.18997,15.2,35.1,underway
V023,2026-09-11T09:00:00+00:00,19.87549,87.19247,13.7,231.2,underway
V023,2026-09-11T09:20:00+00:00,19.83227,87.12671,13.6,235.2,underway
V023,2026-09-11T09:40:00+00:00,19.77861,87.05984,14.9,229.7,underway
V023,2026-09-11T10:00:00+00:00,19.72697,87.00279,13.4,226.3,underway
V023,2026-09-11T10:20:00+00:00,19.71184,86.9886,13.3,48.2,underway
V023,2026-09-11T10:40:00+00:00,19.74195,87.05431,12.4,64.2,underway
V023,2026-09-11T11:00:00+00:00,19.79232,87.11023,13.1,46.4,underway
V023,2026-09-11T11:20:00+00:00,19.82901,87.18631,14.5,63.0,underway
V023,2026-09-11T11:40:00+00:00,19.84568,87.2113,14.7,247.0,underway
V023,2026-09-11T12:00:00+00:00,19.82528,87.13944,12.7,253.3,underway
V023,2026-09-11T12:20:00+00:00,19.79842,87.07558,11.9,246.1,underway
V023,2026-09-11T12:40:00+00:00,19.75248,87.00059,15.2,237.1,underway
V023,2026-09-11T13:00:00+00:00,19.72255,86.97954,14.7,54.4,underway
V023,2026-09-11T13:20:00+00:00,19.75948,87.06166,15.4,64.6,underway
V023,2026-09-11T13:40:00+00:00,19.80298,87.12626,13.4,54.6,underway
V023,2026-09-11T14:00:00+00:00,19.87357,87.17779,15.4,34.7,underway
V023,2026-09-11T14:20:00+00:00,19.89939,87.16572,12.7,215.4,underway
V023,2026-09-11T14:40:00+00:00,19.81852,87.13689,15.3,198.7,underway
V023,2026-09-11T15:00:00+00:00,19.74318,87.10148,14.8,204.0,underway
V023,2026-09-11T15:20:00+00:00,19.67267,87.06066,14.4,208.7,underway
V023,2026-09-11T15:40:00+00:00,19.67867,87.03857,12.7,21.8,underway
V024,2026-09-09T04:00:00+00:00,19.71385,86.3181,11.3,72.8,underway
V024,2026-09-09T04:20:00+00:00,19.72086,86.36937,8.8,81.8,underway
V024,2026-09-09T04:40:00+00:00,19.71232,86.38661,8.1,262.2,underway
V024,2026-09-09T05:00:00+00:00,19.72183,86.33878,8.3,281.9,underway
V024,2026-09-09T05:20:00+00:00,19.72021,86.29043,8.2,268.0,underway
V024,2026-09-09T05:40:00+00:00,19.72391,86.24174,8.3,274.6,underway
V024,2026-09-09T06:00:00+00:00,19.7323,86.18856,9.2,279.4,underway
V024,2026-09-09T06:20:00+00:00,19.74984,86.14553,8.0,293.3,underway
V024,2026-09-09T06:40:00+00:00,19.74517,86.13155,11.5,113.3,underway
V024,2026-09-09T07:00:00+00:00,19.72041,86.17145,8.1,123.2,underway
V024,2026-09-09T07:20:00+00:00,19.69319,86.21211,8.5,125.2,underway
V024,2026-09-09T07:40:00+00:00,19.64676,86.26163,11.8,134.7,underway
V024,2026-09-09T08:00:00+00:00,19.60855,86.31009,10.7,129.8,underway
V024,2026-09-09T08:20:00+00:00,19.59009,86.32881,10.8,326.1,underway
V024,2026-09-09T08:40:00+00:00,19.62082,86.29105,8.4,310.7,underway
V024,2026-09-09T09:00:00+00:00,19.66597,86.25336,10.3,321.6,underway
V024,2026-09-09T09:20:00+00:00,19.7078,86.22873,8.6,330.8,underway
V024,2026-09-09T09:40:00+00:00,19.76546,86.1969,11.7,332.4,underway
V024,2026-09-09T10:00:00+00:00,19.7908,86.16674,9.0,139.1,underway
V024,2026-09-09T10:20:00+00:00,19.7518,86.20374,9.4,138.0,underway
V024,2026-09-09T10:40:00+00:00,19.71717,86.23882,8.6,136.2,underway
V024,2026-09-09T11:00:00+00:00,19.66879,86.27059,10.2,148.1,underway
V024,2026-09-09T11:20:00+00:00,19.62353,86.28492,8.5,163.3,underway
V024,2026-09-09T11:40:00+00:00,19.57706,86.30243,11.9,338.9,underway
V024,2026-09-09T12:00:00+00:00,19.63057,86.29104,9.8,348.6,underway
V024,2026-09-09T12:20:00+00:00,19.69576,86.30108,11.8,8.3,underway
V024,2026-09-09T12:40:00+00:00,19.75106,86.29682,9.9,355.8,underway
V024,2026-09-09T13:00:00+00:00,19.81107,86.27882,11.2,344.1,underway
V024,2026-09-09T13:20:00+00:00,19.82139,86.24405,11.4,175.6,underway
V024,2026-09-09T13:40:00+00:00,19.77264,86.23725,8.8,187.5,underway
V024,2026-09-09T14:00:00+00:00,19.72488,86.22405,8.8,194.7,underway
V024,2026-09-09T14:20:00+00:00,19.68023,86.21122,8.3,195.2,underway
V024,2026-09-09T14:40:00+00:00,19.63377,86.20789,8.3,183.9,underway
V024,2026-09-09T15:00:00+00:00,19.58445,86.18944,9.8,29.0,underway
V024,2026-09-09T15:20:00+00:00,19.62642,86.23483,10.8,45.7,underway
V024,2026-09-09T15:40:00+00:00,19.65889,86.26984,8.3,45.6,underway
V024,2026-09-09T16:00:00+00:00,19.68184,86.31073,8.1,59.4,underway
V024,2026-09-09T16:20:00+00:00,19.72523,86.35929,11.3,46.7,underway
V024,2026-09-09T16:40:00+00:00,19.75347,86.37283,8.5,242.6,underway
V024,2026-09-09T17:00:00+00:00,19.72893,86.31813,10.3,244.7,underway
V024,2026-09-09T17:20:00+00:00,19.70608,86.25678,11.2,248.5,underway
V024,2026-09-09T17:40:00+00:00,19.67276,86.20781,10.2,234.3,underway
V024,2026-09-09T18:00:00+00:00,19.62257,86.16394,11.7,219.6,underway
V024,2026-09-09T18:20:00+00:00,19.6023,86.16345,11.1,42.8,underway
V024,2026-09-09T18:40:00+00:00,19.63653,86.21251,10.3,53.6,underway
V024,2026-09-09T19:00:00+00:00,19.65828,86.27901,11.9,71.0,underway
V024,2026-09-09T19:20:00+00:00,19.68238,86.32918,9.5,63.1,underway
V024,2026-09-09T19:40:00+00:00,19.68974,86.38245,9.1,81.7,underway
V024,2026-09-09T20:00:00+00:00,19.71149,86.38672,11.8,262.6,underway
V024,2026-09-09T20:20:00+00:00,19.69508,86.32088,11.6,255.3,underway
V024,2026-09-09T20:40:00+00:00,19.67099,86.26232,10.8,246.5,underway
V024,2026-09-09T21:00:00+00:00,19.63062,86.21181,11.2,229.9,underway
V024,2026-09-09T21:20:00+00:00,19.60794,86.15743,10.3,46.5,underway
V024,2026-09-09T21:40:00+00:00,19.63475,86.21235,10.5,62.7,underway
V024,2026-09-09T22:00:00+00:00,19.65133,86.26938,10.1,73.0,underway
V024,2026-09-09T22:20:00+00:00,19.66848,86.33261,11.2,74.0,underway
V024,2026-09-09T22:40:00+00:00,19.69922,86.38777,11.4,268.2,underway
V024,2026-09-09T23:00:00+00:00,19.68472,86.33487,9.3,253.9,underway
V024,2026-09-09T23:20:00+00:00,19.68724,86.28387,8.7,273.0,underway
V024,2026-09-09T23:40:00+00:00,19.68537,86.21976,10.9,268.2,underway
V024,2026-09-10T00:00:00+00:00,19.69307,86.17178,8.3,279.6,underway
V024,2026-09-10T00:20:00+00:00,19.68658,86.12273,8.4,262.0,underway
V024,2026-09-10T00:40:00+00:00,19.69466,86.12069,8.7,89.8,underway
V024,2026-09-10T01:00:00+00:00,19.67563,86.17758,10.2,109.4,underway
V024,2026-09-10T01:20:00+00:00,19.66496,86.22881,8.9,102.4,underway
V024,2026-09-10T01:40:00+00:00,19.65385,86.27877,8.7,103.2,underway
V024,2026-09-10T02:00:00+00:00,19.65311,86.32653,8.1,90.9,underway
V024,2026-09-10T02:20:00+00:00,19.65224,86.37993,10.8,289.8,underway
V024,2026-09-10T02:40:00+00:00,19.68487,86.32419,11.1,301.7,underway
V024,2026-09-10T03:00:00+00:00,19.71185,86.28474,8.3,305.8,underway
V024,2026-09-10T03:20:00+00:00,19.74781,86.23852,10.2,309.4,underway
V024,2026-09-10T03:40:00+00:00,19.76638,86.18599,9.5,290.5,underway
V024,2026-09-10T04:00:00+00:00,19.76611,86.14363,10.0,124.1,underway
V024,2026-09-10T04:20:00+00:00,19.72703,86.17652,9.0,141.4,underway
V024,2026-09-10T04:40:00+00:00,19.69766,86.22536,9.8,122.4,underway
V024,2026-09-10T05:00:00+00:00,19.66439,86.26621,9.1,130.7,underway
V024,2026-09-10T05:20:00+00:00,19.63342,86.30154,8.2,132.8,underway
V024,2026-09-10T05:40:00+00:00,19.60252,86.34532,11.3,317.0,underway
V024,2026-09-10T06:00:00+00:00,19.62746,86.30364,8.4,302.3,underway
V024,2026-09-10T06:20:00+00:00,19.66792,86.26096,10.2,315.0,underway
V024,2026-09-10T06:40:00+00:00,19.69936,86.21564,9.5,306.2,underway
V024,2026-09-10T07:00:00+00:00,19.71246,86.16948,8.2,286.7,underway
V024,2026-09-10T07:20:00+00:00,19.73286,86.12675,8.9,107.3,underway
V024,2026-09-10T07:40:00+00:00,19.72634,86.18652,10.2,96.6,underway
V024,2026-09-10T08:00:00+00:00,19.70464,86.23552,9.2,115.0,underway
V024,2026-09-10T08:20:00+00:00,19.67305,86.27226,8.4,132.2,underway
V024,2026-09-10T08:40:00+00:00,19.61737,86.30993,11.8,147.3,underway
V024,2026-09-10T09:00:00+00:00,19.59722,86.33892,9.3,320.7,underway
V024,2026-09-10T09:20:00+00:00,19.65879,86.3137,11.8,338.8,underway
V024,2026-09-10T09:40:00+00:00,19.70406,86.27566,10.4,321.5,underway
V024,2026-09-10T10:00:00+00:00,19.74489,86.2557,8.1,335.1,underway
V024,2026-09-10T10:20:00+00:00,19.79173,86.21804,10.5,322.7,underway
V024,2026-09-10T10:40:00+00:00,19.8072,86.19205,9.2,152.2,underway
V024,2026-09-10T11:00:00+00:00,19.77696,86.22669,8.0,132.6,underway
V024,2026-09-10T11:20:00+00:00,19.74206,86.27299,10.0,128.5,underway
V024,2026-09-10T11:40:00+00:00,19.70382,86.33016,11.9,125.2,underway
V024,2026-09-10T12:00:00+00:00,19.67984,86.37547,8.8,119.2,underway
V024,2026-09-10T12:20:00+00:00,19.67234,86.38565,9.3,280.4,underway
V024,2026-09-10T12:40:00+00:00,19.69494,86.32194,11.5,290.5,underway
V024,2026-09-10T13:00:00+00:00,19.73566,86.26773,11.7,308.4,underway
V024,2026-09-10T13:20:00+00:00,19.76969,86.22966,8.9,313.3,underway
V024,2026-09-10T13:40:00+00:00,19.80583,86.18939,11.1,150.9,underway
V024,2026-09-10T14:00:00+00:00,19.752,86.20146,9.9,168.0,underway
V024,2026-09-10T14:20:00+00:00,19.69767,86.21157,9.9,170.0,underway
V024,2026-09-10T14:40:00+00:00,19.6348,86.21345,11.3,178.4,underway
V024,2026-09-10T15:00:00+00:00,19.57974,86.19934,11.4,24.3,underway
V024,2026-09-10T15:20:00+00:00,19.62037,86.21841,8.0,24.0,underway
V024,2026-09-10T15:40:00+00:00,19.65801,86.25144,8.8,39.8,underway
V024,2026-09-10T16:00:00+00:00,19.68934,86.29695,9.6,54.0,underway
V024,2026-09-10T16:20:00+00:00,19.70481,86.34735,9.0,72.1,underway
V024,2026-09-10T16:40:00+00:00,19.71067,86.38683,8.5,263.0,underway
V024,2026-09-10T17:00:00+00:00,19.71833,86.32816,10.1,277.9,underway
V024,2026-09-10T17:20:00+00:00,19.72287,86.2691,10.1,274.6,underway
V024,2026-09-10T17:40:00+00:00,19.71243,86.20343,11.3,260.5,underway
V024,2026-09-10T18:00:00+00:00,19.69527,86.13663,11.8,254.8,underway
V024,2026-09-10T18:20:00+00:00,19.69253,86.12071,9.3,88.8,underway
V024,2026-09-10T18:40:00+00:00,19.68414,86.17656,9.6,99.0,underway
V024,2026-09-10T19:00:00+00:00,19.68211,86.22417,8.1,92.6,underway
V024,2026-09-10T19:20:00+00:00,19.69103,86.2841,10.3,81.1,underway
V024,2026-09-10T19:40:00+00:00,19.69291,86.333,8.3,87.7,underway
V024,2026-09-10T20:00:00+00:00,19.67799,86.38661,11.7,277.8,underway
V024,2026-09-10T20:20:00+00:00,19.69587,86.32241,11.4,286.4,underway
V024,2026-09-10T20:40:00+00:00,19.70768,86.25746,11.2,280.9,underway
V024,2026-09-10T21:00:00+00:00,19.70884,86.19675,10.3,271.2,underway
V024,2026-09-10T21:20:00+00:00,19.70034,86.14303,9.2,260.5,underway
V024,2026-09-10T21:40:00+00:00,19.70097,86.12083,10.1,92.6,underway
V024,2026-09-10T22:00:00+00:00,19.68917,86.1685,8.4,104.6,underway
V024,2026-09-10T22:20:00+00:00,19.66729,86.21803,9.3,115.0,underway
V024,2026-09-10T22:40:00+00:00,19.63823,86.26536,9.6,122.9,underway
V024,2026-09-10T23:00:00+00:00,19.61207,86.30865,8.7,122.5,underway
V024,2026-09-10T23:20:00+00:00,19.59247,86.33241,10.7,324.2,underway
V024,2026-09-10T23:40:00+00:00,19.62522,86.29327,8.9,311.4,underway
V024,2026-09-11T00:00:00+00:00,19.65474,86.24755,9.4,304.3,underway
V024,2026-09-11T00:20:00+00:00,19.70634,86.207,11.5,323.3,underway
V024,2026-09-11T00:40:00+00:00,19.75442,86.16453,11.2,320.1,underway
V024,2026-09-11T01:00:00+00:00,19.77955,86.15469,8.4,131.8,underway
V024,2026-09-11T01:20:00+00:00,19.73715,86.19601,10.3,137.3,underway
V024,2026-09-11T01:40:00+00:00,19.68942,86.22846,10.2,147.2,underway
V024,2026-09-11T02:00:00+00:00,19.65084,86.27683,10.7,130.1,underway
V024,2026-09-11T02:20:00+00:00,19.61813,86.32731,10.4,124.4,underway
V024,2026-09-11T02:40:00+00:00,19.60634,86.34947,11.7,314.5,underway
V024,2026-09-11T03:00:00+00:00,19.6401,86.30989,9.0,312.0,underway
V024,2026-09-11T03:20:00+00:00,19.66894,86.26902,8.7,306.7,underway
V024,2026-09-11T03:40:00+00:00,19.7151,86.22565,11.1,318.3,underway
V024,2026-09-11T04:00:00+00:00,19.75296,86.17965,10.3,311.0,underway
V024,2026-09-11T04:20:00+00:00,19.77152,86.14772,11.9,127.1,underway
V024,2026-09-11T04:40:00+00:00,19.75057,86.2065,10.7,110.6,underway
V024,2026-09-11T05:00:00+00:00,19.73905,86.25645,8.7,103.7,underway
V024,2026-09-11T05:20:00+00:00,19.72153,86.31865,11.0,106.5,underway
V024,2026-09-11T05:40:00+00:00,19.71458,86.38394,11.2,96.4,underway
V024,2026-09-11T06:00:00+00:00,19.69794,86.38781,9.6,268.7,underway
V024,2026-09-11T06:20:00+00:00,19.68481,86.33226,9.7,256.0,underway
V024,2026-09-11T06:40:00+00:00,19.66606,86.26848,11.3,252.8,underway
V024,2026-09-11T07:00:00+00:00,19.6549,86.2209,8.3,256.1,underway
V024,2026-09-11T07:20:00+00:00,19.626,86.16483,10.8,241.5,underway
V024,2026-09-11T07:40:00+00:00,19.63414,86.13722,11.2,61.2,underway
V024,2026-09-11T08:00:00+00:00,19.66954,86.17105,8.6,42.2,underway
V024,2026-09-11T08:20:00+00:00,19.71535,86.21176,10.7,40.1,underway
V024,2026-09-11T08:40:00+00:00,19.74153,86.2581,9.2,59.2,underway
V024,2026-09-11T09:00:00+00:00,19.77637,86.31659,11.7,57.9,underway
V024,2026-09-11T09:20:00+00:00,19.78056,86.35287,8.7,227.6,underway
V024,2026-09-11T09:40:00+00:00,19.7238,86.31886,11.7,209.6,underway
V024,2026-09-11T10:00:00+00:00,19.69374,86.28429,8.0,227.5,underway
V024,2026-09-11T10:20:00+00:00,19.67239,86.24043,8.4,242.8,underway
V024,2026-09-11T10:40:00+00:00,19.65392,86.19332,8.7,247.5,underway
V024,2026-09-11T11:00:00+00:00,19.62363,86.15721,8.2,228.5,underway
V024,2026-09-11T11:20:00+00:00,19.61068,86.15476,8.7,48.2,underway
V024,2026-09-11T11:40:00+00:00,19.6336,86.20795,9.9,65.6,underway
V024,2026-09-11T12:00:00+00:00,19.63869,86.27628,11.6,85.5,underway
V024,2026-09-11T12:20:00+00:00,19.64805,86.32863,9.0,79.3,underway
V024,2026-09-11T12:40:00+00:00,19.6649,86.38397,10.1,283.8,underway
V024,2026-09-11T13:00:00+00:00,19.68214,86.33931,8.2,292.2,underway
V024,2026-09-11T13:20:00+00:00,19.71046,86.28858,10.0,300.5,underway
V024,2026-09-11T13:40:00+00:00,19.7261,86.24327,8.2,290.0,underway
V024,2026-09-11T14:00:00+00:00,19.7379,86.19445,8.6,284.3,underway
V024,2026-09-11T14:20:00+00:00,19.75273,86.14315,9.1,287.0,underway
V024,2026-09-11T14:40:00+00:00,19.749,86.13337,8.0,115.2,underway
V024,2026-09-11T15:00:00+00:00,19.73986,86.18997,9.7,99.7,underway
V024,2026-09-11T15:20:00+00:00,19.73686,86.24512,9.4,93.3,underway
V024,2026-09-11T15:40:00+00:00,19.72601,86.30867,11.0,100.2,underway
V025,2026-09-09T04:00:00+00:00,20.25284,87.68731,11.5,76.2,underway
V025,2026-09-09T04:20:00+00:00,20.27305,87.74989,14.3,253.7,underway
V025,2026-09-09T04:40:00+00:00,20.26187,87.67955,12.1,260.5,underway
V025,2026-09-09T05:00:00+00:00,20.23536,87.61207,12.4,247.4,underway
V025,2026-09-09T05:20:00+00:00,20.19194,87.54973,13.1,233.6,underway
V025,2026-09-09T05:40:00+00:00,20.14991,87.52446,14.1,46.2,underway
V025,2026-09-09T06:00:00+00:00,20.19835,87.59053,14.2,52.2,underway
V025,2026-09-09T06:20:00+00:00,20.22313,87.66414,13.2,70.4,underway
V025,2026-09-09T06:40:00+00:00,20.27102,87.73814,15.2,55.6,underway
V025,2026-09-09T07:00:00+00:00,20.2839,87.74596,13.9,248.5,underway
V025,2026-09-09T07:20:00+00:00,20.2407,87.68172,13.3,234.5,underway
V025,2026-09-09T07:40:00+00:00,20.17832,87.62897,14.3,218.6,underway
V025,2026-09-09T08:00:00+00:00,20.11944,87.57283,14.9,21.2,underway
V025,2026-09-09T08:20:00+00:00,20.20182,87.58029,14.8,4.9,underway
V025,2026-09-09T08:40:00+00:00,20.26777,87.58373,11.8,2.8,underway
V025,2026-09-09T09:00:00+00:00,20.33186,87.60922,12.3,20.6,underway
V025,2026-09-09T09:20:00+00:00,20.36411,87.62279,11.9,180.7,underway
V025,2026-09-09T09:40:00+00:00,20.29481,87.59695,13.2,199.4,underway
V025,2026-09-09T10:00:00+00:00,20.22504,87.57168,13.2,198.9,underway
V025,2026-09-09T10:20:00+00:00,20.15112,87.53808,14.4,203.2,underway
V025,2026-09-09T10:40:00+00:00,20.13166,87.54769,13.5,33.3,underway
V025,2026-09-09T11:00:00+00:00,20.19248,87.57999,12.2,26.6,underway
V025,2026-09-09T11:20:00+00:00,20.25536,87.63312,14.4,38.6,underway
V025,2026-09-09T11:40:00+00:00,20.3287,87.66823,14.4,24.3,underway
V025,2026-09-09T12:00:00+00:00,20.35295,87.67629,11.9,204.2,underway
V025,2026-09-09T12:20:00+00:00,20.28493,87.6649,12.3,189.0,underway
V025,2026-09-09T12:40:00+00:00,20.20045,87.65613,15.2,185.6,underway
V025,2026-09-09T13:00:00+00:00,20.1236,87.63662,14.2,193.5,underway
V025,2026-09-09T13:20:00+00:00,20.11163,87.63565,12.2,353.8,underway
V025,2026-09-09T13:40:00+00:00,20.18167,87.63457,12.5,359.2,underway
V025,2026-09-09T14:00:00+00:00,20.24463,87.64424,11.4,8.3,underway
V025,2026-09-09T14:20:00+00:00,20.31444,87.67512,13.6,22.7,underway
V025,2026-09-09T14:40:00+00:00,20.34444,87.69301,12.5,212.4,underway
V025,2026-09-09T15:00:00+00:00,20.27316,87.65882,14.0,204.4,underway
V025,2026-09-09T15:20:00+00:00,20.20687,87.65271,11.9,185.0,underway
V025,2026-09-09T15:40:00+00:00,20.13667,87.63893,12.8,190.5,underway
V025,2026-09-09T16:00:00+00:00,20.1112,87.61187,14.3,4.0,underway
V025,2026-09-09T16:20:00+00:00,20.18786,87.61157,13.7,359.8,underway
V025,2026-09-09T16:40:00+00:00,20.25839,87.60978,12.6,358.6,underway
V025,2026-09-09T17:00:00+00:00,20.32191,87.5953,11.6,347.8,underway
V025,2026-09-09T17:20:00+00:00,20.35569,87.57316,15.0,159.0,underway
V025,2026-09-09T17:40:00+00:00,20.28915,87.61439,13.8,149.7,underway
V025,2026-09-09T18:00:00+00:00,20.22303,87.63663,12.4,162.4,underway
V025,2026-09-09T18:20:00+00:00,20.15117,87.67952,14.8,150.6,underway
V025,2026-09-09T18:40:00+00:00,20.13272,87.69648,11.5,325.9,underway
V025,2026-09-09T19:00:00+00:00,20.20774,87.65666,15.0,333.4,underway
V025,2026-09-09T19:20:00+00:00,20.25928,87.60975,12.2,319.3,underway
V025,2026-09-09T19:40:00+00:00,20.30681,87.53721,14.9,304.7,underway
V025,2026-09-09T20:00:00+00:00,20.31148,87.51246,12.5,125.7,underway
V025,2026-09-09T20:20:00+00:00,20.28629,87.58054,12.4,111.4,underway
V025,2026-09-09T20:40:00+00:00,20.2522,87.64792,12.9,118.2,underway
V025,2026-09-09T21:00:00+00:00,20.20771,87.71169,13.4,126.4,underway
V025,2026-09-09T21:20:00+00:00,20.18706,87.74418,12.8,293.5,underway
V025,2026-09-09T21:40:00+00:00,20.21795,87.68563,11.3,299.2,underway
V025,2026-09-09T22:00:00+00:00,20.25489,87.6146,13.7,298.8,underway
V025,2026-09-09T22:20:00+00:00,20.28683,87.55279,11.9,298.7,underway
V025,2026-09-09T22:40:00+00:00,20.30976,87.51117,14.2,124.8,underway
V025,2026-09-09T23:00:00+00:00,20.25655,87.55134,11.7,144.5,underway
V025,2026-09-09T23:20:00+00:00,20.20251,87.59443,12.1,143.0,underway
V025,2026-09-09T23:40:00+00:00,20.15234,87.64525,12.4,136.3,underway
V025,2026-09-10T00:00:00+00:00,20.12822,87.68892,13.7,329.7,underway
V025,2026-09-10T00:20:00+00:00,20.18327,87.65343,11.5,328.7,underway
V025,2026-09-10T00:40:00+00:00,20.23263,87.5922,13.6,310.5,underway
V025,2026-09-10T01:00:00+00:00,20.26494,87.52443,12.8,296.8,underway
V025,2026-09-10T01:20:00+00:00,20.27812,87.49429,12.8,108.7,underway
V025,2026-09-10T01:40:00+00:00,20.25176,87.57609,14.6,108.8,underway
V025,2026-09-10T02:00:00+00:00,20.22352,87.64927,13.4,112.2,underway
V025,2026-09-10T02:20:00+00:00,20.17129,87.71062,14.0,132.0,underway
V025,2026-09-10T02:40:00+00:00,20.17053,87.73499,13.0,301.9,underway
V025,2026-09-10T03:00:00+00:00,20.20483,87.67523,11.8,301.3,underway
V025,2026-09-10T03:20:00+00:00,20.23052,87.60265,13.1,290.5,underway
V025,2026-09-10T03:40:00+00:00,20.26821,87.53021,14.0,298.8,underway
V025,2026-09-10T04:00:00+00:00,20.27233,87.49238,14.1,106.0,underway
V025,2026-09-10T04:20:00+00:00,20.23189,87.55724,13.2,123.4,underway
V025,2026-09-10T04:40:00+00:00,20.21075,87.62047,11.3,109.5,underway
V025,2026-09-10T05:00:00+00:00,20.19522,87.70716,14.9,100.7,underway
V025,2026-09-10T05:20:00+00:00,20.20961,87.75199,15.3,282.7,underway
V025,2026-09-10T05:40:00+00:00,20.20159,87.66543,14.7,264.4,underway
V025,2026-09-10T06:00:00+00:00,20.20643,87.59206,12.4,274.0,underway
V025,2026-09-10T06:20:00+00:00,20.19231,87.51992,12.5,258.3,underway
V025,2026-09-10T06:40:00+00:00,20.21033,87.49033,12.5,77.6,underway
V025,2026-09-10T07:00:00+00:00,20.23329,87.55468,11.6,69.3,underway
V025,2026-09-10T07:20:00+00:00,20.24852,87.62644,12.4,77.3,underway
V025,2026-09-10T07:40:00+00:00,20.25932,87.69735,12.2,80.8,underway
V025,2026-09-10T08:00:00+00:00,20.25313,87.75426,12.8,262.9,underway
V025,2026-09-10T08:20:00+00:00,20.25849,87.68321,12.1,274.6,underway
V025,2026-09-10T08:40:00+00:00,20.27587,87.60478,13.6,283.2,underway
V025,2026-09-10T09:00:00+00:00,20.29273,87.521,14.5,282.0,underway
V025,2026-09-10T09:20:00+00:00,20.27361,87.49277,14.6,106.6,underway
V025,2026-09-10T09:40:00+00:00,20.26749,87.56128,11.6,95.4,underway
V025,2026-09-10T10:00:00+00:00,20.2731,87.64466,14.1,85.9,underway
V025,2026-09-10T10:20:00+00:00,20.26148,87.71872,12.7,99.4,underway
V025,2026-09-10T10:40:00+00:00,20.25041,87.75458,14.6,264.2,underway
V025,2026-09-10T11:00:00+00:00,20.22128,87.67071,15.1,249.8,underway
V025,2026-09-10T11:20:00+00:00,20.20513,87.58313,15.1,259.0,underway
V025,2026-09-10T11:40:00+00:00,20.17664,87.51483,12.6,246.2,underway
V025,2026-09-10T12:00:00+00:00,20.17175,87.5067,14.4,58.7,underway
V025,2026-09-10T12:20:00+00:00,20.21686,87.55434,11.4,44.9,underway
V025,2026-09-10T12:40:00+00:00,20.2674,87.60462,12.4,43.2,underway
V025,2026-09-10T13:00:00+00:00,20.31757,87.67132,14.4,51.5,underway
V025,2026-09-10T13:20:00+00:00,20.34586,87.69059,14.4,211.2,underway
V025,2026-09-10T13:40:00+00:00,20.27247,87.65481,14.5,204.7,underway
V025,2026-09-10T14:00:00+00:00,20.19829,87.63962,13.5,190.9,underway
V025,2026-09-10T14:20:00+00:00,20.12268,87.61285,14.3,198.5,underway
V025,2026-09-10T14:40:00+00:00,20.11125,87.61115,13.0,4.3,underway
V025,2026-09-10T15:00:00+00:00,20.18674,87.60677,13.5,356.9,underway
V025,2026-09-10T15:20:00+00:00,20.26939,87.61295,14.8,4.0,underway
V025,2026-09-10T15:40:00+00:00,20.34521,87.61741,13.6,3.2,underway
V025,2026-09-10T16:00:00+00:00,20.3637,87.61038,14.0,175.4,underway
V025,2026-09-10T16:20:00+00:00,20.30136,87.60066,11.3,188.4,underway
V025,2026-09-10T16:40:00+00:00,20.22503,87.5772,14.2,196.2,underway
V025,2026-09-10T17:00:00+00:00,20.14091,87.57646,15.1,180.5,underway
V025,2026-09-10T17:20:00+00:00,20.11836,87.5759,14.8,19.8,underway
V025,2026-09-10T17:40:00+00:00,20.19199,87.60834,14.3,22.6,underway
V025,2026-09-10T18:00:00+00:00,20.26425,87.62734,13.3,13.9,underway
V025,2026-09-10T18:20:00+00:00,20.33336,87.67128,14.4,31.0,underway
V025,2026-09-10T18:40:00+00:00,20.35355,87.67485,12.7,203.6,underway
V025,2026-09-10T19:00:00+00:00,20.29344,87.65201,11.4,199.8,underway
V025,2026-09-10T19:20:00+00:00,20.22037,87.62733,13.7,197.7,underway
V025,2026-09-10T19:40:00+00:00,20.14567,87.61973,13.4,185.5,underway
V025,2026-09-10T20:00:00+00:00,20.11112,87.62929,14.7,356.6,underway
V025,2026-09-10T20:20:00+00:00,20.18432,87.63043,13.1,0.8,underway
V025,2026-09-10T20:40:00+00:00,20.26002,87.65934,14.4,19.8,underway
V025,2026-09-10T21:00:00+00:00,20.32145,87.70001,13.0,32.0,underway
V025,2026-09-10T21:20:00+00:00,20.33762,87.7033,12.2,217.7,underway
V025,2026-09-10T21:40:00+00:00,20.28103,87.64011,14.7,226.5,underway
V025,2026-09-10T22:00:00+00:00,20.22945,87.60034,11.4,216.1,underway
V025,2026-09-10T22:20:00+00:00,20.16883,87.54517,14.3,220.7,underway
V025,2026-09-10T22:40:00+00:00,20.15029,87.52407,12.6,46.5,underway
V025,2026-09-10T23:00:00+00:00,20.19314,87.57893,12.0,50.4,underway
V025,2026-09-10T23:20:00+00:00,20.22911,87.65667,14.6,63.9,underway
V025,2026-09-10T23:40:00+00:00,20.25976,87.73432,14.2,67.3,underway
V025,2026-09-11T00:00:00+00:00,20.28488,87.74555,12.2,248.0,underway
V025,2026-09-11T00:20:00+00:00,20.25361,87.68721,11.3,240.4,underway
V025,2026-09-11T00:40:00+00:00,20.20436,87.63778,12.2,223.5,underway
V025,2026-09-11T01:00:00+00:00,20.15884,87.5711,13.9,234.1,underway
V025,2026-09-11T01:20:00+00:00,20.14186,87.53342,12.8,40.9,underway
V025,2026-09-11T01:40:00+00:00,20.20721,87.58907,15.0,38.8,underway
V025,2026-09-11T02:00:00+00:00,20.27824,87.63006,14.5,28.6,underway
V025,2026-09-11T02:20:00+00:00,20.35659,87.6605,14.9,20.1,underway
V025,2026-09-11T02:40:00+00:00,20.36065,87.6524,12.1,193.4,underway
V025,2026-09-11T03:00:00+00:00,20.29777,87.62802,12.0,200.1,underway
V025,2026-09-11T03:20:00+00:00,20.21732,87.62311,14.4,183.3,underway
V025,2026-09-11T03:40:00+00:00,20.14218,87.61806,13.5,183.6,underway
V025,2026-09-11T04:00:00+00:00,20.11272,87.59858,11.8,9.7,underway
V025,2026-09-11T04:20:00+00:00,20.18967,87.63166,14.9,22.1,underway
V025,2026-09-11T04:40:00+00:00,20.25625,87.6785,14.3,33.6,underway
V025,2026-09-11T05:00:00+00:00,20.32708,87.7037,13.4,18.6,underway
V025,2026-09-11T05:20:00+00:00,20.3448,87.69241,14.2,212.1,underway
V025,2026-09-11T05:40:00+00:00,20.27834,87.63679,15.2,218.3,underway
V025,2026-09-11T06:00:00+00:00,20.22637,87.57436,14.1,228.6,underway
V025,2026-09-11T06:20:00+00:00,20.17728,87.53097,11.5,219.9,underway
V025,2026-09-11T06:40:00+00:00,20.14151,87.53385,14.1,40.7,underway
V025,2026-09-11T07:00:00+00:00,20.2018,87.59716,15.2,44.8,underway
V025,2026-09-11T07:20:00+00:00,20.23283,87.66017,12.0,62.5,underway
V025,2026-09-11T07:40:00+00:00,20.2578,87.7263,12.0,68.2,underway
V025,2026-09-11T08:00:00+00:00,20.26858,87.75118,11.6,255.8,underway
V025,2026-09-11T08:20:00+00:00,20.26064,87.67528,12.9,263.7,underway
V025,2026-09-11T08:40:00+00:00,20.26664,87.593,14.0,274.4,underway
V025,2026-09-11T09:00:00+00:00,20.26843,87.51399,13.4,271.4,underway
V025,2026-09-11T09:20:00+00:00,20.25763,87.48891,13.6,99.1,underway
V025,2026-09-11T09:40:00+00:00,20.25378,87.56096,12.2,93.2,underway
V025,2026-09-11T10:00:00+00:00,20.25428,87.63168,12.0,89.6,underway
V025,2026-09-11T10:20:00+00:00,20.23982,87.70033,11.9,102.6,underway
V025,2026-09-11T10:40:00+00:00,20.20271,87.75012,14.4,286.0,underway
V025,2026-09-11T11:00:00+00:00,20.23918,87.68244,13.2,299.7,underway
V025,2026-09-11T11:20:00+00:00,20.26025,87.61484,12.0,288.3,underway
V025,2026-09-11T11:40:00+00:00,20.26381,87.52957,14.4,272.5,underway
V025,2026-09-11T12:00:00+00:00,20.25341,87.48827,12.5,97.2,underway
V025,2026-09-11T12:20:00+00:00,20.22431,87.56514,14.0,111.8,underway
V025,2026-09-11T12:40:00+00:00,20.20239,87.62914,11.5,109.9,underway
V025,2026-09-11T13:00:00+00:00,20.1988,87.7031,12.5,92.9,underway
V025,2026-09-11T13:20:00+00:00,20.19223,87.74642,13.4,291.0,underway
V025,2026-09-11T13:40:00+00:00,20.20802,87.67167,13.0,282.6,underway
V025,2026-09-11T14:00:00+00:00,20.22216,87.60426,11.7,282.5,underway
V025,2026-09-11T14:20:00+00:00,20.25325,87.53782,12.5,296.4,underway
V025,2026-09-11T14:40:00+00:00,20.27073,87.4919,12.4,105.2,underway
V025,2026-09-11T15:00:00+00:00,20.26909,87.56078,11.7,91.4,underway
V025,2026-09-11T15:20:00+00:00,20.27246,87.64413,14.1,87.5,underway
V025,2026-09-11T15:40:00+00:00,20.25138,87.72836,14.7,104.8,underway
V026,2026-09-09T04:00:00+00:00,20.84095,87.25282,13.9,347.7,underway
V026,2026-09-09T04:20:00+00:00,20.88899,87.24192,16.4,167.8,underway
V026,2026-09-09T04:40:00+00:00,20.79858,87.22945,16.3,187.4,underway
V026,2026-09-09T05:00:00+00:00,20.7132,87.19803,16.2,199.1,underway
V026,2026-09-09T05:20:00+00:00,20.66472,87.18863,14.8,37.4,underway
V026,2026-09-09T05:40:00+00:00,20.73137,87.23156,14.0,31.2,underway
V026,2026-09-09T06:00:00+00:00,20.79424,87.30082,16.2,46.0,underway
V026,2026-09-09T06:20:00+00:00,20.87012,87.34575,16.3,214.1,underway
V026,2026-09-09T06:40:00+00:00,20.80809,87.28412,15.2,223.1,underway
V026,2026-09-09T07:00:00+00:00,20.74621,87.24319,13.1,211.9,underway
V026,2026-09-09T07:20:00+00:00,20.68464,87.19609,13.6,215.8,underway
V026,2026-09-09T07:40:00+00:00,20.66944,87.18247,15.2,40.8,underway
V026,2026-09-09T08:00:00+00:00,20.7424,87.22794,15.2,30.4,underway
V026,2026-09-09T08:20:00+00:00,20.8007,87.28804,14.6,44.1,underway
V026,2026-09-09T08:40:00+00:00,20.86203,87.35712,16.3,220.1,underway
V026,2026-09-09T09:00:00+00:00,20.81523,87.27628,16.0,238.4,underway
V026,2026-09-09T09:20:00+00:00,20.79688,87.19719,13.7,256.2,underway
V026,2026-09-09T09:40:00+00:00,20.79442,87.13951,15.5,103.3,underway
V026,2026-09-09T10:00:00+00:00,20.76221,87.22239,15.1,112.4,underway
V026,2026-09-09T10:20:00+00:00,20.72925,87.30892,15.7,112.0,underway
V026,2026-09-09T10:40:00+00:00,20.69987,87.38558,15.7,301.1,underway
V026,2026-09-09T11:00:00+00:00,20.75146,87.31767,14.7,308.9,underway
V026,2026-09-09T11:20:00+00:00,20.80149,87.2588,13.4,312.1,underway
V026,2026-09-09T11:40:00+00:00,20.85994,87.20182,14.2,317.5,underway
V026,2026-09-09T12:00:00+00:00,20.87516,87.20362,14.6,150.2,underway
V026,2026-09-09T12:20:00+00:00,20.79608,87.22463,14.6,166.0,underway
V026,2026-09-09T12:40:00+00:00,20.71591,87.2602,15.6,157.3,underway
V026,2026-09-09T13:00:00+00:00,20.63868,87.26712,16.4,1.4,underway
V026,2026-09-09T13:20:00+00:00,20.72754,87.25281,16.1,351.4,underway
V026,2026-09-09T13:40:00+00:00,20.81826,87.26632,16.4,8.0,underway
V026,2026-09-09T14:00:00+00:00,20.88455,87.29637,12.9,23.1,underway
V026,2026-09-09T14:20:00+00:00,20.88553,87.31238,16.5,198.2,underway
V026,2026-09-09T14:40:00+00:00,20.81533,87.25739,15.6,216.4,underway
V026,2026-09-09T15:00:00+00:00,20.73933,87.20159,16.5,214.6,underway
V026,2026-09-09T15:20:00+00:00,20.66969,87.18216,15.1,41.0,underway
V026,2026-09-09T15:40:00+00:00,20.74793,87.22866,16.1,29.2,underway
V026,2026-09-09T16:00:00+00:00,20.83562,87.24973,16.1,12.7,underway
V026,2026-09-09T16:20:00+00:00,20.89087,87.28723,13.0,187.2,underway
V026,2026-09-09T16:40:00+00:00,20.81264,87.26733,14.4,193.5,underway
V026,2026-09-09T17:00:00+00:00,20.72748,87.27436,15.3,175.6,underway
V026,2026-09-09T17:20:00+00:00,20.65297,87.26094,13.5,189.6,underway
V026,2026-09-09T17:40:00+00:00,20.63867,87.26735,15.9,1.3,underway
V026,2026-09-09T18:00:00+00:00,20.70936,87.2471,13.1,344.9,underway
V026,2026-09-09T18:20:00+00:00,20.78103,87.23225,13.1,349.0,underway
V026,2026-09-09T18:40:00+00:00,20.8609,87.19716,15.5,337.5,underway
V026,2026-09-09T19:00:00+00:00,20.87562,87.20449,12.9,150.7,underway
V026,2026-09-09T19:20:00+00:00,20.79191,87.22432,15.4,167.4,underway
V026,2026-09-09T19:40:00+00:00,20.70852,87.25186,15.6,162.7,underway
V026,2026-09-09T20:00:00+00:00,20.64215,87.30186,16.0,346.5,underway
V026,2026-09-09T20:20:00+00:00,20.71928,87.30978,13.9,5.5,underway
V026,2026-09-09T20:40:00+00:00,20.80102,87.30847,14.6,359.1,underway
V026,2026-09-09T21:00:00+00:00,20.87999,87.32725,15.6,205.0,underway
V026,2026-09-09T21:20:00+00:00,20.79636,87.29557,15.9,199.6,underway
V026,2026-09-09T21:40:00+00:00,20.70701,87.29589,16.0,179.8,underway
V026,2026-09-09T22:00:00+00:00,20.6387,87.26628,16.6,1.8,underway
V026,2026-09-09T22:20:00+00:00,20.70953,87.28508,13.1,14.0,underway
V026,2026-09-09T22:40:00+00:00,20.79916,87.30991,16.6,14.6,underway
V026,2026-09-09T23:00:00+00:00,20.87549,87.33655,16.3,209.5,underway
V026,2026-09-09T23:20:00+00:00,20.8259,87.27882,13.2,227.6,underway
V026,2026-09-09T23:40:00+00:00,20.78454,87.19925,15.3,241.1,underway
V026,2026-09-10T00:00:00+00:00,20.76721,87.13591,16.5,90.9,underway
V026,2026-09-10T00:20:00+00:00,20.76015,87.22355,14.8,94.9,underway
V026,2026-09-10T00:40:00+00:00,20.77429,87.30485,13.9,79.5,underway
V026,2026-09-10T01:00:00+00:00,20.76966,87.3803,12.7,93.7,underway
V026,2026-09-10T01:20:00+00:00,20.76538,87.40489,13.1,269.9,underway
V026,2026-09-10T01:40:00+00:00,20.74288,87.3315,13.0,252.0,underway
V026,2026-09-10T02:00:00+00:00,20.70464,87.25455,14.7,242.2,underway
V026,2026-09-10T02:20:00+00:00,20.6914,87.17697,13.3,259.7,underway
V026,2026-09-10T02:40:00+00:00,20.69756,87.15673,15.2,57.7,underway
V026,2026-09-10T03:00:00+00:00,20.74701,87.21279,13.0,46.9,underway
V026,2026-09-10T03:20:00+00:00,20.80572,87.28107,15.6,47.6,underway
V026,2026-09-10T03:40:00+00:00,20.87368,87.33938,15.6,38.9,underway
V026,2026-09-10T04:00:00+00:00,20.87673,87.33416,16.3,208.3,underway
V026,2026-09-10T04:20:00+00:00,20.80308,87.29179,15.0,208.4,underway
V026,2026-09-10T04:40:00+00:00,20.73892,87.24648,13.8,213.6,underway
V026,2026-09-10T05:00:00+00:00,20.6836,87.19519,13.2,221.1,underway
V026,2026-09-10T05:20:00+00:00,20.65968,87.19615,14.1,33.5,underway
V026,2026-09-10T05:40:00+00:00,20.71196,87.25038,13.1,44.3,underway
V026,2026-09-10T06:00:00+00:00,20.7731,87.29966,13.7,37.2,underway
V026,2026-09-10T06:20:00+00:00,20.8586,87.33533,16.5,21.4,underway
V026,2026-09-10T06:40:00+00:00,20.87552,87.3365,13.1,209.4,underway
V026,2026-09-10T07:00:00+00:00,20.7949,87.29218,16.3,207.4,underway
V026,2026-09-10T07:20:00+00:00,20.73522,87.23669,14.2,221.2,underway
V026,2026-09-10T07:40:00+00:00,20.66061,87.19467,15.8,34.3,underway
V026,2026-09-10T08:00:00+00:00,20.7274,87.23596,13.8,30.2,underway
V026,2026-09-10T08:20:00+00:00,20.7833,87.29292,13.9,43.8,underway
V026,2026-09-10T08:40:00+00:00,20.84167,87.34323,13.5,39.1,underway
V026,2026-09-10T09:00:00+00:00,20.85375,87.36658,16.1,225.7,underway
V026,2026-09-10T09:20:00+00:00,20.77243,87.32354,16.3,206.5,underway
V026,2026-09-10T09:40:00+00:00,20.7123,87.26298,14.8,223.5,underway
V026,2026-09-10T10:00:00+00:00,20.65125,87.21187,15.0,25.8,underway
V026,2026-09-10T10:20:00+00:00,20.74256,87.22487,16.5,7.6,underway
V026,2026-09-10T10:40:00+00:00,20.81387,87.22438,12.8,359.6,underway
V026,2026-09-10T11:00:00+00:00,20.88822,87.23838,16.4,166.2,underway
V026,2026-09-10T11:20:00+00:00,20.8075,87.28318,16.3,152.4,underway
V026,2026-09-10T11:40:00+00:00,20.74135,87.3351,14.7,143.5,underway
V026,2026-09-10T12:00:00+00:00,20.67627,87.36608,15.8,314.6,underway
V026,2026-09-10T12:20:00+00:00,20.73054,87.29021,16.1,307.2,underway
V026,2026-09-10T12:40:00+00:00,20.76281,87.20036,16.2,290.9,underway
V026,2026-09-10T13:00:00+00:00,20.79396,87.1394,14.2,103.1,underway
V026,2026-09-10T13:20:00+00:00,20.77053,87.22134,14.4,106.9,underway
V026,2026-09-10T13:40:00+00:00,20.77198,87.3151,15.8,89.1,underway
V026,2026-09-10T14:00:00+00:00,20.75284,87.39883,14.5,103.7,underway
V026,2026-09-10T14:20:00+00:00,20.73203,87.40018,13.8,285.2,underway
V026,2026-09-10T14:40:00+00:00,20.7368,87.31257,14.8,273.3,underway
V026,2026-09-10T15:00:00+00:00,20.76464,87.22051,16.3,287.8,underway
V026,2026-09-10T15:20:00+00:00,20.76339,87.13591,14.3,89.2,underway
V026,2026-09-10T15:40:00+00:00,20.78695,87.23049,16.5,75.2,underway
V026,2026-09-10T16:00:00+00:00,20.82066,87.29654,12.7,61.5,underway
V026,2026-09-10T16:20:00+00:00,20.85634,87.36381,15.9,224.0,underway
V026,2026-09-10T16:40:00+00:00,20.78358,87.32428,14.6,207.1,underway
V026,2026-09-10T17:00:00+00:00,20.69966,87.3058,15.4,191.7,underway
V026,2026-09-10T17:20:00+00:00,20.63915,87.25829,16.2,5.2,underway
V026,2026-09-10T17:40:00+00:00,20.72579,87.27083,15.7,7.8,underway
V026,2026-09-10T18:00:00+00:00,20.80842,87.29789,15.5,17.1,underway
V026,2026-09-10T18:20:00+00:00,20.88522,87.31339,15.6,198.6,underway
V026,2026-09-10T18:40:00+00:00,20.81545,87.29085,13.1,196.9,underway
V026,2026-09-10T19:00:00+00:00,20.7237,87.28657,16.4,182.5,underway
V026,2026-09-10T19:20:00+00:00,20.63865,87.27193,15.5,359.3,underway
V026,2026-09-10T19:40:00+00:00,20.71348,87.29051,13.8,13.2,underway
V026,2026-09-10T20:00:00+00:00,20.79066,87.32121,14.8,20.5,underway
V026,2026-09-10T20:20:00+00:00,20.86945,87.3468,15.2,214.6,underway
V026,2026-09-10T20:40:00+00:00,20.80417,87.29847,14.3,214.9,underway
V026,2026-09-10T21:00:00+00:00,20.73638,87.27219,12.9,200.0,underway
V026,2026-09-10T21:20:00+00:00,20.65416,87.22902,16.4,206.3,underway
V026,2026-09-10T21:40:00+00:00,20.64872,87.21781,14.8,23.0,underway
V026,2026-09-10T22:00:00+00:00,20.71714,87.23915,12.8,16.4,underway
V026,2026-09-10T22:20:00+00:00,20.80134,87.26116,15.5,13.8,underway
V026,2026-09-10T22:40:00+00:00,20.88356,87.26075,14.7,359.7,underway
V026,2026-09-10T23:00:00+00:00,20.89069,87.25214,15.7,172.2,underway
V026,2026-09-10T23:20:00+00:00,20.81213,87.26246,14.2,173.0,underway
V026,2026-09-10T23:40:00+00:00,20.72799,87.25719,15.1,183.4,underway
V026,2026-09-11T00:00:00+00:00,20.63913,87.25856,16.1,5.0,underway
V026,2026-09-11T00:20:00+00:00,20.72564,87.2785,15.9,12.2,underway
V026,2026-09-11T00:40:00+00:00,20.81447,87.29146,16.1,7.8,underway
V026,2026-09-11T01:00:00+00:00,20.88724,87.30641,14.7,195.5,underway
V026,2026-09-11T01:20:00+00:00,20.80845,87.25488,16.6,211.6,underway
V026,2026-09-11T01:40:00+00:00,20.75297,87.18749,15.1,228.8,underway
V026,2026-09-11T02:00:00+00:00,20.7221,87.14395,15.5,70.1,underway
V026,2026-09-11T02:20:00+00:00,20.75499,87.2231,14.6,66.2,underway
V026,2026-09-11T02:40:00+00:00,20.79586,87.30869,16.2,63.1,underway
V026,2026-09-11T03:00:00+00:00,20.83585,87.37937,13.9,59.0,underway
V026,2026-09-11T03:20:00+00:00,20.82649,87.38811,13.2,241.1,underway
V026,2026-09-11T03:40:00+00:00,20.77776,87.32315,14.0,231.4,underway
V026,2026-09-11T04:00:00+00:00,20.75161,87.24043,14.7,251.4,underway
V026,2026-09-11T04:20:00+00:00,20.7119,87.16958,13.9,239.2,underway
V026,2026-09-11T04:40:00+00:00,20.70968,87.14954,15.8,64.0,underway
V026,2026-09-11T05:00:00+00:00,20.74254,87.23408,15.4,67.6,underway
V026,2026-09-11T05:20:00+00:00,20.77338,87.31156,14.2,67.1,underway
V026,2026-09-11T05:40:00+00:00,20.79192,87.39865,15.1,77.3,underway
V026,2026-09-11T06:00:00+00:00,20.78419,87.40338,13.7,261.4,underway
V026,2026-09-11T06:20:00+00:00,20.75474,87.32234,14.6,248.9,underway
V026,2026-09-11T06:40:00+00:00,20.72048,87.25659,12.7,241.0,underway
V026,2026-09-11T07:00:00+00:00,20.66306,87.19777,14.3,224.0,underway
V026,2026-09-11T07:20:00+00:00,20.66182,87.19282,13.9,35.2,underway
V026,2026-09-11T07:40:00+00:00,20.74783,87.22425,16.3,19.0,underway
V026,2026-09-11T08:00:00+00:00,20.81326,87.26566,13.6,30.8,underway
V026,2026-09-11T08:20:00+00:00,20.89027,87.29168,16.5,189.1,underway
V026,2026-09-11T08:40:00+00:00,20.81269,87.25171,15.4,205.9,underway
V026,2026-09-11T09:00:00+00:00,20.73448,87.2205,15.0,200.6,underway
V026,2026-09-11T09:20:00+00:00,20.65014,87.21437,16.3,24.6,underway
V026,2026-09-11T09:40:00+00:00,20.71484,87.28072,16.1,44.0,underway
V026,2026-09-11T10:00:00+00:00,20.77506,87.3364,14.3,41.0,underway
V026,2026-09-11T10:20:00+00:00,20.82811,87.38715,14.5,240.2,underway
V026,2026-09-11T10:40:00+00:00,20.80518,87.29747,15.7,254.8,underway
V026,2026-09-11T11:00:00+00:00,20.80696,87.20649,15.3,271.2,underway
V026,2026-09-11T11:20:00+00:00,20.78601,87.13771,15.0,99.4,underway
V026,2026-09-11T11:40:00+00:00,20.7989,87.22892,15.6,81.5,underway
V026,2026-09-11T12:00:00+00:00,20.83344,87.31735,16.1,67.5,underway
V026,2026-09-11T12:20:00+00:00,20.83644,87.38162,15.7,235.8,underway
V026,2026-09-11T12:40:00+00:00,20.79541,87.297,16.0,242.7,underway
V026,2026-09-11T13:00:00+00:00,20.73528,87.23039,15.6,226.2,underway
V026,2026-09-11T13:20:00+00:00,20.68683,87.16479,15.3,51.7,underway
V026,2026-09-11T13:40:00+00:00,20.74456,87.22021,13.9,42.1,underway
V026,2026-09-11T14:00:00+00:00,20.82107,87.27213,16.3,32.6,underway
V026,2026-09-11T14:20:00+00:00,20.88957,87.29586,13.3,190.9,underway
V026,2026-09-11T14:40:00+00:00,20.8008,87.28292,16.0,187.8,underway
V026,2026-09-11T15:00:00+00:00,20.73491,87.24626,13.3,207.6,underway
V026,2026-09-11T15:20:00+00:00,20.64743,87.23291,15.8,188.2,underway
V026,2026-09-11T15:40:00+00:00,20.6453,87.22735,14.6,18.7,underway
